datetime,machineID,volt,rotate,pressure,vibration
2015-01-01 06:00:00,30,179.301174510987,441.944164718758,92.0103463489889,40.2191636162669
2015-01-01 07:00:00,30,153.255058035441,491.410481777045,89.4998463425265,33.4746235820328
2015-01-01 08:00:00,30,140.033472259679,420.347054107988,103.37489305909,37.4656267829881
2015-01-01 09:00:00,30,170.405073789007,436.359204329925,100.504392113863,41.7395131407994
2015-01-01 10:00:00,30,166.504586136709,407.256005131635,86.4299483514118,42.1375224394888
2015-01-01 11:00:00,30,146.521796276461,488.33204529349,106.626204310663,40.3952622824127
2015-01-01 12:00:00,30,169.015800316575,544.19405387822,91.1542401992153,35.4789157348688
2015-01-01 13:00:00,30,148.801145040849,421.792095347094,124.807885326137,40.6199142369527
2015-01-01 14:00:00,30,165.169456657211,373.644459396644,88.9065790766057,40.6994498964802
2015-01-01 15:00:00,30,151.460759226664,486.341692970626,101.298989606425,47.6446055272993
2015-01-01 16:00:00,30,162.47246027257,454.581122058403,90.3158366496557,36.9846512019984
2015-01-01 17:00:00,30,168.401296702285,480.233132967912,97.3503592715504,42.5106638398359
2015-01-01 18:00:00,30,188.689718974591,400.054309414598,96.5424782184212,40.7177057338626
2015-01-01 19:00:00,30,166.703701391766,486.796055120375,101.340583558045,41.8332444337189
2015-01-01 20:00:00,30,155.47277382053,397.651264409235,92.5060230419333,35.5669865253678
2015-01-01 21:00:00,30,210.383398271215,480.173065783542,90.5017569524944,28.9641522055203
2015-01-01 22:00:00,30,188.76135649846,400.416214977085,107.553650103125,37.5792283967436
2015-01-01 23:00:00,30,164.230528194707,574.84973350126,109.042570807393,49.3340863829612
2015-01-02 00:00:00,30,186.905498819594,440.159652175855,96.025698411629,33.0070649830638
2015-01-02 01:00:00,30,181.113150285629,479.086915634073,105.699047865222,38.9164927182826
2015-01-02 02:00:00,30,163.5322305447,385.390874682409,105.09596021944,36.2194114554329
2015-01-02 03:00:00,30,192.798943314725,485.587430058762,90.8772740434299,35.7554446791435
2015-01-02 04:00:00,30,175.848407144737,485.921900430761,95.027203735193,43.3326638182818
2015-01-02 05:00:00,30,153.308947772767,420.803800317633,85.8239158886468,44.1201796869631
2015-01-02 06:00:00,30,163.900852408424,426.020734769527,117.142969187256,34.9955657821591
2015-01-02 07:00:00,30,166.503976070314,370.128562443294,88.1470751771344,38.1271260443793
2015-01-02 08:00:00,30,166.699049033283,425.274774950357,105.844890600695,42.9776421106102
2015-01-02 09:00:00,30,153.015546315232,450.416077668309,84.6933780932858,44.6428683207422
2015-01-02 10:00:00,30,144.555491464214,492.992270542218,104.838192262289,42.8522926965212
2015-01-02 11:00:00,30,154.824232276826,546.504051420173,99.4236727058902,35.6171099540086
2015-01-02 12:00:00,30,176.484390310211,490.948699246025,90.412430281309,41.2092754015424
2015-01-02 13:00:00,30,161.561846935649,427.671837993937,99.658070691759,40.0489147031912
2015-01-02 14:00:00,30,168.548811359726,476.017275901497,97.7312118650982,44.3821973706319
2015-01-02 15:00:00,30,187.93574693411,443.723612228493,104.58554732275,41.2358913679132
2015-01-02 16:00:00,30,198.654367369858,451.529453338786,92.79070050882,31.8075046907618
2015-01-02 17:00:00,30,190.213936668857,471.429239582072,69.1822504490774,43.3157442498146
2015-01-02 18:00:00,30,174.748949723724,449.349275007294,97.9050632719274,36.8345987111346
2015-01-02 19:00:00,30,162.990152133689,423.606685925649,96.6521222160899,43.866452299025
2015-01-02 20:00:00,30,159.924096652569,388.473548498131,102.18060521366,37.6191070130784
2015-01-02 21:00:00,30,154.800295464489,419.91939650569,97.1935337795579,47.7469037255394
2015-01-02 22:00:00,30,183.530702966009,390.368296038201,101.361743881554,35.1641682459457
2015-01-02 23:00:00,30,151.156722398663,466.150879295227,87.217040019601,34.4827615231285
2015-01-03 00:00:00,30,183.677189111652,388.73078120386,107.800597299177,39.7914124262464
2015-01-03 01:00:00,30,162.359566983764,450.226787354968,101.786985704916,40.9084882314838
2015-01-03 02:00:00,30,155.922468447472,531.356230740696,102.329201195273,31.4676906372331
2015-01-03 03:00:00,30,169.832720489951,449.006095429741,96.7224152864388,34.9169767060006
2015-01-03 04:00:00,30,171.3129284591,507.192402023378,108.342671021308,55.5843855159365
2015-01-03 05:00:00,30,196.816700359559,416.157124423429,100.370360774208,37.1457832556195
2015-01-03 06:00:00,30,153.904027236097,464.291099147517,87.7797109146013,35.1639210297276
2015-01-03 07:00:00,30,177.618575242725,366.313429244002,103.380696039616,38.9928324856555
2015-01-03 08:00:00,30,159.603018730836,441.795432280661,118.724677095548,41.889663131142
2015-01-03 09:00:00,30,186.227453542429,410.31812181333,118.246016445193,52.0600567438224
2015-01-03 10:00:00,30,169.107290751597,487.705695500656,94.0587981993166,41.3198267926692
2015-01-03 11:00:00,30,152.571543965445,476.081673919464,98.3952305582546,41.0697504794593
2015-01-03 12:00:00,30,182.923699529609,487.499151325205,107.925724566855,46.3168937481334
2015-01-03 13:00:00,30,144.337047155491,463.301261587214,119.878865406314,42.1214254248816
2015-01-03 14:00:00,30,159.137350085928,443.52876407217,113.277375261337,43.6058137736157
2015-01-03 15:00:00,30,179.139942300584,470.888017768554,76.8226095807691,40.7840300654052
2015-01-03 16:00:00,30,148.197507634493,471.265652976915,120.810340152763,45.46568538725
2015-01-03 17:00:00,30,155.792778659394,448.973823068605,121.11957574754,48.082158122874
2015-01-03 18:00:00,30,185.045642109956,412.377855315831,97.2898361190133,46.585089939185
2015-01-03 19:00:00,30,151.826262074249,354.321801036621,115.030656136132,43.434172775664
2015-01-03 20:00:00,30,179.29286470813,570.829061242042,100.336068567065,41.8383216992624
2015-01-03 21:00:00,30,160.468057122284,415.000228936408,87.8977436459328,41.4553296013637
2015-01-03 22:00:00,30,159.253381789658,416.860225838543,131.767173497662,38.3745053943312
2015-01-03 23:00:00,30,165.926712072343,456.95074132342,108.013620661834,40.2687093734461
2015-01-04 00:00:00,30,160.971336774407,440.233759823188,108.783344152956,37.1468979213087
2015-01-04 01:00:00,30,150.619102445744,457.892498573544,102.036150590261,38.8412753602133
2015-01-04 02:00:00,30,151.855209597904,453.327994718366,105.798293619204,40.9217444171249
2015-01-04 03:00:00,30,194.097281206539,393.437222701344,123.076749356801,35.3044133814696
2015-01-04 04:00:00,30,138.55803811398,479.126712858976,86.8619278867094,32.4063617972737
2015-01-04 05:00:00,30,199.720678360839,450.463502339629,104.059138746554,29.3902148601181
2015-01-04 06:00:00,30,145.617579698881,462.816450685277,92.2683607049288,38.6938019300118
2015-01-04 07:00:00,30,178.200134384977,459.692178663939,107.236552638557,37.6970134651321
2015-01-04 08:00:00,30,173.861402024347,385.591795870936,109.732215695217,38.3801192424439
2015-01-04 09:00:00,30,159.407726154218,478.996609541944,100.767060548666,43.7042871259121
2015-01-04 10:00:00,30,189.194279093177,445.351199895353,87.7832617164697,42.9404450505193
2015-01-04 11:00:00,30,177.038121651792,438.008016931893,112.642356177743,39.5109604073437
2015-01-04 12:00:00,30,184.202455332916,456.883977356648,96.6376956045655,36.555877267397
2015-01-04 13:00:00,30,160.59269899169,469.793825876516,95.6007017722857,45.046357433356
2015-01-04 14:00:00,30,194.634403657862,415.868191683425,99.7884761490201,40.4819351667441
2015-01-04 15:00:00,30,173.878287494841,416.074112141566,92.7022776438308,37.7540303440965
2015-01-04 16:00:00,30,161.478406917779,389.539071500746,81.0923145320343,40.5478493525262
2015-01-04 17:00:00,30,183.760874230055,524.09309281182,82.8529632056334,36.2739947821961
2015-01-04 18:00:00,30,201.068478882025,442.650828097178,99.3589599503857,33.3528712118736
2015-01-04 19:00:00,30,167.852076338915,454.137717834767,92.8021348071987,39.3161884112109
2015-01-04 20:00:00,30,172.315053351363,403.141740816939,97.8928758673338,37.3446128196205
2015-01-04 21:00:00,30,179.156158270492,464.17598521394,91.1961210247329,41.0670937306296
2015-01-04 22:00:00,30,196.471132156995,409.447684942806,110.875737943596,40.9195123133551
2015-01-04 23:00:00,30,157.104629372069,426.994077425486,82.1479689377042,27.1836916495088
2015-01-05 00:00:00,30,175.483588101475,433.77719449913,116.26022844236,38.2328551804389
2015-01-05 01:00:00,30,179.738837429654,480.310071008969,95.5196745834565,27.0843099967007
2015-01-05 02:00:00,30,152.739869864157,530.79206639665,114.9739221852,37.5667176247432
2015-01-05 03:00:00,30,199.752497609849,466.403100732232,89.6098764343062,43.5895521503492
2015-01-05 04:00:00,30,151.88150386847,490.034279529852,102.553609193853,44.4091739827643
2015-01-05 05:00:00,30,177.020243590749,415.245570437713,87.3126948104773,44.9446719458991
2015-01-05 06:00:00,30,182.18633867766,454.754519443786,98.4227305223983,26.6834895079918
2015-01-05 07:00:00,30,182.82867929641,421.589679744146,84.5899176957852,41.7802255258114
2015-01-05 08:00:00,30,189.245563241129,387.735345013805,93.0777913879864,40.9492469388167
2015-01-05 09:00:00,30,175.860772267693,405.410646039396,100.39951793799,37.7397750597652
2015-01-05 10:00:00,30,146.2500708436,491.468322196715,132.227228305777,40.4591842718482
2015-01-05 11:00:00,30,180.257487215053,417.036395853057,100.381596951251,45.7467059244374
2015-01-05 12:00:00,30,173.521883599309,448.115953100341,79.4826754555793,40.2694531094869
2015-01-05 13:00:00,30,185.609341602178,514.519118090744,101.865839139338,47.4411558108892
2015-01-05 14:00:00,30,151.63109620295,440.206686797532,111.98386130588,40.3885027014387
2015-01-05 15:00:00,30,168.902307653777,423.855808926159,72.8678432630389,36.7159920555215
2015-01-05 16:00:00,30,174.234589800023,462.661033794684,90.7085713479586,48.410011693694
2015-01-05 17:00:00,30,192.506256857959,436.647903298988,76.0665936608015,42.8626626739326
2015-01-05 18:00:00,30,186.430757073667,508.792938958398,105.718424996723,28.8899073977678
2015-01-05 19:00:00,30,163.144874674446,411.23886138996,109.695396368423,42.2358505338536
2015-01-05 20:00:00,30,176.317689647838,451.288908637502,108.926353948841,36.1079002866989
2015-01-05 21:00:00,30,169.122779460628,460.467298991977,112.555379136224,26.9933796956805
2015-01-05 22:00:00,30,197.943872393557,434.791742945209,91.3503360744551,39.3710495932484
2015-01-05 23:00:00,30,174.568946949787,477.067271647962,115.002577985512,45.7638234331051
2015-01-06 00:00:00,30,172.272192736242,445.544334020583,95.7362165534347,42.8213683650209
2015-01-06 01:00:00,30,174.490429023354,440.564393833068,98.3366002970373,46.2123635459031
2015-01-06 02:00:00,30,163.487226181162,469.854154156333,99.2535249871395,41.7189253785067
2015-01-06 03:00:00,30,191.074508657873,358.531961618456,107.154425109299,48.6109094639098
2015-01-06 04:00:00,30,171.020947928398,450.180357095401,103.525013619641,36.787729947874
2015-01-06 05:00:00,30,180.792691448763,396.986774278576,120.677507328843,36.7057004233237
2015-01-06 06:00:00,30,178.366941347403,475.110605122362,96.3318474128253,40.7658228605715
2015-01-06 07:00:00,30,173.101683945908,459.340828218853,116.995985135822,38.7881241414504
2015-01-06 08:00:00,30,168.217983963462,466.758250398969,117.364760315281,33.3723620352428
2015-01-06 09:00:00,30,170.538546345917,488.841558442672,86.8211701524893,50.1132204717422
2015-01-06 10:00:00,30,156.306138909278,428.123023347174,103.287140073653,36.9750246584787
2015-01-06 11:00:00,30,168.907592108753,414.015142185447,95.6467116405172,45.8717955339576
2015-01-06 12:00:00,30,183.061659094057,484.926911513533,91.5348086733798,37.0305718623524
2015-01-06 13:00:00,30,169.873587262366,424.742041254127,108.37930920468,42.7063605597356
2015-01-06 14:00:00,30,162.623638703159,402.448631451767,117.830980116554,53.1638971662536
2015-01-06 15:00:00,30,171.828549073719,483.353676970995,109.6040477519,41.6401582159406
2015-01-06 16:00:00,30,173.763996052246,424.452393854646,114.5787255792,35.5708459798942
2015-01-06 17:00:00,30,152.259446059481,436.554148441112,91.3711653328611,41.7103195092257
2015-01-06 18:00:00,30,177.520302884772,518.022598885004,109.729664943326,49.2668665874868
2015-01-06 19:00:00,30,178.529393653193,474.629456763498,116.79496611419,44.8569635196702
2015-01-06 20:00:00,30,170.958200184802,375.89736930011,77.7501899978834,38.5843946492739
2015-01-06 21:00:00,30,190.511444431085,476.51087634538,91.4655958904611,35.1592110669094
2015-01-06 22:00:00,30,180.868840683745,455.088656992388,91.6220191918354,33.1857560277711
2015-01-06 23:00:00,30,146.700417981445,419.338841820939,89.8600759731768,38.6510456657612
2015-01-07 00:00:00,30,197.25521006797,437.531805896021,102.521940920641,42.542085338484
2015-01-07 01:00:00,30,148.270363318741,393.714993052106,89.6728709481107,40.7603921346755
2015-01-07 02:00:00,30,165.776597378177,517.138396245851,98.7972923263988,39.9635295177707
2015-01-07 03:00:00,30,153.911586709644,425.482171250021,111.416706357548,31.672059874851
2015-01-07 04:00:00,30,151.417793903185,503.748346469152,93.8240819922689,40.5857179324747
2015-01-07 05:00:00,30,156.310754501263,403.795044899697,107.360490113778,51.6110375918143
2015-01-07 06:00:00,30,165.12348793772,452.921673400349,85.0846409488119,51.2833486423764
2015-01-07 07:00:00,30,169.87135921274,447.872721793611,86.5672891225626,56.2239002742223
2015-01-07 08:00:00,30,137.077660782178,479.767693216453,111.69565164763,58.5231362398784
2015-01-07 09:00:00,30,186.064020516807,451.956234158183,102.51290686216,52.5794299770403
2015-01-07 10:00:00,30,180.970744289487,503.113837258048,109.277654580383,52.7514799697123
2015-01-07 11:00:00,30,159.245412199985,360.711637679665,77.1895352369714,41.8526325231388
2015-01-07 12:00:00,30,155.876080159124,477.379683217358,89.6269592625958,51.342994243589
2015-01-07 13:00:00,30,169.717524342325,443.595431112013,94.6254098407793,47.9649945939284
2015-01-07 14:00:00,30,175.096136216219,489.877054472297,107.137015304447,54.4687421923064
2015-01-07 15:00:00,30,151.053458385901,451.877390147189,103.422365951135,51.1009019841982
2015-01-07 16:00:00,30,182.695508421296,405.183223201396,89.1055742478474,46.3533042328482
2015-01-07 17:00:00,30,167.259311273058,509.406580059211,106.030290412501,49.6380167585435
2015-01-07 18:00:00,30,172.135017348902,409.302532663388,111.076328507421,47.8540594568965
2015-01-07 19:00:00,30,148.68389043058,501.198619213909,75.5380040782081,61.0873664876747
2015-01-07 20:00:00,30,148.433927607494,402.333832931161,111.452466819229,48.3605789880777
2015-01-07 21:00:00,30,161.325834395243,456.92847555491,112.839899896257,50.5229568483252
2015-01-07 22:00:00,30,176.666999627964,439.353953211088,109.807008959968,49.0480569882619
2015-01-07 23:00:00,30,183.538401844718,448.496743754145,89.0006471255885,46.3723680077013
2015-01-08 00:00:00,30,151.496104911018,511.120184731727,112.355508452079,43.6209090328459
2015-01-08 01:00:00,30,203.920649242326,501.082782204044,99.1609612367612,50.6462136239854
2015-01-08 02:00:00,30,187.43706924273,458.588769012652,83.4369501710622,53.3676505574296
2015-01-08 03:00:00,30,180.597813826732,466.177449442454,99.6467921845142,51.890915765117
2015-01-08 04:00:00,30,138.348344797132,483.074699693935,81.0837394559192,53.269769359216
2015-01-08 05:00:00,30,179.032914927668,452.472919486178,111.799921971155,49.8235047092627
2015-01-08 06:00:00,30,153.527334132324,390.265607106375,105.614339954757,44.6372680976346
2015-01-08 07:00:00,30,158.018530657882,564.444721483208,93.9412072357318,48.8048386538104
2015-01-08 08:00:00,30,191.057164115172,375.875742944763,96.5626240337884,43.8621414644787
2015-01-08 09:00:00,30,195.049262923616,479.959184308663,87.52331898968,53.9342425026132
2015-01-08 10:00:00,30,162.118662378216,363.642401512239,89.1082824121951,53.3122694179051
2015-01-08 11:00:00,30,181.735131873265,638.318184243664,116.576513483577,54.0764509118933
2015-01-08 12:00:00,30,158.427196151321,467.539692445383,97.5372006088883,50.8298493601721
2015-01-08 13:00:00,30,187.708548249302,467.843033495588,107.391728398512,40.3458767463501
2015-01-08 14:00:00,30,168.576052177855,423.720835214817,102.846480017692,50.8869436231413
2015-01-08 15:00:00,30,161.95851038989,535.143144590021,90.8101081842257,54.145357044113
2015-01-08 16:00:00,30,184.828891629763,440.540949218586,97.7722076906859,44.7895011318921
2015-01-08 17:00:00,30,170.657293180869,584.502269299906,109.480063344157,54.7709536088259
2015-01-08 18:00:00,30,165.422037621363,487.60126422705,94.0095946861782,54.225379597563
2015-01-08 19:00:00,30,152.49874719191,501.18050831399,104.445528747578,55.5692143164595
2015-01-08 20:00:00,30,183.117782333026,393.188368526821,101.980840580724,55.5039173698388
2015-01-08 21:00:00,30,171.284645823682,475.412780484651,106.098209978097,41.086096385424
2015-01-08 22:00:00,30,167.634934357132,412.769630841709,112.319674936488,56.0829216594988
2015-01-08 23:00:00,30,174.486490333508,457.278898018775,108.215108902975,52.2601226276992
2015-01-09 00:00:00,30,152.781544416273,494.922192266646,95.2418314179699,44.7586447468079
2015-01-09 01:00:00,30,158.083043203587,408.652037539892,96.264160136875,46.1095496327118
2015-01-09 02:00:00,30,175.993537095512,395.075872327946,100.483177695847,51.8612505104705
2015-01-09 03:00:00,30,197.413490631131,430.487988390987,104.100517634689,60.7245859970952
2015-01-09 04:00:00,30,163.729419919056,498.407047213209,111.739076927496,58.911307323296
2015-01-09 05:00:00,30,182.707023197061,393.536566406108,98.4092827473629,55.540686805773
2015-01-09 06:00:00,30,164.88828414819,457.104344781658,102.765787915692,53.4206891426658
2015-01-09 07:00:00,30,201.703794434363,520.881531379041,120.451704501013,36.4725338632259
2015-01-09 08:00:00,30,170.519980883545,502.444426652999,109.343672857583,42.8661396125603
2015-01-09 09:00:00,30,166.842181797888,565.402698614941,77.349369087804,44.2547703053955
2015-01-09 10:00:00,30,170.251168882275,413.267727536517,92.37083259889,38.574381800364
2015-01-09 11:00:00,30,186.939796348468,445.111767091252,104.557610639029,45.7707411802287
2015-01-09 12:00:00,30,154.791360303456,536.104440831517,90.1225982178134,45.4429509950047
2015-01-09 13:00:00,30,176.444566019304,454.86773278804,107.320616000959,45.8033881972719
2015-01-09 14:00:00,30,173.878282880622,468.371902390581,101.217363609146,42.284184620719
2015-01-09 15:00:00,30,195.766336065043,470.757253209589,109.516877682652,41.1447942640819
2015-01-09 16:00:00,30,175.767247993752,411.987153255587,90.4873787598555,41.9303603430848
2015-01-09 17:00:00,30,166.802126720479,442.690316263709,113.366298922415,47.6785927467813
2015-01-09 18:00:00,30,176.777578746009,405.079352989507,110.70430959144,34.3901086671277
2015-01-09 19:00:00,30,190.403843559068,548.688960062397,108.074944289766,40.3471616022581
2015-01-09 20:00:00,30,174.411643333329,493.230476570858,92.0141724910445,49.4040096168854
2015-01-09 21:00:00,30,149.566944091755,453.048793621874,98.3120146314933,43.4048313716759
2015-01-09 22:00:00,30,160.081674444309,397.076254705683,85.6036641915711,47.0078796108934
2015-01-09 23:00:00,30,165.0801085194,435.150446802119,108.660264372663,34.0326121967573
2015-01-10 00:00:00,30,168.904531567848,446.84597378584,94.8059253655779,39.4604019671651
2015-01-10 01:00:00,30,177.305030904725,430.817452012774,85.2660832987687,38.6272291824182
2015-01-10 02:00:00,30,185.536247573952,496.62922887855,86.5573064838455,39.7700159421471
2015-01-10 03:00:00,30,160.738109047991,482.109646792166,111.84014410381,32.1634937023412
2015-01-10 04:00:00,30,163.335949750868,456.294002423336,97.931376593933,45.3388080086723
2015-01-10 05:00:00,30,141.77809705087,418.596504822064,91.4750745776294,32.5821668478065
2015-01-10 06:00:00,30,142.441421463308,475.456994825476,107.574548171732,37.496775022105
2015-01-10 07:00:00,30,178.50418292862,404.380157518345,94.7465521448289,43.7204311937635
2015-01-10 08:00:00,30,188.830692951402,397.016452920773,100.304749183587,33.6775170066377
2015-01-10 09:00:00,30,179.34971832427,474.079457424475,95.8968686746836,40.1222504536195
2015-01-10 10:00:00,30,164.045818645181,394.218932435595,98.680713020703,44.5573419287088
2015-01-10 11:00:00,30,171.244927897569,438.325953496521,99.6256530254581,40.4653219292753
2015-01-10 12:00:00,30,166.995659620472,422.862459560714,94.6129298953308,44.34619426644
2015-01-10 13:00:00,30,215.011713804068,435.025841196283,94.7974250795247,33.4352795422728
2015-01-10 14:00:00,30,174.758219575203,475.470323519389,94.4845831057257,27.904283698307
2015-01-10 15:00:00,30,172.354681445297,521.245364317627,73.334106034477,41.7955061441156
2015-01-10 16:00:00,30,138.579639550777,435.141781686034,105.732749527891,43.7488935328663
2015-01-10 17:00:00,30,178.232174286788,443.43742511445,105.809312693647,36.604861016179
2015-01-10 18:00:00,30,158.332446243386,385.431627285489,106.421492997235,40.5452899651408
2015-01-10 19:00:00,30,182.458132064681,405.916769601157,100.298441504283,41.208575071429
2015-01-10 20:00:00,30,184.160350169601,469.551681537506,96.7895260350516,42.4314070054246
2015-01-10 21:00:00,30,135.442644708452,496.288023970158,91.1613660874823,40.393967951761
2015-01-10 22:00:00,30,179.039634188285,429.978451864059,101.431423132632,38.6713496474466
2015-01-10 23:00:00,30,171.082497539219,474.528993667743,104.998615314023,31.8198397479665
2015-01-11 00:00:00,30,197.08391639803,494.329260449627,92.2968108378453,38.7455604665401
2015-01-11 01:00:00,30,165.851114087599,468.60742444106,110.071551060942,41.860822810718
2015-01-11 02:00:00,30,180.173714930984,424.65909079506,108.025583449809,33.4310009961737
2015-01-11 03:00:00,30,174.690053939015,568.460867870842,96.0677560850127,47.4035457680477
2015-01-11 04:00:00,30,167.842754753996,444.421229341999,105.639161687172,43.2511248094564
2015-01-11 05:00:00,30,167.758955727033,422.028023843357,98.4216997682478,29.9185341406534
2015-01-11 06:00:00,30,180.210079761796,480.818211346637,106.603039470669,31.9515334610205
2015-01-11 07:00:00,30,154.238353372259,472.910399326777,109.392495297164,44.219505233947
2015-01-11 08:00:00,30,140.049932293054,447.252122285023,111.217897870238,32.3673150903574
2015-01-11 09:00:00,30,174.470077582897,440.073158099422,104.512785656742,39.7592211803697
2015-01-11 10:00:00,30,168.614975246861,346.151041598685,89.757119140446,38.790910448531
2015-01-11 11:00:00,30,189.218760999593,429.694611405514,76.4160436209524,39.1955965265935
2015-01-11 12:00:00,30,189.942766369021,546.746246984844,104.286539720734,41.4546771537832
2015-01-11 13:00:00,30,142.639250582636,460.410724654607,104.185835006856,47.3037791341183
2015-01-11 14:00:00,30,149.499335262264,410.161165434485,98.9617255205719,46.2616470509972
2015-01-11 15:00:00,30,178.770184242985,353.959620381211,106.127726205635,39.1522982733222
2015-01-11 16:00:00,30,193.918721885749,320.140180145816,106.205189677339,32.5548396518536
2015-01-11 17:00:00,30,197.35478431431,361.470250941619,91.6078875216564,48.9344079325182
2015-01-11 18:00:00,30,158.940901699215,431.942767085039,90.7511377682933,41.2065398965037
2015-01-11 19:00:00,30,167.268954382725,514.67723347575,117.433514046729,34.8176262992033
2015-01-11 20:00:00,30,179.936739291693,477.419066871567,104.248118343786,40.8148536971833
2015-01-11 21:00:00,30,164.408913265689,505.68765337808,89.7859122854981,41.9161803797561
2015-01-11 22:00:00,30,149.480922275331,445.762432559147,85.6472157569444,33.3389555403969
2015-01-11 23:00:00,30,169.721944219423,425.304447376574,107.150964253924,45.4455964439717
2015-01-12 00:00:00,30,178.488036129327,461.167986453311,107.959357754038,33.4231907097972
2015-01-12 01:00:00,30,161.141677607542,444.905950539891,100.469036930388,40.0620105981665
2015-01-12 02:00:00,30,174.751920121075,368.708402083976,112.992021295161,42.2464592157451
2015-01-12 03:00:00,30,192.55305111332,382.700675574459,104.497205698103,36.0386598655638
2015-01-12 04:00:00,30,148.445792153336,435.967325725963,105.012174573605,45.7423340292953
2015-01-12 05:00:00,30,165.36327193494,425.606381180405,116.818796955396,43.1498403723803
2015-01-12 06:00:00,30,143.584928659433,382.710480926364,92.7883375101214,47.585922762789
2015-01-12 07:00:00,30,171.876100788962,398.930987730246,103.554579881858,39.4834121347589
2015-01-12 08:00:00,30,186.805193142986,422.334491703243,90.4237791316141,38.4756197907177
2015-01-12 09:00:00,30,168.741483322862,366.082981979921,97.2819214160917,41.6541084799539
2015-01-12 10:00:00,30,190.475065604908,413.252791878916,95.9672796819351,34.9320881335875
2015-01-12 11:00:00,30,163.562912213885,428.798988765595,95.9452582521819,37.8340254534542
2015-01-12 12:00:00,30,172.240238480072,448.160574178753,108.296054630611,45.8927605136964
2015-01-12 13:00:00,30,144.146091455764,443.3811008406,105.783316498846,40.1845194539994
2015-01-12 14:00:00,30,209.13123883132,510.852726713341,124.851278203377,41.057231103068
2015-01-12 15:00:00,30,163.124073450079,457.30611354488,96.3761168116039,36.4220559518297
2015-01-12 16:00:00,30,153.53323820891,449.276392486788,89.3884883186129,41.5107577765105
2015-01-12 17:00:00,30,139.624229954151,471.121906173405,102.273972449976,36.3028037161358
2015-01-12 18:00:00,30,179.536757170564,534.509759584829,105.507061262656,42.7331637557256
2015-01-12 19:00:00,30,182.593910348051,396.345436039488,95.4177345600272,46.3104160417114
2015-01-12 20:00:00,30,148.399217590925,390.929877524218,82.4798009154491,39.861735399091
2015-01-12 21:00:00,30,166.55764861005,396.852198962021,97.0214543015227,42.9512521150234
2015-01-12 22:00:00,30,148.470121924356,358.909364459265,92.305525096035,35.6840549870398
2015-01-12 23:00:00,30,172.779683776509,402.73191966799,95.5935729384101,37.0945242788469
2015-01-13 00:00:00,30,165.522006850427,375.096228026849,100.192397681011,40.3081772045656
2015-01-13 01:00:00,30,170.592575648657,341.074521041991,92.3914921143213,34.6012670628357
2015-01-13 02:00:00,30,174.642744253885,393.424818530738,100.6666951744,38.185825626208
2015-01-13 03:00:00,30,175.627106101119,342.270149297318,105.112142296378,49.0918925406107
2015-01-13 04:00:00,30,165.104115802231,328.401688742465,105.142371932983,42.0248163824808
2015-01-13 05:00:00,30,182.224650440414,328.446563432115,88.4621724527426,58.9428248344478
2015-01-13 06:00:00,30,170.391262325272,357.153404014884,95.577894265642,52.1834793869057
2015-01-13 07:00:00,30,171.20506736399,360.718397244543,106.330220081654,51.3831583432312
2015-01-13 08:00:00,30,140.232707097936,410.579462898936,101.541245670309,48.9777826408285
2015-01-13 09:00:00,30,167.994453441518,311.272561779318,109.044630585954,45.4706714813083
2015-01-13 10:00:00,30,184.989695267007,361.214302183964,107.368066288176,49.4841094300628
2015-01-13 11:00:00,30,176.222815054251,421.4336070455,111.554698748185,55.8248061389947
2015-01-13 12:00:00,30,164.815010642027,443.842162692385,97.048679825665,58.4653901826095
2015-01-13 13:00:00,30,182.398512277869,399.184495113792,83.8441758949734,54.1982775056932
2015-01-13 14:00:00,30,155.950067692477,355.993771830384,109.829215268524,43.9675142278345
2015-01-13 15:00:00,30,172.411132648367,325.912760738228,97.9283124916359,53.9560475163339
2015-01-13 16:00:00,30,193.428236625646,439.088944584344,106.591264066746,54.9841112482192
2015-01-13 17:00:00,30,186.075038957172,284.709480884333,85.2076199460163,52.4263884421695
2015-01-13 18:00:00,30,160.359752593433,336.153277989837,91.403212132134,57.2700173804635
2015-01-13 19:00:00,30,151.746932410083,318.814263851168,89.0454218001611,53.1740085568756
2015-01-13 20:00:00,30,167.771935115194,380.337174419871,111.657160272313,43.0749117066754
2015-01-13 21:00:00,30,162.000029077659,397.869129353175,92.2005622381665,52.0893554031393
2015-01-13 22:00:00,30,167.378831657191,457.597953015764,106.542481796648,42.8769219572261
2015-01-13 23:00:00,30,191.744645416152,381.029223643138,72.6205967199341,47.6637940642193
2015-01-14 00:00:00,30,190.263612519081,400.228320095229,104.075710005004,52.86912381523
2015-01-14 01:00:00,30,189.411804914581,391.118401901647,94.4807929964449,50.6208754722045
2015-01-14 02:00:00,30,168.263810836881,402.621765516458,115.378154891623,52.6856640786655
2015-01-14 03:00:00,30,162.247670221209,438.563738226962,112.050896708093,49.934581108165
2015-01-14 04:00:00,30,165.983948402298,420.208826842634,99.2501574156248,43.0283309419792
2015-01-14 05:00:00,30,177.636725099901,376.748273639378,104.932795143472,49.1144654382358
2015-01-14 06:00:00,30,186.322166453948,419.729578459912,81.2051714248836,49.108971781593
2015-01-14 07:00:00,30,167.85579244317,456.106812182654,95.0961013926574,47.9266058396863
2015-01-14 08:00:00,30,132.201333468032,344.219457976011,92.6859484726572,52.500639246322
2015-01-14 09:00:00,30,137.05529286866,327.311240575079,83.5527036085718,49.2002300639767
2015-01-14 10:00:00,30,168.218292226432,327.405570815403,92.255637530482,45.2410878891862
2015-01-14 11:00:00,30,161.554637367724,343.032124741455,95.7425086134543,51.2202639620144
2015-01-14 12:00:00,30,166.037832199798,426.522613683911,104.953966967278,53.5601601319262
2015-01-14 13:00:00,30,182.253617727648,332.624401171204,92.3684755299519,47.5980422189958
2015-01-14 14:00:00,30,155.599589037119,369.59182487118,101.198933843879,57.7385079008184
2015-01-14 15:00:00,30,164.153014695649,357.400044866938,95.8054923781164,54.2112986277161
2015-01-14 16:00:00,30,167.794610863693,341.702851759807,103.6682879592,57.7920897318544
2015-01-14 17:00:00,30,166.126105804296,380.51298623561,106.771132504408,55.8137642130634
2015-01-14 18:00:00,30,173.323871580729,456.896967805928,85.8477580415273,42.7804020566463
2015-01-14 19:00:00,30,141.905588323579,372.708104914753,109.609265726318,53.6784694513915
2015-01-14 20:00:00,30,149.119872264287,568.047300501202,111.142830888749,54.5013019201183
2015-01-14 21:00:00,30,177.839417550317,364.516486977671,99.9318309576765,48.5146602350248
2015-01-14 22:00:00,30,182.500848446751,458.664276007769,94.2249792852473,54.3460732230882
2015-01-14 23:00:00,30,188.389529858638,437.540084184139,94.2144645836306,46.3035828002375
2015-01-15 00:00:00,30,168.367212226707,402.124353404608,95.9975698023007,53.4796917556445
2015-01-15 01:00:00,30,179.506824220039,410.885056019373,84.0794822645449,50.3427037364159
2015-01-15 02:00:00,30,188.070546927061,381.355329499004,105.579675004709,49.8745646113868
2015-01-15 03:00:00,30,151.16795667836,346.380057479713,93.9045548275632,51.0996855994593
2015-01-15 04:00:00,30,177.839351673971,470.245252794137,106.269311141613,34.3340905818358
2015-01-15 05:00:00,30,150.119032598414,425.030998690568,97.3085412715605,42.1363552460483
2015-01-15 06:00:00,30,155.615371992405,373.870604575587,107.777231727633,46.5745685635326
2015-01-15 07:00:00,30,160.202522466294,365.069953275411,100.705383355117,42.0594739429021
2015-01-15 08:00:00,30,208.378216115889,431.248352127505,119.99550438492,43.008097535367
2015-01-15 09:00:00,30,156.414959592752,477.171852089681,91.4460660919303,40.1436005749897
2015-01-15 10:00:00,30,157.923513331523,434.047233149961,96.5980951028002,43.137892717758
2015-01-15 11:00:00,30,166.885688896635,465.425302606003,87.6579682895073,43.5142014306372
2015-01-15 12:00:00,30,179.814839803971,429.946207842903,122.716988888614,37.8440520744033
2015-01-15 13:00:00,30,163.993660397294,414.919922406802,107.672452793242,35.0341593484975
2015-01-15 14:00:00,30,161.70807688544,324.77115231119,111.208951505992,40.9550904216382
2015-01-15 15:00:00,30,188.536301377271,445.759993211485,102.612580975882,36.919760262934
2015-01-15 16:00:00,30,181.76317326814,472.124016427246,104.615247362065,42.8897784630571
2015-01-15 17:00:00,30,173.795386372451,431.357101020479,106.306667063587,32.5091219535548
2015-01-15 18:00:00,30,188.655031351886,469.749707497737,90.9047503961842,37.9322739560709
2015-01-15 19:00:00,30,154.867039127535,337.172638632119,109.364114995778,46.3744808591407
2015-01-15 20:00:00,30,142.469396249391,509.804555062627,94.1687845916967,38.075083288305
2015-01-15 21:00:00,30,148.741137557348,408.32858787537,110.75461356234,42.7733931961804
2015-01-15 22:00:00,30,146.436093149738,393.712685834845,90.1743677462871,38.5642976750204
2015-01-15 23:00:00,30,143.899940807156,434.349315250999,110.928024232754,39.7684819876019
2015-01-16 00:00:00,30,172.480369191231,418.73040751473,93.7418593541464,37.0644459642203
2015-01-16 01:00:00,30,176.269950571546,536.155432150337,106.964505033842,42.9320218788173
2015-01-16 02:00:00,30,175.883934871943,480.946878047141,115.315555753944,48.9012453634438
2015-01-16 03:00:00,30,163.626133693007,427.099606882194,101.111940088926,40.7666207540187
2015-01-16 04:00:00,30,155.271225821473,445.027530343076,95.6590324448946,41.673067442065
2015-01-16 05:00:00,30,176.888251899568,392.549757077731,110.233631892968,43.7671042698866
2015-01-16 06:00:00,30,143.760250018132,459.716208607914,109.936951691423,47.1950794753291
2015-01-16 07:00:00,30,182.955011881036,380.359826257539,96.7895636388295,36.0198020654608
2015-01-16 08:00:00,30,187.062509849862,490.728999452128,86.5076328736441,42.9436136850648
2015-01-16 09:00:00,30,171.410235757836,509.090143664226,96.4757741793783,29.8966050150469
2015-01-16 10:00:00,30,173.616564905168,479.780979690606,94.4006181352665,34.3192963565227
2015-01-16 11:00:00,30,183.347842836719,527.52931320038,102.157056973427,33.6888310900894
2015-01-16 12:00:00,30,158.942383969291,481.340492521517,108.354634793704,39.3302706616477
2015-01-16 13:00:00,30,177.222685948202,497.942109896107,90.2857255824457,36.2163025659404
2015-01-16 14:00:00,30,187.775241797272,419.038046213582,76.3336980273036,45.9419653416953
2015-01-16 15:00:00,30,175.322992264426,474.69955025067,97.5697696180644,37.5543738788796
2015-01-16 16:00:00,30,168.421090214331,489.679823524678,87.419342139881,43.0804371847715
2015-01-16 17:00:00,30,140.592894217611,535.170465680812,110.64341882505,35.8871399107257
2015-01-16 18:00:00,30,158.507072822012,439.109159082597,104.191054989906,42.8897826382851
2015-01-16 19:00:00,30,170.212545766689,429.487240796194,97.9318086259917,32.1662835447236
2015-01-16 20:00:00,30,191.476456081252,429.721365756031,98.6044956924614,36.4953801188916
2015-01-16 21:00:00,30,182.867886559725,480.945611754345,98.9020434106911,41.8304529296804
2015-01-16 22:00:00,30,156.381317739175,505.325387177192,96.2301197468409,40.280218603981
2015-01-16 23:00:00,30,144.69683140346,456.280489192285,80.5703560393224,39.3498623190609
2015-01-17 00:00:00,30,163.485855490077,456.928798093318,93.903946185071,38.8226930858012
2015-01-17 01:00:00,30,129.294787527658,378.200159521539,92.6723092914512,43.8303487535388
2015-01-17 02:00:00,30,146.418966298432,425.348970003512,104.996301635392,52.8238393272303
2015-01-17 03:00:00,30,192.351949758366,511.398976273816,113.275935815714,38.9847183242732
2015-01-17 04:00:00,30,155.328603530776,399.139377893781,89.9211644841912,37.3110871398912
2015-01-17 05:00:00,30,181.414651047794,492.918929034831,93.4610384761593,43.3562494160499
2015-01-17 06:00:00,30,174.599916064999,387.253711165368,91.968198057582,43.5672476797153
2015-01-17 07:00:00,30,177.066728327713,395.097596484542,109.230283256736,40.2399258374369
2015-01-17 08:00:00,30,172.892271903742,390.519800428298,97.106301646297,45.4541664546641
2015-01-17 09:00:00,30,166.316259329375,448.792679947517,105.74444560652,42.5685468506164
2015-01-17 10:00:00,30,202.609438962354,343.643407972071,99.8970292503505,42.182347123531
2015-01-17 11:00:00,30,190.903397558382,428.06341298224,101.465916424609,38.0077505008079
2015-01-17 12:00:00,30,180.808035258451,393.498277196626,98.3927839380872,38.5438162999843
2015-01-17 13:00:00,30,158.659522418274,413.578517221706,105.129105569822,44.4966980162093
2015-01-17 14:00:00,30,142.916592760739,493.376045537945,91.6267826329142,41.1418189378258
2015-01-17 15:00:00,30,152.312772605486,456.649069753069,108.230768073775,32.0197829395972
2015-01-17 16:00:00,30,174.152313516176,450.798703090874,100.221827782047,41.600666445807
2015-01-17 17:00:00,30,180.574808117915,454.662957116148,91.3454319555656,40.4908530008083
2015-01-17 18:00:00,30,188.695863271002,476.750476173044,102.1882275113,38.7965188310288
2015-01-17 19:00:00,30,185.396563245556,488.238244341733,98.0411878005302,40.2955469185446
2015-01-17 20:00:00,30,148.391743920568,507.428672642677,93.9279810301371,45.3931163782828
2015-01-17 21:00:00,30,144.773353800804,458.196666962905,103.454929317161,31.6372857366741
2015-01-17 22:00:00,30,163.831920754939,445.959788243818,119.192793711079,38.49546066529
2015-01-17 23:00:00,30,169.942027631848,477.598911533854,96.3915522007298,34.3983360139652
2015-01-18 00:00:00,30,168.309640090932,453.629679741842,93.4800420834112,46.6099844460021
2015-01-18 01:00:00,30,199.896116591956,418.07668492294,93.6879093539722,39.5128040695805
2015-01-18 02:00:00,30,197.727132320145,385.666542939866,107.983537300286,46.7286354811556
2015-01-18 03:00:00,30,142.23466351182,385.1708336385,88.7905104052525,41.5289088913552
2015-01-18 04:00:00,30,174.749421029606,497.455237520501,88.9515283353001,28.3665610515993
2015-01-18 05:00:00,30,177.466294226463,444.775927785833,83.7369578930082,42.9868637517449
2015-01-18 06:00:00,30,129.665806300475,416.111542805696,104.914400498426,43.8877500500989
2015-01-18 07:00:00,30,171.039262806452,410.90594765164,107.649549891392,39.9170709932546
2015-01-18 08:00:00,30,168.893035866496,492.917259285105,101.172734173321,41.0911771353189
2015-01-18 09:00:00,30,157.052015375764,470.400002791825,97.6720134747976,37.9872732721473
2015-01-18 10:00:00,30,162.105917205007,436.210326171989,93.5620974564686,40.1816474422343
2015-01-18 11:00:00,30,172.664838151841,447.074917059073,111.818515778295,43.3920619587837
2015-01-18 12:00:00,30,151.521224648313,449.354380161757,87.8296632602594,41.0439826639369
2015-01-18 13:00:00,30,165.53226567352,452.717185801131,99.8539009456938,45.1775771263354
2015-01-18 14:00:00,30,182.450638781367,513.288586002499,83.9907954766395,48.3236027190998
2015-01-18 15:00:00,30,151.709020959118,455.955966002379,90.7782145760501,43.1491640911563
2015-01-18 16:00:00,30,164.497833747731,429.702593449112,98.3289419989378,49.3864036032857
2015-01-18 17:00:00,30,170.512378027406,416.131840398579,114.96107205363,38.4972292529755
2015-01-18 18:00:00,30,170.31072571154,448.572604749559,108.420919354724,39.5695978316093
2015-01-18 19:00:00,30,151.935233885624,303.065392427857,87.96450238241,29.3728796574185
2015-01-18 20:00:00,30,187.524399315905,463.785043775307,104.261535227916,43.7507494157373
2015-01-18 21:00:00,30,177.910477844133,395.68660793277,93.2720971263264,42.4694483661455
2015-01-18 22:00:00,30,132.030961992435,457.651957085517,100.213709678996,43.3536060040731
2015-01-18 23:00:00,30,188.140145287011,467.090071056386,94.8909964878069,34.891925013494
2015-01-19 00:00:00,30,172.192957123615,468.987902250579,115.655549438411,39.8641543129234
2015-01-19 01:00:00,30,198.665515117437,500.451916322515,109.764396660575,35.2701312022502
2015-01-19 02:00:00,30,189.248509735249,431.76095391688,95.9746254067844,38.792786355095
2015-01-19 03:00:00,30,165.142739899779,455.807239602096,110.562303486633,45.3220479303697
2015-01-19 04:00:00,30,164.279307221121,459.907794589937,99.1452261021238,42.7298261755163
2015-01-19 05:00:00,30,188.647574840397,404.41363106013,100.66131839008,36.3081078419594
2015-01-19 06:00:00,30,188.703268722254,428.961486281808,120.800675339462,41.811065786605
2015-01-19 07:00:00,30,163.338551500655,401.672122364388,92.0775449926686,49.6520111176343
2015-01-19 08:00:00,30,192.165650895265,459.194179380673,107.392991420193,36.1422408118669
2015-01-19 09:00:00,30,176.105061474886,407.44421772386,92.8106737264789,25.5024198211641
2015-01-19 10:00:00,30,197.694791665409,514.936055754889,110.905122767093,43.2525460928691
2015-01-19 11:00:00,30,181.025529606946,470.024636714512,85.7690654417647,49.5485460950366
2015-01-19 12:00:00,30,138.121058785986,490.216412151884,124.794966844734,39.2165538084642
2015-01-19 13:00:00,30,153.885610234271,452.797892237198,82.3846353246641,38.7203313402816
2015-01-19 14:00:00,30,189.098396774701,493.477346909087,73.8740265340455,38.8717395361668
2015-01-19 15:00:00,30,182.495870682477,509.840753539088,95.4874637763447,46.5612621782258
2015-01-19 16:00:00,30,153.950177716134,425.835549238254,103.169291715108,36.4647764396325
2015-01-19 17:00:00,30,184.696497068245,581.274782155527,99.0254247754913,41.7200745598678
2015-01-19 18:00:00,30,191.967031077045,479.96072931946,85.359532767391,39.5887000674853
2015-01-19 19:00:00,30,196.441067627835,474.053387088386,93.0642339623311,44.0260852329436
2015-01-19 20:00:00,30,168.944888343047,475.959551785015,91.1160236671446,35.4438574910015
2015-01-19 21:00:00,30,172.396479707598,392.985005638248,103.549174204669,45.850371159783
2015-01-19 22:00:00,30,178.265489554808,478.702253220433,100.71180074921,49.4792954990052
2015-01-19 23:00:00,30,163.969185906856,424.242125471342,114.504095115445,34.1185349805671
2015-01-20 00:00:00,30,154.499711294215,435.738830770217,89.091137054997,39.3107945512126
2015-01-20 01:00:00,30,201.190328851391,410.36611177563,95.5763205384232,39.8415916049432
2015-01-20 02:00:00,30,200.116216979761,499.779428645283,70.8701160552195,31.9088817195549
2015-01-20 03:00:00,30,179.998357465461,423.241962553703,98.6795040302947,39.2896405827232
2015-01-20 04:00:00,30,196.239078917193,411.219146303516,97.6148164326709,42.5179823644281
2015-01-20 05:00:00,30,152.777569265271,423.84854729371,106.996422387354,53.7803901764562
2015-01-20 06:00:00,30,175.138964765505,547.152428633034,78.730183386046,35.8367535526861
2015-01-20 07:00:00,30,170.75727594976,456.955698274073,97.5806897079263,33.1664115870187
2015-01-20 08:00:00,30,147.642049080776,502.378588302564,95.4951974578688,43.2533274715798
2015-01-20 09:00:00,30,163.706846375067,372.936650035657,108.328421170197,35.2352451387034
2015-01-20 10:00:00,30,164.849784673035,440.65325771185,98.433326387543,43.6582379318194
2015-01-20 11:00:00,30,167.353373480772,441.734143973413,85.6326494204311,38.6834756069844
2015-01-20 12:00:00,30,153.976888445426,376.742841005029,86.8503434932291,38.1742250874838
2015-01-20 13:00:00,30,159.346491090366,585.505088548844,96.7551950892206,44.1636983817962
2015-01-20 14:00:00,30,175.122617341461,441.424820251969,94.4580187789797,31.5553429249358
2015-01-20 15:00:00,30,174.953649446766,501.848824174777,120.218468952615,40.4781794939738
2015-01-20 16:00:00,30,164.746410770708,552.510271002237,103.492328585215,48.1918906859493
2015-01-20 17:00:00,30,183.521510679819,544.334695547809,102.072457784294,40.7152918902976
2015-01-20 18:00:00,30,165.888524263742,451.73407321132,98.5070473953856,48.9820336123657
2015-01-20 19:00:00,30,160.437091871664,482.618047718118,100.653348033431,45.1083288042782
2015-01-20 20:00:00,30,158.669296624028,517.019355387095,89.2612192133453,48.2453694673924
2015-01-20 21:00:00,30,187.918753118462,387.176056913237,106.825461369581,44.72017100804
2015-01-20 22:00:00,30,163.500168521578,420.507875581413,105.061712353937,40.647626854835
2015-01-20 23:00:00,30,185.85963697121,359.987751454658,103.168836355478,36.3800397959088
2015-01-21 00:00:00,30,180.475968811281,436.354548138436,87.0290640586607,38.1514927029597
2015-01-21 01:00:00,30,176.782732227372,591.664162147972,105.779527337298,50.2518350834232
2015-01-21 02:00:00,30,189.897111336247,544.241469281486,99.1989011397068,35.0432920638858
2015-01-21 03:00:00,30,166.089346061958,495.111222909409,85.5679480786758,38.3206688156463
2015-01-21 04:00:00,30,181.033345051751,415.16918936727,90.6338754275317,38.8735060333383
2015-01-21 05:00:00,30,139.175194345129,438.294422076608,93.1878922288206,34.6926517075589
2015-01-21 06:00:00,30,164.937264689922,404.269254835944,110.483245266622,45.896020874828
2015-01-21 07:00:00,30,171.043248219582,468.939343543612,106.551818644422,37.6356393914109
2015-01-21 08:00:00,30,160.243563173149,418.158806273736,82.4850726225121,38.2939618381797
2015-01-21 09:00:00,30,154.954985870537,417.878758140979,102.192473568159,31.9309909552425
2015-01-21 10:00:00,30,183.988540763341,426.168541601309,78.9396442196844,38.3809045867687
2015-01-21 11:00:00,30,182.168882401696,370.485763298073,93.2941812249648,44.6184056437609
2015-01-21 12:00:00,30,163.459252944887,399.012293190398,97.6514304887614,37.7547426663914
2015-01-21 13:00:00,30,185.80971054961,443.644496467498,79.0977640876751,42.5724010659974
2015-01-21 14:00:00,30,143.412957984306,383.497344533997,83.0485020597046,44.3159034997178
2015-01-21 15:00:00,30,159.682447351075,394.485519220821,103.290481606422,41.4710766392463
2015-01-21 16:00:00,30,162.814167948013,480.489944865032,95.2827270180751,46.0548231727653
2015-01-21 17:00:00,30,154.859782271725,364.268781707054,106.133037437978,41.056688925946
2015-01-21 18:00:00,30,161.793361801733,438.16430513442,98.9842494895055,41.2967837333893
2015-01-21 19:00:00,30,143.997353356901,424.038911529929,112.983106470866,34.3417602497272
2015-01-21 20:00:00,30,182.070511138101,441.923780270858,114.130232606646,35.4920033146792
2015-01-21 21:00:00,30,174.932691209186,407.014355451249,106.71868688791,39.5951374617509
2015-01-21 22:00:00,30,182.136277794602,491.272310517137,93.8803308818833,28.648931593802
2015-01-21 23:00:00,30,202.047230633613,406.891310100912,100.846290466117,38.6298788088855
2015-01-22 00:00:00,30,188.163879392048,391.145058828976,91.0927732895211,38.1470016415434
2015-01-22 01:00:00,30,131.98660068517,401.226127421618,96.7176612273857,32.9621464499419
2015-01-22 02:00:00,30,180.594567448229,443.096069450672,113.505250203659,43.1931553516345
2015-01-22 03:00:00,30,178.963808802633,408.32128329134,106.027630722777,32.8334580361273
2015-01-22 04:00:00,30,167.239501698653,481.16373398704,106.473029923537,45.1299939151752
2015-01-22 05:00:00,30,168.79736437107,376.751440739525,111.156172715763,40.5484720756441
2015-01-22 06:00:00,30,161.112295664828,420.929488045504,103.466151497078,36.6859731776963
2015-01-22 07:00:00,30,180.424249081447,508.976023035258,107.995482107989,46.1971483639458
2015-01-22 08:00:00,30,185.411997580062,438.419729989515,102.080992137916,32.6242120629453
2015-01-22 09:00:00,30,172.283587780948,396.048148383087,106.343450614488,34.8131241691832
2015-01-22 10:00:00,30,166.348822142149,429.894470026768,101.468166768661,41.3242305139617
2015-01-22 11:00:00,30,166.88211185837,410.202737509634,84.4918839034099,44.055279177737
2015-01-22 12:00:00,30,172.272563761602,310.725033566959,90.4826300784022,29.0078897224707
2015-01-22 13:00:00,30,179.073473436768,454.148321882274,99.4654041776066,37.1860249576693
2015-01-22 14:00:00,30,181.454434261164,466.841313031514,91.6228055944703,44.0433883089281
2015-01-22 15:00:00,30,168.600351957223,523.005011496792,93.5043650537798,39.2548049744868
2015-01-22 16:00:00,30,168.968512146729,384.65056525015,83.3503153698409,32.4802832672199
2015-01-22 17:00:00,30,179.595720632398,380.632661345635,92.7168765829786,43.6785805355956
2015-01-22 18:00:00,30,160.331235911125,450.411016116414,84.2951846372552,40.197801109747
2015-01-22 19:00:00,30,182.624901237446,415.438388908317,102.186252919745,34.894358675239
2015-01-22 20:00:00,30,163.844024446234,480.885040457425,92.2293032044257,41.3856591655965
2015-01-22 21:00:00,30,167.445712649358,464.722929765376,98.9533012433352,40.2856603599162
2015-01-22 22:00:00,30,170.812700517272,431.995684970091,97.4275551742117,44.7704747874946
2015-01-22 23:00:00,30,187.519028643303,447.707856264693,100.909887353351,41.6563933164351
2015-01-23 00:00:00,30,166.761167041227,441.658888055937,91.8287358393036,43.1338542239699
2015-01-23 01:00:00,30,163.845382545424,468.486135458942,84.1853831893067,49.4415332224674
2015-01-23 02:00:00,30,161.661679029024,425.734383672303,94.6304215761322,47.2337077351589
2015-01-23 03:00:00,30,174.899111375977,486.189974340079,103.520384584209,43.3798141156738
2015-01-23 04:00:00,30,149.187792194895,435.65510439912,99.4862793875949,36.8740575822032
2015-01-23 05:00:00,30,187.474988761864,478.266500816646,86.5824157532635,39.2894332731333
2015-01-23 06:00:00,30,169.953899907351,425.248940240891,92.6451475321645,40.4919324464927
2015-01-23 07:00:00,30,166.971706319056,543.849539257292,91.6617747418763,36.8649617741492
2015-01-23 08:00:00,30,162.332797912644,354.942875360151,94.0849667559136,33.7122506847804
2015-01-23 09:00:00,30,174.092650675021,461.780806898132,103.775205996652,38.2207649564598
2015-01-23 10:00:00,30,178.691377989394,451.487983450206,86.7695452662314,31.0494293473733
2015-01-23 11:00:00,30,164.650688173147,348.832330782971,108.427485057028,35.2188965754949
2015-01-23 12:00:00,30,169.825121736864,459.428340329638,113.246732110196,38.3893375242616
2015-01-23 13:00:00,30,181.696266999072,497.914228721778,106.120880255557,39.9537142544566
2015-01-23 14:00:00,30,186.454915037638,358.202096968544,96.3981761351835,37.5819569781165
2015-01-23 15:00:00,30,168.856517680625,457.061856342508,107.717375985191,36.3559773375468
2015-01-23 16:00:00,30,159.174564559598,461.116774005019,91.3532557772563,44.1178142923511
2015-01-23 17:00:00,30,157.875765271197,446.855849085271,90.3236226779633,46.6869361213133
2015-01-23 18:00:00,30,188.020646928748,572.48458773567,98.1234281612002,45.6485685391013
2015-01-23 19:00:00,30,185.903414580973,422.259329878157,102.516129672006,36.5703018945987
2015-01-23 20:00:00,30,183.538381298404,467.770192852215,107.58992431006,38.4378235203337
2015-01-23 21:00:00,30,175.932882182713,376.092004058992,97.2948668421373,38.4628625620862
2015-01-23 22:00:00,30,197.150517020744,438.435397282644,111.177219682094,46.0709560438795
2015-01-23 23:00:00,30,156.977967568679,468.868209922617,105.922663418844,43.2927729960429
2015-01-24 00:00:00,30,180.681589477071,458.216676804016,78.0652165784806,41.2366342651582
2015-01-24 01:00:00,30,181.751292669915,434.816831678663,105.364336591037,43.6420543055142
2015-01-24 02:00:00,30,167.764669768261,409.336933443578,94.4793900171202,41.4534127834973
2015-01-24 03:00:00,30,164.127125553334,528.347904153443,94.4969958496145,35.5970644994752
2015-01-24 04:00:00,30,161.434471274648,466.012499671979,110.679855182504,40.8105599803138
2015-01-24 05:00:00,30,167.913523542711,532.217085899389,115.364080378179,47.6703384886326
2015-01-24 06:00:00,30,178.692231781585,445.147161291723,91.4354335601526,46.7831484067181
2015-01-24 07:00:00,30,186.592693263432,393.917086290178,94.3513360183496,45.2813269502366
2015-01-24 08:00:00,30,152.200681355981,466.693814940607,108.84654125628,42.1075429294081
2015-01-24 09:00:00,30,174.810163053049,408.690555784339,92.0669629664612,32.8569485607186
2015-01-24 10:00:00,30,176.244093334201,439.221147710701,102.276498203811,47.2633643606332
2015-01-24 11:00:00,30,174.305161354174,455.208469954829,110.808759411824,42.4621778170796
2015-01-24 12:00:00,30,181.191014675614,479.585526494572,90.4668101350699,35.2042709055217
2015-01-24 13:00:00,30,174.36530586934,516.415336108057,118.659905378159,33.5824920356651
2015-01-24 14:00:00,30,164.048755287294,457.761104049685,110.854587332206,39.3507975853484
2015-01-24 15:00:00,30,189.936882016433,517.419456517475,107.439486178244,42.7438158362233
2015-01-24 16:00:00,30,183.965035977167,415.609653845456,76.0942768134067,47.8570893240194
2015-01-24 17:00:00,30,161.213701686242,426.634513648219,91.7097285119728,36.017042275615
2015-01-24 18:00:00,30,188.037651229597,383.840138443187,91.2360228400217,43.8010945543598
2015-01-24 19:00:00,30,186.863147668381,456.991305198758,86.0378978499045,34.6149745168988
2015-01-24 20:00:00,30,140.954333859077,521.422278669177,106.208767948781,29.8894410791544
2015-01-24 21:00:00,30,152.836503579012,418.660698910955,82.5158604775814,37.3683420806796
2015-01-24 22:00:00,30,163.44931330073,457.056594998763,96.4224280098775,45.1908056931992
2015-01-24 23:00:00,30,163.708807167709,470.172118902795,89.4370247447424,43.6264995925035
2015-01-25 00:00:00,30,179.043549019963,346.947620716405,97.2897224384622,38.5806578911544
2015-01-25 01:00:00,30,194.069185459248,362.648109956027,88.5908898489226,41.3524293441277
2015-01-25 02:00:00,30,158.280035035641,410.485034021359,84.9010877839883,34.9662351417776
2015-01-25 03:00:00,30,164.763260036665,480.412739353552,101.186071931023,41.7066917268966
2015-01-25 04:00:00,30,180.596955479188,556.678503780484,102.794025740269,30.8669696615054
2015-01-25 05:00:00,30,171.60728499655,480.135145584215,98.257205293456,45.2128843403682
2015-01-25 06:00:00,30,197.519462014953,457.562803342928,114.629776283783,42.2448469126086
2015-01-25 07:00:00,30,184.903702790873,441.383085373659,102.456778656717,33.1602146106934
2015-01-25 08:00:00,30,161.151796202642,409.245795393491,111.074639723033,41.4268437452294
2015-01-25 09:00:00,30,169.646181758215,344.763638853373,94.5435593563827,41.6506171416097
2015-01-25 10:00:00,30,142.934983112755,448.779922789374,93.6683014282222,38.5714011756115
2015-01-25 11:00:00,30,209.471734504051,447.129415848439,99.0049400771382,37.1389444245397
2015-01-25 12:00:00,30,168.037754915697,533.364271521723,89.5620654493427,38.1003209369389
2015-01-25 13:00:00,30,186.233363939694,440.826685093462,94.686651905083,44.8007826514563
2015-01-25 14:00:00,30,166.686836251801,401.230274544854,94.8923239810155,44.7455881950643
2015-01-25 15:00:00,30,160.145298483895,464.147432688118,91.9200753380868,38.2646817153388
2015-01-25 16:00:00,30,166.213069772439,497.499553630393,85.0496944041369,45.8697121838931
2015-01-25 17:00:00,30,168.902222926831,426.643169264718,97.6778973609085,38.3539979765491
2015-01-25 18:00:00,30,160.65808068952,369.883352822033,117.081194394016,42.8601988407053
2015-01-25 19:00:00,30,161.684736974629,359.11720146955,88.0393806511486,44.3722966779979
2015-01-25 20:00:00,30,137.939162613283,448.727874167723,96.469534036921,36.8774994305606
2015-01-25 21:00:00,30,177.097884952861,479.787405589311,82.1229643107952,34.3945332339041
2015-01-25 22:00:00,30,138.922177712099,413.883153803282,109.011858696227,39.7910793034332
2015-01-25 23:00:00,30,167.274803196409,477.957557584538,94.0351022860024,43.4453377360005
2015-01-26 00:00:00,30,208.026997544057,478.132826697215,98.9608367638118,46.3702862915061
2015-01-26 01:00:00,30,183.65560904348,441.915908897928,82.7886499263692,39.8350401075136
2015-01-26 02:00:00,30,166.249452602015,391.632773471445,96.9738686279119,46.6597249160305
2015-01-26 03:00:00,30,183.380958004312,487.915566069997,98.4198871125596,49.0566051198462
2015-01-26 04:00:00,30,185.602407859567,462.02789163936,103.811375622957,34.4604376591271
2015-01-26 05:00:00,30,174.317236459213,418.747862156899,115.80157227448,38.4613537987631
2015-01-26 06:00:00,30,174.975320016157,453.452043384201,89.024867476598,38.1766625451653
2015-01-26 07:00:00,30,126.361396831938,477.114107874268,87.7346550547089,42.2801400576131
2015-01-26 08:00:00,30,178.498301817155,482.492509469162,96.0492246976534,37.0665289456304
2015-01-26 09:00:00,30,167.187132797047,426.446218902465,114.754899145423,35.2242583829905
2015-01-26 10:00:00,30,163.86690412594,423.274329079649,91.2466614458214,32.4340529324974
2015-01-26 11:00:00,30,177.791035139105,422.856363929393,113.318103323516,41.8025083131868
2015-01-26 12:00:00,30,173.45985464674,437.648599718769,118.884923089548,30.357750414429
2015-01-26 13:00:00,30,183.707018390125,454.378787111022,87.3429569487712,35.5832429407608
2015-01-26 14:00:00,30,174.8540742263,336.183922470753,104.356163775143,40.2660518622011
2015-01-26 15:00:00,30,145.435092177933,422.139337963149,109.938916389305,38.3241780689724
2015-01-26 16:00:00,30,181.35926258973,471.579577689687,112.857904387741,47.2770468818479
2015-01-26 17:00:00,30,178.442021346606,354.435102527843,101.264020900171,40.3037037782783
2015-01-26 18:00:00,30,150.728246222307,502.477373113525,81.4879150161826,41.1904931910697
2015-01-26 19:00:00,30,180.362046213713,545.017414006025,111.816051250164,32.5809186098265
2015-01-26 20:00:00,30,157.909701518148,467.127414765168,100.98232815236,39.2689200871969
2015-01-26 21:00:00,30,153.097241491162,381.905194423274,98.475294785397,47.3264492455732
2015-01-26 22:00:00,30,164.989868979885,502.656411402862,114.900424092509,29.5766442706641
2015-01-26 23:00:00,30,133.336633904839,373.206330879316,117.335549143075,40.4293920509809
2015-01-27 00:00:00,30,138.463893959318,492.682692292165,101.275360234643,41.108402758047
2015-01-27 01:00:00,30,194.817399367193,377.838448962497,99.2878640614675,33.010190272738
2015-01-27 02:00:00,30,150.120536395058,427.550806086799,108.759787731685,43.9874501028158
2015-01-27 03:00:00,30,158.434613377444,528.152842787784,106.562166029691,36.0973312820956
2015-01-27 04:00:00,30,178.611123782497,425.447920276529,95.3744886097672,32.5667936113857
2015-01-27 05:00:00,30,165.151669752385,414.517601198683,93.8692413172021,43.1072479220125
2015-01-27 06:00:00,30,155.319380410122,417.081311370482,104.981749118202,28.97464779631
2015-01-27 07:00:00,30,183.195368975487,480.938905386257,104.946460358965,38.3792939130257
2015-01-27 08:00:00,30,154.932347877364,410.557943985597,91.0799976830681,38.9476731943832
2015-01-27 09:00:00,30,189.814104558968,460.017509332327,100.467054002917,38.9059419549423
2015-01-27 10:00:00,30,163.187011224666,517.923825040194,90.0579405207982,33.9921544238537
2015-01-27 11:00:00,30,192.348740924231,465.68610376823,103.499678660488,48.7042680672507
2015-01-27 12:00:00,30,188.647136516527,478.882121712597,85.7307905129005,47.1937366121348
2015-01-27 13:00:00,30,144.948817064419,463.426757765919,78.4928002481487,33.6389331849174
2015-01-27 14:00:00,30,158.469049468086,507.08347329572,94.5696038807001,26.8683443192713
2015-01-27 15:00:00,30,190.513361515514,428.699761643862,93.3633230991592,38.4795777504806
2015-01-27 16:00:00,30,171.62637881329,446.979065565972,99.3499815995943,50.3395753401235
2015-01-27 17:00:00,30,196.058903188638,434.952664490387,95.9084223899055,41.8470515289975
2015-01-27 18:00:00,30,176.185929582646,447.064193802496,108.649097288288,41.1000264440085
2015-01-27 19:00:00,30,200.110643331553,484.103433667342,98.7424187964602,34.0409122728723
2015-01-27 20:00:00,30,161.728655961742,344.237995195876,87.3775792074738,38.7366489690476
2015-01-27 21:00:00,30,159.475738133029,480.133986612219,108.96502923365,43.087683724848
2015-01-27 22:00:00,30,190.437481708566,413.898942466398,95.6036739435924,40.7841209711995
2015-01-27 23:00:00,30,142.101269609315,523.591663383056,112.176359927136,36.58819075108
2015-01-28 00:00:00,30,174.558567337134,403.528033411858,108.07615498809,43.8417448784666
2015-01-28 01:00:00,30,170.755070039512,406.906577561759,75.1751702496143,33.0457686060288
2015-01-28 02:00:00,30,180.216477778298,542.022074623408,92.3182620229214,43.0078993814981
2015-01-28 03:00:00,30,179.178026582133,358.539699522819,119.463238178992,47.94251132534
2015-01-28 04:00:00,30,159.289891971512,445.203766896054,91.0436387166285,35.9115774908705
2015-01-28 05:00:00,30,160.109904511832,497.463386345775,96.2688462764802,37.4500911798309
2015-01-28 06:00:00,30,177.299836736116,453.453613004203,102.884202344254,42.7955776162325
2015-01-28 07:00:00,30,157.409645043763,398.144486748508,86.514421064006,39.4014215945844
2015-01-28 08:00:00,30,149.184737511698,393.239903680554,111.538918887449,42.2893803730868
2015-01-28 09:00:00,30,167.787511698637,477.676584169138,97.3981455357079,30.4926894950593
2015-01-28 10:00:00,30,165.132223239095,336.773704169867,113.680507116317,41.7483426253816
2015-01-28 11:00:00,30,182.709217403407,436.214368666108,97.2800845693024,47.5106543228525
2015-01-28 12:00:00,30,156.998877903095,423.782586262442,94.6252709712091,43.3366723276265
2015-01-28 13:00:00,30,173.874695979777,363.594810600495,88.8329182074687,41.6958391054409
2015-01-28 14:00:00,30,169.215629536482,541.055571137726,98.7411259800748,43.3484560063734
2015-01-28 15:00:00,30,169.714503349767,450.294823159716,100.910718460217,47.8257485995129
2015-01-28 16:00:00,30,171.590956926458,386.818097669156,103.689842197146,39.3933593490233
2015-01-28 17:00:00,30,170.430979942733,395.548707333078,111.457610246185,35.4840175718346
2015-01-28 18:00:00,30,178.50698091812,489.544075987552,118.375001811452,45.312099355975
2015-01-28 19:00:00,30,183.37696599265,257.623357169918,101.673575611784,37.4019972009849
2015-01-28 20:00:00,30,158.918253672906,483.311652043338,85.0308679522367,45.7025227374152
2015-01-28 21:00:00,30,177.107408882894,472.042186919752,106.920136217107,42.3737500252178
2015-01-28 22:00:00,30,143.050134168456,496.130652219749,118.570161633905,43.6410685055681
2015-01-28 23:00:00,30,174.005611260926,436.954780412252,96.0647697534825,46.5636080445303
2015-01-29 00:00:00,30,190.961384374727,486.698918330772,100.944334622347,48.5332485136003
2015-01-29 01:00:00,30,151.074252821622,384.469088734915,78.4775679893026,37.8322050604772
2015-01-29 02:00:00,30,189.934857563435,473.571722460372,103.436477064419,34.0433509465109
2015-01-29 03:00:00,30,157.517115536077,411.071757481687,81.9550612807999,42.0361376536956
2015-01-29 04:00:00,30,174.215632271961,471.040843829607,108.546108238842,45.5219881688043
2015-01-29 05:00:00,30,173.736518014899,486.183426433756,104.415459487604,44.3715416350184
2015-01-29 06:00:00,30,171.564279889037,327.75206958822,95.6154952693503,44.0307504262041
2015-01-29 07:00:00,30,175.552223155339,495.035971901329,93.8595856478006,50.0491825664182
2015-01-29 08:00:00,30,190.875703521748,476.107069742578,99.3191106606197,45.1434380566049
2015-01-29 09:00:00,30,170.733787694554,418.272280015749,105.12847752972,35.4688193961753
2015-01-29 10:00:00,30,154.563535981099,466.480383107982,92.2745573151628,38.0038693141886
2015-01-29 11:00:00,30,177.474579255171,546.776634862276,82.9399718307341,39.8205595146426
2015-01-29 12:00:00,30,151.65085252784,469.256406402992,98.9283870225293,38.9434123973106
2015-01-29 13:00:00,30,150.51389291225,421.677190161139,111.658840250118,43.4476939281554
2015-01-29 14:00:00,30,157.224669096422,456.779796452572,113.015546486051,45.1697659116741
2015-01-29 15:00:00,30,178.504524785396,372.622848297605,104.80289991347,39.5634187170404
2015-01-29 16:00:00,30,156.243493621543,421.585270870815,103.638205592998,36.3341104478759
2015-01-29 17:00:00,30,149.812467262744,548.641222842311,80.3467719659043,41.0616696204604
2015-01-29 18:00:00,30,164.635794345504,429.917181970021,96.6755520111298,24.5075522390166
2015-01-29 19:00:00,30,161.833464301421,428.518653993432,103.410140725526,42.7122430798011
2015-01-29 20:00:00,30,169.037598658881,442.659232122998,81.2045666247732,37.06351768491
2015-01-29 21:00:00,30,147.161618113647,503.146085185214,80.2158681926469,43.9288088134506
2015-01-29 22:00:00,30,168.868856753488,432.048621793194,99.7658516525087,32.7274905680511
2015-01-29 23:00:00,30,156.664406091067,420.136423765035,112.402712497022,43.6906367905932
2015-01-30 00:00:00,30,152.838987372475,351.463037240867,92.0826502361108,49.9348364006048
2015-01-30 01:00:00,30,160.935212122038,452.159166034134,86.2891046949041,46.119278615644
2015-01-30 02:00:00,30,191.571783464742,389.226113654565,99.0132542316122,21.0461684471336
2015-01-30 03:00:00,30,172.610670951003,467.457634820189,113.700217294072,41.750861213652
2015-01-30 04:00:00,30,145.637927863991,423.079258471176,98.096743835196,30.5402475495907
2015-01-30 05:00:00,30,159.137722057577,543.354346453376,97.682178966259,35.851025464061
2015-01-30 06:00:00,30,168.411550608376,363.630851890087,109.569404842764,34.1762572456345
2015-01-30 07:00:00,30,142.222181700137,472.454855504996,86.2043476995182,38.080898111888
2015-01-30 08:00:00,30,162.133405656224,535.519327109335,110.358178619227,43.3439817746948
2015-01-30 09:00:00,30,175.839049947648,396.487820051405,108.088425338372,42.1125342086942
2015-01-30 10:00:00,30,157.583756095385,522.282843768492,93.1787599793093,39.3142458656086
2015-01-30 11:00:00,30,163.836363547912,385.976495797595,94.597668688544,41.4210999933301
2015-01-30 12:00:00,30,158.878531254286,467.683506110677,96.1320504765958,40.7839788181908
2015-01-30 13:00:00,30,189.823835433891,453.981888053703,98.43242339034,47.6808210539762
2015-01-30 14:00:00,30,188.11425663915,517.590937755318,99.4193344381722,43.009199143121
2015-01-30 15:00:00,30,167.537276627432,428.957861887968,103.844935842745,44.8273445091384
2015-01-30 16:00:00,30,174.344945654972,488.589733494748,91.3458775062539,46.1598906157798
2015-01-30 17:00:00,30,163.081271354934,465.077530918809,100.603239299586,37.8789912111758
2015-01-30 18:00:00,30,165.337603997342,437.206702533911,97.0116725777352,41.7555898187732
2015-01-30 19:00:00,30,177.829802292792,488.964055108641,88.0395320480174,23.9208602082274
2015-01-30 20:00:00,30,197.553473391736,422.600447183521,99.3981432870152,40.0769961638904
2015-01-30 21:00:00,30,175.622236926709,395.464011106453,96.6967821514219,34.4343477459425
2015-01-30 22:00:00,30,163.0499416573,477.162733477941,99.8338987744445,36.9547760316438
2015-01-30 23:00:00,30,169.850345588837,434.22444832866,103.84661529384,37.7550512168572
2015-01-31 00:00:00,30,177.142517124405,483.067325276004,119.611614670828,48.2472743589102
2015-01-31 01:00:00,30,135.722619723847,487.791561906496,104.324927545179,39.7609950306915
2015-01-31 02:00:00,30,202.231312056797,474.974473907296,108.089235112331,39.4197942961513
2015-01-31 03:00:00,30,169.918111129993,539.702754463186,116.827506888632,42.462100356531
2015-01-31 04:00:00,30,164.279085313123,361.622261698453,95.0612227659779,39.790195543289
2015-01-31 05:00:00,30,143.756519632741,393.947352759947,102.177686323947,36.318805085699
2015-01-31 06:00:00,30,151.275059648063,450.713032878648,110.443611952748,36.5496865608758
2015-01-31 07:00:00,30,179.492020062486,505.293783770822,111.164525814547,37.1940168737231
2015-01-31 08:00:00,30,155.872657125217,472.068950156743,98.9667762983135,39.2021654088564
2015-01-31 09:00:00,30,174.704734186419,465.751973072086,86.9838586178548,43.296370525292
2015-01-31 10:00:00,30,162.459920592494,538.927954769448,81.222897721342,39.2171892133065
2015-01-31 11:00:00,30,199.438762284065,500.147462391176,107.576445720517,41.0557590505698
2015-01-31 12:00:00,30,163.556401442476,449.137679178189,101.87713910596,41.0290332395386
2015-01-31 13:00:00,30,183.389716690959,458.430695363262,98.8039703873727,41.6498040193554
2015-01-31 14:00:00,30,158.223105313341,458.263535979362,99.867043447983,48.598251962466
2015-01-31 15:00:00,30,154.754663001969,494.268665255209,99.2090085007939,29.7607044687643
2015-01-31 16:00:00,30,205.529168168169,447.943407402372,109.554701227627,38.5110683539298
2015-01-31 17:00:00,30,157.684460353683,396.640700671063,85.5552426478523,36.9128528649754
2015-01-31 18:00:00,30,156.494896993982,417.943209835295,102.761591812092,34.9424584968169
2015-01-31 19:00:00,30,177.239230800752,467.221137790498,102.714943003026,46.5362593521584
2015-01-31 20:00:00,30,170.275277168113,509.133020536295,116.735371155464,35.7393857572728
2015-01-31 21:00:00,30,195.914722864439,448.389312010693,92.8059478419245,33.7109578029216
2015-01-31 22:00:00,30,158.757506849989,424.900435037317,109.013191194623,34.9374057789349
2015-01-31 23:00:00,30,159.772544708574,467.285143837431,99.8196167066022,41.8468729120272
2015-02-01 00:00:00,30,164.139391987515,453.113865978277,106.678234734752,36.4780180301505
2015-02-01 01:00:00,30,184.552529833392,442.43794375269,98.8645169719431,35.0959023065221
2015-02-01 02:00:00,30,154.766199566859,409.486736956134,103.500970294477,40.8987600711096
2015-02-01 03:00:00,30,155.611517384158,502.03353240971,83.9843104286599,36.1346055282457
2015-02-01 04:00:00,30,180.889397167388,407.493426611371,107.067515435662,34.516912943881
2015-02-01 05:00:00,30,145.484439233314,412.694512269582,97.3738737207027,33.7153571987737
2015-02-01 06:00:00,30,151.115666724993,367.259494655092,102.732070686916,33.3524872573093
2015-02-01 07:00:00,30,181.211058495699,439.94515352081,94.4640315105882,31.2191929403674
2015-02-01 08:00:00,30,158.930895499975,443.235363773643,97.0820888608252,49.6821817794845
2015-02-01 09:00:00,30,149.174971634896,389.301945550765,85.9529301472686,45.2070092121775
2015-02-01 10:00:00,30,220.357950200648,433.687840285969,117.956856117932,48.2853508026155
2015-02-01 11:00:00,30,163.870038148109,472.79937671571,101.663003738089,37.9744392187244
2015-02-01 12:00:00,30,200.042709307617,429.234190473292,110.549492445294,39.9962703404095
2015-02-01 13:00:00,30,163.963239307783,499.708173661037,95.769308649217,40.3263662905027
2015-02-01 14:00:00,30,157.931934703955,561.67325524927,101.352541564483,40.679732028896
2015-02-01 15:00:00,30,151.33744535125,477.871644448253,106.99778117445,34.353722761499
2015-02-01 16:00:00,30,191.607245135454,453.3010543792,94.5353440201106,41.6950150664809
2015-02-01 17:00:00,30,182.017854334143,500.760818649504,103.062744976737,34.5279278952881
2015-02-01 18:00:00,30,167.520192586432,427.564012227914,101.07237423864,39.5169349098244
2015-02-01 19:00:00,30,177.525035482432,401.336648966384,85.6198819286357,37.8677053511798
2015-02-01 20:00:00,30,169.926550069557,456.009352150093,88.2437420801643,41.8822126078093
2015-02-01 21:00:00,30,166.676040489971,413.910294527414,101.967393691188,44.3290461095135
2015-02-01 22:00:00,30,174.144983557119,437.398570894806,115.814282009357,37.571187010604
2015-02-01 23:00:00,30,175.148622744792,531.777041038646,90.7429276985389,39.8830315619124
2015-02-02 00:00:00,30,191.173829535844,412.481473289939,87.7081001287656,34.2596808357315
2015-02-02 01:00:00,30,166.808724310012,414.27682470341,108.465222393889,43.6960420103846
2015-02-02 02:00:00,30,171.830265264865,434.615533922467,104.378314373996,48.0611001775944
2015-02-02 03:00:00,30,195.014767438711,425.002296068306,96.7650266783188,34.413438880732
2015-02-02 04:00:00,30,154.940925988144,458.767412084014,111.964078288888,37.4051943673521
2015-02-02 05:00:00,30,182.939771879987,410.913250827673,110.005484850498,41.9171795232502
2015-02-02 06:00:00,30,182.55621049213,467.286886790274,94.7957046647102,47.33676434472
2015-02-02 07:00:00,30,184.238020156404,450.121712509184,93.1541410857884,44.5130199418704
2015-02-02 08:00:00,30,156.026630297993,478.92322685338,85.5360473687868,42.0552890346442
2015-02-02 09:00:00,30,167.638725242989,492.797850367051,105.803420625933,42.6613242821772
2015-02-02 10:00:00,30,164.411981706075,424.768468859085,117.665485424247,39.560863314217
2015-02-02 11:00:00,30,164.463965214577,427.615661109698,92.986506645755,41.5490029473256
2015-02-02 12:00:00,30,153.381518244777,392.487535728022,95.8615883599204,39.5736338710613
2015-02-02 13:00:00,30,165.591768962365,489.708963024663,104.114076620483,42.3285683385266
2015-02-02 14:00:00,30,132.490289153517,507.257166385286,114.1008131697,37.2986225395802
2015-02-02 15:00:00,30,158.765415890704,407.655077956153,87.7346242398295,42.1562716739133
2015-02-02 16:00:00,30,170.169734850782,379.586193555476,105.013947332115,39.2289880566376
2015-02-02 17:00:00,30,166.060426491679,452.10311102563,101.481851740861,36.5464378766217
2015-02-02 18:00:00,30,171.393155372781,451.178974114383,89.7774780273287,42.5711819167981
2015-02-02 19:00:00,30,171.367369938434,464.817499434105,105.748323900021,46.3618376018181
2015-02-02 20:00:00,30,149.017484840298,380.067495037275,108.77778371255,37.5518944391109
2015-02-02 21:00:00,30,169.963487834925,404.425316810014,102.631601049983,41.7255720353308
2015-02-02 22:00:00,30,166.206865965525,356.095932702956,101.157573935123,36.798312729722
2015-02-02 23:00:00,30,154.675933865129,434.492349821387,101.718679017636,39.1175130601995
2015-02-03 00:00:00,30,194.594466546444,495.674341125721,99.5533917456727,45.1429354528358
2015-02-03 01:00:00,30,139.068836243,386.15778085515,103.735233862483,36.7537342959413
2015-02-03 02:00:00,30,166.121627806083,384.785176131178,81.6712633765874,43.5394560030785
2015-02-03 03:00:00,30,143.151844166745,473.678856228421,109.604030743083,36.2491039606084
2015-02-03 04:00:00,30,183.579190739332,417.407489329313,109.186169145322,43.1291128880388
2015-02-03 05:00:00,30,212.52131920606,533.656783385697,88.4165857676793,38.7186523783443
2015-02-03 06:00:00,30,173.851357631094,398.662998047289,104.464575019069,42.3139051553454
2015-02-03 07:00:00,30,171.400940987952,457.330803080061,106.025476906165,44.265491334384
2015-02-03 08:00:00,30,170.791914779904,452.091631005965,103.27497753394,36.3784804325832
2015-02-03 09:00:00,30,160.349944754516,459.996737873366,97.7835082375677,32.368772144125
2015-02-03 10:00:00,30,206.127861039076,482.892722650582,103.633547659199,28.9009951326207
2015-02-03 11:00:00,30,179.077081350257,408.452381453325,114.749857113039,35.9267018974567
2015-02-03 12:00:00,30,191.925069941363,485.646501943088,104.458839686983,45.5373793850057
2015-02-03 13:00:00,30,172.675417704647,515.433186222407,104.625185352809,35.425382154542
2015-02-03 14:00:00,30,158.102058280947,525.356232984978,111.689822354315,38.0357819368926
2015-02-03 15:00:00,30,173.812566588522,395.175905042538,89.9792416646802,40.1008238632823
2015-02-03 16:00:00,30,173.639451527155,516.276941675402,96.2185333159357,46.1421318727446
2015-02-03 17:00:00,30,172.961800653657,461.352654646366,113.138951153603,42.2724035843813
2015-02-03 18:00:00,30,162.544767119027,427.881630611915,88.3592626473317,32.3372235566102
2015-02-03 19:00:00,30,166.249946090604,378.645662394793,103.793498506385,41.134091075826
2015-02-03 20:00:00,30,186.629304474694,444.894175471322,91.6963632663418,33.6515839283634
2015-02-03 21:00:00,30,158.365974692425,388.061299839787,101.486426451289,43.4753711362028
2015-02-03 22:00:00,30,190.799734803915,322.146815691084,102.643279897175,42.857424973246
2015-02-03 23:00:00,30,167.839670200146,464.828854115619,119.166586578353,45.2588795532438
2015-02-04 00:00:00,30,172.623682823045,423.628800802296,91.5158029905969,30.4364268209494
2015-02-04 01:00:00,30,176.847906444792,453.255896933983,91.3196118550886,46.3884801657255
2015-02-04 02:00:00,30,150.424230589709,459.281099745253,88.4813889959066,40.8135106571962
2015-02-04 03:00:00,30,163.340592277202,392.80264727968,96.2549314716274,40.6228478379423
2015-02-04 04:00:00,30,176.886189232369,459.818809546525,81.1589828592095,33.5087604417023
2015-02-04 05:00:00,30,168.951355209325,428.821586979418,96.8547972810545,34.7121064889187
2015-02-04 06:00:00,30,152.901609584611,413.163097002368,97.3561230107937,45.7422740495893
2015-02-04 07:00:00,30,208.075565435561,490.434444540636,92.0959709288583,40.0103777518271
2015-02-04 08:00:00,30,171.115682278041,441.121785609193,89.5337769151021,41.5548108032688
2015-02-04 09:00:00,30,176.451265803169,398.687272977876,94.8994966940285,33.6142414033332
2015-02-04 10:00:00,30,175.924552278582,446.068839248126,92.3061821526906,37.5236849981622
2015-02-04 11:00:00,30,165.197455886251,488.869429076184,98.1575028060546,38.6941908381554
2015-02-04 12:00:00,30,164.214962414998,432.857329042848,83.5483528107362,33.8478230677684
2015-02-04 13:00:00,30,186.879791667583,429.722205475289,80.8141492390541,32.0906361012251
2015-02-04 14:00:00,30,158.696472164202,442.208276992883,96.5172186100355,40.2767308635768
2015-02-04 15:00:00,30,167.874792214954,520.448073808663,93.6123681315417,47.1981773993539
2015-02-04 16:00:00,30,178.169329393218,441.997861320679,109.557580421418,40.1205896144064
2015-02-04 17:00:00,30,194.06615694753,496.843599761521,114.080999758021,35.5214813650747
2015-02-04 18:00:00,30,189.023284633769,415.062672829668,97.6294603121658,49.3094518425249
2015-02-04 19:00:00,30,195.305808331205,455.442240253903,103.134873317268,45.0099753280368
2015-02-04 20:00:00,30,162.07852721647,387.335830794298,96.2345624124257,39.0068886227476
2015-02-04 21:00:00,30,173.594950805373,400.089037445401,102.282833372383,40.0661163963809
2015-02-04 22:00:00,30,169.040751203178,458.984586756857,118.250586822933,44.4363472554932
2015-02-04 23:00:00,30,170.043703594282,456.597399495045,106.838299818144,40.6831040247277
2015-02-05 00:00:00,30,160.027138182904,507.962675480233,112.379843401521,43.7246721904927
2015-02-05 01:00:00,30,162.490497192698,440.676601414867,104.352537246821,41.6547651252243
2015-02-05 02:00:00,30,158.928923588379,346.307022853222,104.470397307761,38.8978625479753
2015-02-05 03:00:00,30,165.379521778654,410.358571257503,97.8250544884998,39.3252596417517
2015-02-05 04:00:00,30,159.867807594151,452.522470752981,97.541448936982,39.1234052309243
2015-02-05 05:00:00,30,186.124078005818,425.631841455309,91.9579212351914,37.9318539578311
2015-02-05 06:00:00,30,174.451863450829,526.46124050083,104.469988155218,37.7355274572277
2015-02-05 07:00:00,30,152.72357622431,504.914078059475,96.1924282105516,38.6595863528445
2015-02-05 08:00:00,30,183.746778087686,550.737547899971,84.5542537547116,47.23601969752
2015-02-05 09:00:00,30,158.60622583682,417.336069714979,89.9866911755803,36.2413039466194
2015-02-05 10:00:00,30,153.569647981909,458.356719464953,102.331330260882,40.0360873026284
2015-02-05 11:00:00,30,165.538283237159,489.099805960431,99.9482991096893,44.5512227428943
2015-02-05 12:00:00,30,144.761627174917,456.111016757009,100.857260902707,36.8487921153129
2015-02-05 13:00:00,30,178.885451855666,379.050578460151,102.20051072636,31.5396883573714
2015-02-05 14:00:00,30,188.52136918176,371.528483236281,100.658250179753,34.0732143393056
2015-02-05 15:00:00,30,169.927851972796,453.385210725728,103.596911562328,35.0997074805685
2015-02-05 16:00:00,30,162.079619849764,516.751910820308,86.0646084735622,38.6296096077376
2015-02-05 17:00:00,30,151.78621929664,499.564198503009,102.660159315071,53.2965619269232
2015-02-05 18:00:00,30,169.499358809507,396.151606631438,104.637661634924,36.532166856069
2015-02-05 19:00:00,30,168.329165609021,423.809714572938,75.9973927243754,34.7861696941394
2015-02-05 20:00:00,30,195.113145591786,404.198244930304,89.648404191,40.8444000174001
2015-02-05 21:00:00,30,167.011263191189,502.240512056215,86.625018247305,36.1397639298681
2015-02-05 22:00:00,30,188.885153605148,459.243967482872,124.411736689009,44.1743202131252
2015-02-05 23:00:00,30,185.211300034639,340.78774027304,96.1501662197443,46.4959553019871
2015-02-06 00:00:00,30,171.909812497717,416.555607628838,96.0517976023888,40.5394883051482
2015-02-06 01:00:00,30,170.392207788896,381.622289413818,112.501177026283,40.1157863649972
2015-02-06 02:00:00,30,161.707734616704,441.544438939625,101.764803663758,40.6642313830132
2015-02-06 03:00:00,30,159.078826341097,399.484283948605,65.625373224147,35.666532533318
2015-02-06 04:00:00,30,153.487107979883,390.338921746985,90.092720678797,46.1638159542436
2015-02-06 05:00:00,30,169.629492876994,433.021619611479,107.936605954942,43.5761696125674
2015-02-06 06:00:00,30,146.042553114046,512.847898139911,109.287865434853,39.6672258656393
2015-02-06 07:00:00,30,164.36714425192,422.221375829903,104.567012272301,35.3927456897435
2015-02-06 08:00:00,30,155.79229593545,501.71109210007,104.102576336676,39.9564135633174
2015-02-06 09:00:00,30,135.893426113095,404.522598539175,104.656271286385,34.1801297294463
2015-02-06 10:00:00,30,147.681938293571,463.288925140918,102.800905330866,39.9231789186567
2015-02-06 11:00:00,30,145.104790458,454.020302508966,94.7971109135509,42.1043328775968
2015-02-06 12:00:00,30,170.94375420553,531.0137710235,119.730988033901,33.4043081667088
2015-02-06 13:00:00,30,161.699441522984,362.185323616864,91.8884268693736,40.4707995415756
2015-02-06 14:00:00,30,156.434775263411,475.281064405335,93.0356012684869,43.7020449148066
2015-02-06 15:00:00,30,163.545188907536,497.217619449456,109.514810470038,41.5008938800237
2015-02-06 16:00:00,30,149.080155893488,471.014360262151,108.891280928894,39.8130167589422
2015-02-06 17:00:00,30,171.628249792662,511.38599196486,105.563380606268,38.1196082905076
2015-02-06 18:00:00,30,183.758063404154,467.889097213468,108.618604183942,37.4185638343421
2015-02-06 19:00:00,30,186.918475896001,401.800584639805,71.5979095340779,44.2414991337226
2015-02-06 20:00:00,30,167.277130785816,536.21436570763,102.622175385588,38.4606977687716
2015-02-06 21:00:00,30,181.588631994812,463.698657635739,94.9449107306362,46.9913502836836
2015-02-06 22:00:00,30,168.78568621542,429.58975635158,99.1451716991799,43.3408633810006
2015-02-06 23:00:00,30,150.465781692267,404.659238567662,100.825622098952,33.553209564108
2015-02-07 00:00:00,30,169.146229380888,484.721158511246,121.412947635795,41.2637003506621
2015-02-07 01:00:00,30,178.531314557161,344.444164269571,91.5515113302645,39.5075389806785
2015-02-07 02:00:00,30,155.449364458813,403.530196782358,112.098452115975,35.868023412206
2015-02-07 03:00:00,30,191.037554875128,502.653899197087,103.043035711309,36.5876020295886
2015-02-07 04:00:00,30,170.413287979123,473.152455454605,98.2346902241632,39.4374640421141
2015-02-07 05:00:00,30,160.6947716862,442.320468679303,84.840965788292,42.8892084998857
2015-02-07 06:00:00,30,165.311157489965,399.478923464671,84.9167896716315,35.8792134405047
2015-02-07 07:00:00,30,156.737037762445,425.794190209991,75.8840641577954,41.8777163891218
2015-02-07 08:00:00,30,172.280322343318,417.289906398513,83.356639025733,43.0736855397063
2015-02-07 09:00:00,30,168.949034644656,490.792785620438,102.087335139591,35.1694234408149
2015-02-07 10:00:00,30,146.498767685681,410.880832097209,116.770545949249,32.446994903536
2015-02-07 11:00:00,30,171.765669430423,270.11063421923,105.162616499149,42.7007892234976
2015-02-07 12:00:00,30,182.332817857812,406.530428921366,101.269056459319,40.3726899075469
2015-02-07 13:00:00,30,171.786813290574,433.938480016064,94.5986325462406,28.3034004872755
2015-02-07 14:00:00,30,165.747929932993,513.592147613777,104.572010728282,36.2261082955681
2015-02-07 15:00:00,30,157.011070574349,396.540491356297,112.346358349675,35.0931036573145
2015-02-07 16:00:00,30,186.634856474631,460.833946746132,94.5273345109967,45.0293765545631
2015-02-07 17:00:00,30,185.511818676452,440.682035320285,109.432193277243,43.9438652909098
2015-02-07 18:00:00,30,182.390266177823,455.611081495525,91.7714771711511,38.7024641372956
2015-02-07 19:00:00,30,173.274331782848,438.382093612002,102.689842324142,36.9140921990955
2015-02-07 20:00:00,30,155.322779180172,467.336637139491,90.3606012183513,40.16983443703
2015-02-07 21:00:00,30,163.89726429382,444.68554911987,107.374657620645,44.5671733026441
2015-02-07 22:00:00,30,172.329786567804,477.86929954351,102.804389345466,34.7545649193835
2015-02-07 23:00:00,30,181.105483260543,391.953092468011,104.05531686069,28.1388850245506
2015-02-08 00:00:00,30,154.430496685694,442.455067120783,94.2137501485072,28.2728063176118
2015-02-08 01:00:00,30,171.219375123028,535.187256865669,99.1199274817,36.6735496753085
2015-02-08 02:00:00,30,157.809448751346,448.761567577122,84.627068142067,40.7893877088412
2015-02-08 03:00:00,30,202.604598311508,446.26891165431,109.209182093539,33.9620204270953
2015-02-08 04:00:00,30,169.585786021896,439.186586508245,101.63246795504,51.0362504432629
2015-02-08 05:00:00,30,160.610501137728,451.738302082329,104.90028026829,40.2227213433734
2015-02-08 06:00:00,30,165.700895766397,418.312592617514,119.323272361037,37.2318688525092
2015-02-08 06:00:00,30,165.700895766397,418.312592617514,119.323272361037,37.2318688525092
2015-02-08 07:00:00,30,192.53484981204,452.163561382256,88.6035939934755,42.4543924981827
2015-02-08 08:00:00,30,178.454173386435,491.558634422691,96.0278496395219,36.2347767818156
2015-02-08 09:00:00,30,154.859307972542,356.138678682725,94.9431177503702,46.7248054362251
2015-02-08 10:00:00,30,163.723878669873,495.322587874732,112.59975652938,37.9712919497866
2015-02-08 11:00:00,30,177.27619192602,479.525149169816,105.27927813155,35.801910546635
2015-02-08 12:00:00,30,182.385555634283,426.513014745361,96.2374017357198,36.2740401865244
2015-02-08 13:00:00,30,160.151849416799,411.860155074507,100.011905307976,41.4881490496605
2015-02-08 14:00:00,30,140.575452492152,503.29015051416,104.572813478458,37.4001750353113
2015-02-08 15:00:00,30,149.061617228807,536.750441993135,112.09989143717,43.2438015787308
2015-02-08 16:00:00,30,175.379569085929,494.158105252551,95.5884910668996,34.9851689517915
2015-02-08 17:00:00,30,178.617394880712,442.322814311599,109.612821023518,39.5393486032978
2015-02-08 18:00:00,30,177.160286602912,372.777192107295,109.353898153762,38.4622818158021
2015-02-08 19:00:00,30,174.427444949205,433.511644468003,109.123430009536,41.5487936223193
2015-02-08 20:00:00,30,171.073549886558,488.709248681539,116.880288008005,44.3807188041252
2015-02-08 21:00:00,30,174.943494588337,457.593786547926,96.5282112638596,38.4160514918671
2015-02-08 22:00:00,30,173.347621862688,454.249910765363,91.3578671722065,41.5641088824264
2015-02-08 23:00:00,30,151.259817015552,417.093660219982,104.77030976285,38.306393387642
2015-02-09 00:00:00,30,173.818674319342,486.369422028467,122.460686709276,40.9289966175197
2015-02-09 01:00:00,30,205.63667338243,452.103556562775,108.154664579372,52.3809968834261
2015-02-09 02:00:00,30,142.169028590465,495.532038925046,108.708279115896,38.1903258811943
2015-02-09 03:00:00,30,161.967879475436,483.306238628171,89.8348022039496,39.2971400631308
2015-02-09 04:00:00,30,154.191104741111,441.058801083153,109.541223528208,35.9534954852797
2015-02-09 05:00:00,30,176.223753185279,431.595426597029,101.83998072165,43.9591817279785
2015-02-09 06:00:00,30,167.336528804316,418.362250694594,90.3812654079177,45.6572314435052
2015-02-09 07:00:00,30,166.166609081076,466.72787066765,106.085455010912,34.8200303833477
2015-02-09 08:00:00,30,189.838789603906,318.809223087678,90.9615295036714,33.1779004710918
2015-02-09 09:00:00,30,164.783997939883,401.963162244515,100.753278946929,32.0320004519331
2015-02-09 10:00:00,30,156.662430032079,471.368604406061,96.1659356158017,45.8042333639389
2015-02-09 11:00:00,30,179.52609186923,430.774286252081,93.2817470796497,45.251051842781
2015-02-09 12:00:00,30,186.099890919626,618.027693884837,96.2213903045077,36.954160938565
2015-02-09 13:00:00,30,174.210115070663,497.075879896138,108.516852341876,37.4763674139963
2015-02-09 14:00:00,30,177.157810428563,418.00239695487,89.2948061650245,37.832780628427
2015-02-09 15:00:00,30,158.479525028466,443.400291633565,94.8599920774876,28.1131791618776
2015-02-09 16:00:00,30,157.371281177893,422.776971185212,99.3444198479792,37.501477093974
2015-02-09 17:00:00,30,144.129701328358,473.257974758756,98.3716613614112,47.69076226219
2015-02-09 18:00:00,30,165.86790481655,496.341878021239,105.574497619032,35.3541081410766
2015-02-09 19:00:00,30,173.4829717822,405.145004215101,104.321798161494,37.5292231021018
2015-02-09 20:00:00,30,183.954457874366,472.490071095947,93.4171090084566,43.0167520434068
2015-02-09 21:00:00,30,179.518333248162,489.598987741099,95.1035597823463,47.3493923173929
2015-02-09 22:00:00,30,185.890420323326,470.365950414008,109.713952570544,43.4697236928356
2015-02-09 23:00:00,30,179.412617303983,538.596878416304,105.935094619576,38.5471299268964
2015-02-10 00:00:00,30,200.270123793295,456.021198169588,104.31824348916,39.1830903567834
2015-02-10 01:00:00,30,169.311537190136,390.729300840933,101.076799519212,44.0175053159364
2015-02-10 02:00:00,30,169.013393003496,406.413196038849,104.653052137894,37.3430466719117
2015-02-10 03:00:00,30,181.997652907368,353.268185048199,108.251973045604,47.747791638702
2015-02-10 04:00:00,30,187.465722369752,455.423576262942,92.3565379411403,36.8578059387154
2015-02-10 05:00:00,30,182.598888522842,444.971918295505,96.1046420742806,38.7356229909371
2015-02-10 06:00:00,30,154.236468554953,404.403725287613,92.1678200054498,42.5180476712909
2015-02-10 07:00:00,30,149.940876250574,441.980172979894,104.058940494572,48.198005785747
2015-02-10 08:00:00,30,159.714432340812,521.800030114385,87.4000851760862,41.0476459160515
2015-02-10 09:00:00,30,163.593452506895,407.23055170608,88.6300422338386,48.4097272794357
2015-02-10 10:00:00,30,189.028073170312,440.520346650439,95.4761103191228,41.8472584052604
2015-02-10 11:00:00,30,199.098753370792,517.882148728919,89.8738009032515,39.0639095912199
2015-02-10 12:00:00,30,173.037127508263,476.978024083092,107.394001628368,35.5486952608192
2015-02-10 13:00:00,30,155.14654042872,392.67454441273,99.0976363116826,40.3023460440625
2015-02-10 14:00:00,30,150.536125806811,453.846805775294,107.930727284354,38.1428836274787
2015-02-10 15:00:00,30,168.249700296583,428.567922412599,117.141662676107,40.5604986886512
2015-02-10 16:00:00,30,192.698586835314,414.30204774572,79.7962720050941,38.2118746134877
2015-02-10 17:00:00,30,171.739947344862,432.772781677671,88.8226688554618,37.8557270855617
2015-02-10 18:00:00,30,154.722238914211,538.506653256283,96.5017044251411,39.1833847940501
2015-02-10 19:00:00,30,182.420155656677,402.522005870694,107.499692505221,38.0525390992889
2015-02-10 20:00:00,30,172.953399334521,392.619614477724,105.717614861839,37.6946840228107
2015-02-10 21:00:00,30,173.792347013876,495.299491924404,98.1599943793744,36.8013179988729
2015-02-10 22:00:00,30,154.64822051536,456.36771249135,112.104969758856,43.543590231253
2015-02-10 23:00:00,30,201.42980423482,460.801332789746,97.6088539949793,44.694544332733
2015-02-11 00:00:00,30,173.542573254586,387.862038519668,85.3409555342454,45.5242747589691
2015-02-11 01:00:00,30,166.3469160451,401.901785513442,80.3144460886995,32.4817088477789
2015-02-11 02:00:00,30,156.387583143008,446.592716544452,103.553958230725,43.5769027148284
2015-02-11 03:00:00,30,159.346601576872,464.583138215448,116.719567761178,35.4137093616587
2015-02-11 04:00:00,30,155.013359386423,463.977669982135,93.7647148660865,38.3914221525757
2015-02-11 05:00:00,30,186.092816819475,445.596712155153,101.474472291401,43.8374898559928
2015-02-11 06:00:00,30,160.000643473432,496.366211122459,96.7080403557905,42.9004737974487
2015-02-11 07:00:00,30,182.847063322996,442.835416601755,87.2277140628636,41.5377200217476
2015-02-11 08:00:00,30,146.70683804042,435.014263876709,103.792254758807,42.2829224392145
2015-02-11 09:00:00,30,167.07287626455,502.723200205881,91.6336624335777,44.3733219387529
2015-02-11 10:00:00,30,167.14752298986,439.62576106331,118.862471168171,38.3206637965409
2015-02-11 11:00:00,30,173.394484346917,338.911102092657,90.9715424470747,40.8616019030034
2015-02-11 12:00:00,30,153.982953615725,520.141004154818,107.990115218936,38.232816432722
2015-02-11 13:00:00,30,177.116802017871,424.260790432714,92.39384335809,26.7503770179179
2015-02-11 14:00:00,30,172.138921195244,428.462952661481,96.9564538554106,43.0413014815032
2015-02-11 15:00:00,30,190.317188168177,506.615595115497,107.548884711623,31.0677328004105
2015-02-11 16:00:00,30,162.27683198848,438.182591343954,115.029447148019,42.4537730192657
2015-02-11 17:00:00,30,160.334062188394,496.608631217068,111.423143331338,32.8341587959794
2015-02-11 18:00:00,30,183.759328721912,437.169986998383,111.729265319904,40.482124389223
2015-02-11 19:00:00,30,176.36758465094,460.207402250186,81.6263933868891,37.4461911309154
2015-02-11 20:00:00,30,152.552944226256,428.011539623286,108.01981340552,42.5750897029569
2015-02-11 21:00:00,30,156.320170234493,428.779216464827,93.3145640394135,45.922514505359
2015-02-11 22:00:00,30,181.122809424693,485.45441929064,105.001174360853,40.0136523879542
2015-02-11 23:00:00,30,178.523957072608,500.433467678682,84.3169962932691,37.4382988542834
2015-02-12 00:00:00,30,174.682167297061,434.713007105313,97.1049530843366,44.525259088451
2015-02-12 01:00:00,30,176.679913859928,527.118961963708,99.7115659685233,42.1976693731278
2015-02-12 02:00:00,30,169.599811811171,469.523502513936,106.245263616478,46.182481293515
2015-02-12 03:00:00,30,162.066097319688,554.09907890079,100.365954052482,43.1011877212831
2015-02-12 04:00:00,30,162.233334395085,392.490378891914,116.154242019358,46.3057651668301
2015-02-12 05:00:00,30,169.00462554882,399.322638254236,114.558032709294,36.214089976414
2015-02-12 06:00:00,30,176.272473453287,415.768929663653,99.6437948367852,31.7012309318845
2015-02-12 07:00:00,30,157.893449556439,531.126391880524,133.5899340141,40.708770264133
2015-02-12 08:00:00,30,160.158830078398,396.970055604033,115.723144757132,39.2684505849315
2015-02-12 09:00:00,30,160.339450731809,428.802628122053,115.683460005701,33.3896447381832
2015-02-12 10:00:00,30,187.980240004689,489.107849682259,124.515956735029,30.5162566625629
2015-02-12 11:00:00,30,196.601872050219,453.229349877067,138.600538830053,48.9611920067142
2015-02-12 12:00:00,30,166.574188808473,416.246035925874,110.473297408443,40.5408895537814
2015-02-12 13:00:00,30,153.178398047202,437.786445721271,132.00929866241,48.2615079934024
2015-02-12 14:00:00,30,170.142865281283,455.870974697828,116.422764000215,41.1992106837248
2015-02-12 15:00:00,30,169.953462116547,436.295714968661,137.021594775012,44.4101722623945
2015-02-12 16:00:00,30,147.77050521622,479.818859004825,156.802294440024,39.9470418473485
2015-02-12 17:00:00,30,199.627110212315,501.171811053408,132.847905656019,45.75122527928
2015-02-12 18:00:00,30,160.354982528133,456.334402686791,118.686013667002,35.8577190776011
2015-02-12 19:00:00,30,168.049403849032,438.192544789137,125.719012424152,36.4034787840388
2015-02-12 20:00:00,30,157.20516685072,535.452933630824,130.157202853975,37.8953847435316
2015-02-12 21:00:00,30,168.054268394106,472.115998130519,136.540186344605,30.2308262051587
2015-02-12 22:00:00,30,187.712398520664,390.126253206675,123.743034215376,35.4576747583694
2015-02-12 23:00:00,30,154.893683930258,388.397905044258,113.832037057109,32.2069713232475
2015-02-13 00:00:00,30,190.063687529816,504.137201524147,135.877335891624,35.0526751398918
2015-02-13 01:00:00,30,157.800249655574,466.880565422385,130.007229945625,36.3053726667726
2015-02-13 02:00:00,30,143.227918953067,487.206464319567,123.13349946271,44.1573627750839
2015-02-13 03:00:00,30,179.776003087794,457.953728672047,112.853226748953,37.4848923528202
2015-02-13 04:00:00,30,158.83045927261,480.544054788228,135.169866218066,33.9291147013198
2015-02-13 05:00:00,30,153.299530755134,568.894525399729,121.380701249209,37.4379862903618
2015-02-13 06:00:00,30,143.039494909592,436.553717583197,131.447776626241,38.6697612596882
2015-02-13 07:00:00,30,184.029071890707,487.79831430839,114.484476839387,31.2004723129331
2015-02-13 08:00:00,30,180.330313836107,477.721089432559,139.332354499515,47.1172025204383
2015-02-13 09:00:00,30,166.268649418614,507.155646092253,121.877891271883,39.29155162961
2015-02-13 10:00:00,30,178.482917370427,507.724041271,140.809498147785,39.0213655380699
2015-02-13 11:00:00,30,166.260653514674,453.332443316777,122.854950148002,41.7817287081334
2015-02-13 12:00:00,30,177.178317651708,440.81288295577,133.026995329945,38.6617423021319
2015-02-13 13:00:00,30,148.194865447636,400.181576079781,116.480990471669,41.0456513234543
2015-02-13 14:00:00,30,147.273203141329,418.736819308563,126.300618306118,39.1463437339758
2015-02-13 15:00:00,30,153.434856906319,399.591691232474,115.882387798139,35.9129954992237
2015-02-13 16:00:00,30,179.79479457253,446.00771065897,130.316551960504,49.9562032108201
2015-02-13 17:00:00,30,166.456938141147,527.741780334793,123.21512547261,40.3067751913635
2015-02-13 18:00:00,30,146.371011641659,455.654956965859,131.642928087914,37.0160210822974
2015-02-13 19:00:00,30,174.468464417275,429.512425448864,116.93344548578,40.0401650921558
2015-02-13 20:00:00,30,163.662077033941,493.385224421106,124.753800665616,34.7241370023135
2015-02-13 21:00:00,30,158.584997228574,460.014038049681,122.386102478364,28.5963687768096
2015-02-13 22:00:00,30,181.030796950241,454.845481287266,132.986210729646,47.5592650061072
2015-02-13 23:00:00,30,153.213122759724,428.223903263613,133.983735047541,38.6976231995646
2015-02-14 00:00:00,30,164.674751188297,461.137946811575,119.846350653161,44.9828024084873
2015-02-14 01:00:00,30,182.308772454026,404.526797665357,130.076320110088,38.8270985135641
2015-02-14 02:00:00,30,182.005805855105,502.598592195544,118.041053215577,36.6932532904358
2015-02-14 03:00:00,30,159.28642387688,439.882520339144,133.654667840443,41.3245967640976
2015-02-14 04:00:00,30,179.23467944466,473.185119718461,135.501656250461,39.7363055750907
2015-02-14 05:00:00,30,171.100269837519,443.30273060095,102.646203981192,36.4625368724083
2015-02-14 06:00:00,30,166.470843173041,476.426875593801,104.155739819338,46.0717954188125
2015-02-14 07:00:00,30,168.152356503183,444.145860373567,98.8682137694274,40.7451505886912
2015-02-14 08:00:00,30,194.117296962252,542.099401568596,90.79415745216,42.8563977092347
2015-02-14 09:00:00,30,182.468649597995,403.261970043895,96.6421537705834,43.6758142382468
2015-02-14 10:00:00,30,171.264465722419,459.386725629966,119.513406514564,42.163288464085
2015-02-14 11:00:00,30,154.70779964123,370.022199973037,101.046886652591,45.2653396371659
2015-02-14 12:00:00,30,182.041485595933,457.876798254736,105.308236190911,32.4670887616401
2015-02-14 13:00:00,30,168.300715919741,418.041856578075,90.5005982058297,40.5327502912582
2015-02-14 14:00:00,30,171.504748517153,447.443886722544,104.622328301891,41.5557439811762
2015-02-14 15:00:00,30,194.17814315494,468.795826222432,83.9686882779862,43.9797769373815
2015-02-14 16:00:00,30,167.223235062681,509.326165528359,100.476146686678,45.0629170856918
2015-02-14 17:00:00,30,173.885786515859,517.748672470115,86.6601385120888,36.7944871790637
2015-02-14 18:00:00,30,166.855132655605,438.87369848863,101.457338755507,41.3566791281253
2015-02-14 19:00:00,30,138.232803179505,479.886486802064,114.449017359583,43.4881621299039
2015-02-14 20:00:00,30,189.749613435794,398.393760733776,106.007973259908,41.0119868205534
2015-02-14 21:00:00,30,143.365972409184,407.879153446302,92.8507001642201,40.514124434648
2015-02-14 22:00:00,30,163.719367751027,521.793392653392,98.7210971204182,44.5599862304194
2015-02-14 23:00:00,30,166.669036694708,537.166082788371,110.628296513471,45.6005241282304
2015-02-15 00:00:00,30,180.349381802044,496.524431042666,84.4921393330738,38.9923328677849
2015-02-15 01:00:00,30,175.678933915459,391.180250533652,91.6216053780727,32.566045577541
2015-02-15 02:00:00,30,176.08635882732,409.513554386137,112.72765841012,33.0838472061301
2015-02-15 03:00:00,30,198.28344984526,518.80485746527,93.6274532448121,50.8015577119637
2015-02-15 04:00:00,30,165.91585247413,455.538276794281,98.6503326217748,41.5293736696709
2015-02-15 05:00:00,30,183.330586594098,591.742979037652,113.101164060906,42.2127060449926
2015-02-15 06:00:00,30,187.733513062039,465.527339294629,107.204971379115,40.2412395592097
2015-02-15 07:00:00,30,177.467677800251,463.019909042314,102.02881218803,28.9379429575427
2015-02-15 08:00:00,30,160.711349458393,435.370612221824,88.2553700965403,45.8322287697503
2015-02-15 09:00:00,30,188.439578969279,491.182844294971,100.037070893534,42.5849949777464
2015-02-15 10:00:00,30,168.989443696024,440.118646122817,102.590005984766,45.2632502227954
2015-02-15 11:00:00,30,181.370642687635,440.723704957787,100.866379916772,41.1973984003358
2015-02-15 12:00:00,30,184.432178312101,437.540681992786,100.886699886916,42.085752882352
2015-02-15 13:00:00,30,157.237138772158,479.57805182559,91.1235722592843,46.1311742927276
2015-02-15 14:00:00,30,165.520133689003,434.299921233437,113.690233589905,36.5190694596251
2015-02-15 15:00:00,30,167.641544640162,410.21976789092,97.1058433504447,33.9974440754479
2015-02-15 16:00:00,30,178.990157652766,359.223522155571,99.3906803747442,45.8024887068549
2015-02-15 17:00:00,30,171.955668454457,480.030130495328,107.063082999215,50.1819912562677
2015-02-15 18:00:00,30,186.134778541865,394.799306286342,101.612984367385,37.9127971642195
2015-02-15 19:00:00,30,158.798817254325,439.984856345897,123.335217490809,44.6478637633602
2015-02-15 20:00:00,30,168.71825277155,507.394504061842,106.071992963999,41.8318567781339
2015-02-15 21:00:00,30,176.047084740546,532.849601749134,113.611597500215,39.102741569449
2015-02-15 22:00:00,30,158.513178125015,454.761803132074,112.941543224927,43.1162140630977
2015-02-15 23:00:00,30,170.315430757368,562.854723611257,96.989498890499,48.3426816467825
2015-02-16 00:00:00,30,173.566064094521,446.155123980922,85.442697609253,50.8452422323821
2015-02-16 01:00:00,30,177.579158442021,461.928580042908,108.62519593491,37.8450895336767
2015-02-16 02:00:00,30,174.430906652638,431.880435767532,89.8890388747673,40.5685709911952
2015-02-16 03:00:00,30,159.411503757683,410.511299486326,107.38274914059,38.5951729360298
2015-02-16 04:00:00,30,184.30173984089,491.388109390938,103.939002839956,35.5495582269568
2015-02-16 05:00:00,30,168.610148967658,398.21473902508,89.8440914422876,39.9855909492239
2015-02-16 06:00:00,30,167.493047745614,549.769106248048,90.9014191877585,37.9416983636006
2015-02-16 07:00:00,30,157.566593160468,439.749499565634,116.29458920386,42.0164160225368
2015-02-16 08:00:00,30,148.853910262145,470.864060497719,101.587035446468,40.1870015733269
2015-02-16 09:00:00,30,197.955507745242,499.781930102297,101.996129477646,31.831284494663
2015-02-16 10:00:00,30,186.56779348439,403.079027899211,95.1508920283333,34.5320141388206
2015-02-16 11:00:00,30,184.53156434525,392.234166518989,103.88389594521,43.5108745928128
2015-02-16 12:00:00,30,193.365321418044,509.751130155165,86.081220429752,41.8294751599738
2015-02-16 13:00:00,30,177.882218739715,441.969917652076,86.930384859777,41.5223818562462
2015-02-16 14:00:00,30,167.240541609078,506.752495867579,81.9237178951919,40.8936705579292
2015-02-16 15:00:00,30,195.48716152218,382.787683696858,91.0686629583848,34.8876879735635
2015-02-16 16:00:00,30,168.419367613394,444.489064329924,105.84599074843,34.1266285367539
2015-02-16 17:00:00,30,182.90387746651,424.430232945491,104.058532517004,36.703124486167
2015-02-16 18:00:00,30,172.798725340707,398.186043397058,108.800569489999,31.7126316852383
2015-02-16 19:00:00,30,165.157351995631,483.125133367789,101.1153346898,38.3337846005946
2015-02-16 20:00:00,30,178.80314017502,465.398255076275,103.954039612959,30.9363193603164
2015-02-16 21:00:00,30,156.727120334132,381.276336360218,102.898827830185,39.1805172172623
2015-02-16 22:00:00,30,144.726191470944,455.031682765286,107.210947547163,37.1681406013131
2015-02-16 23:00:00,30,147.109948754412,403.616648243098,104.391289432356,38.5154634785392
2015-02-17 00:00:00,30,185.500688266558,480.797325274265,103.887943297594,40.3407349471742
2015-02-17 01:00:00,30,155.594365449259,529.213113962979,109.124481940144,33.7946280382507
2015-02-17 02:00:00,30,200.313780041156,440.927949882506,111.657760175755,38.1680791402275
2015-02-17 03:00:00,30,155.642387410077,508.409711707515,83.7425749540925,37.8338884545293
2015-02-17 04:00:00,30,158.317013399781,380.12191225893,112.331029793641,30.612468698949
2015-02-17 05:00:00,30,163.537821631907,486.431348683365,103.806282190201,41.7127094700151
2015-02-17 06:00:00,30,152.244929475981,327.943942156556,106.083973768402,40.3647274802607
2015-02-17 07:00:00,30,177.394310498398,500.109831280437,102.972641884326,48.7735029550043
2015-02-17 08:00:00,30,167.880588974741,436.854170234237,94.4261902828482,32.3599142163337
2015-02-17 09:00:00,30,168.906904507323,427.447623402403,91.8429308864626,33.2492286496728
2015-02-17 10:00:00,30,151.619507632849,411.012020609387,100.18074906948,40.3070361215735
2015-02-17 11:00:00,30,172.49518216978,441.491304469592,100.236150518706,37.5129360550329
2015-02-17 12:00:00,30,149.150616754736,375.099060085513,89.7326821137443,43.3716523183005
2015-02-17 13:00:00,30,160.635328332538,478.86252701572,95.3366635613853,37.3176189412184
2015-02-17 14:00:00,30,171.878993844741,445.910416034477,96.6457522264293,40.4054855920924
2015-02-17 15:00:00,30,187.237492074049,468.413475793191,126.646954817304,43.7669695866778
2015-02-17 16:00:00,30,143.524310364443,488.900537976817,107.078801461747,48.3876906251701
2015-02-17 17:00:00,30,185.65951522994,385.854099866961,109.612837042012,37.4585197829255
2015-02-17 18:00:00,30,177.226826752888,499.288130772786,85.4705931008859,43.287495081061
2015-02-17 19:00:00,30,183.19846002198,403.946101839711,88.4339156236118,34.4624987549311
2015-02-17 20:00:00,30,163.148144531897,501.247231474938,129.972805991046,38.0117370495506
2015-02-17 21:00:00,30,166.612455996227,546.501107909097,106.580447966405,41.6069537931888
2015-02-17 22:00:00,30,180.266273804164,505.025076541533,118.955493290064,35.2901165489062
2015-02-17 23:00:00,30,158.746514951135,491.172646816197,109.307564015831,40.1541921529288
2015-02-18 00:00:00,30,160.331310369233,475.340780703727,81.3647100553964,44.3582890789105
2015-02-18 01:00:00,30,170.387443452568,463.243244183337,111.355288704908,33.2888989182135
2015-02-18 02:00:00,30,151.936270552223,439.677788565532,89.8903867708284,37.058146378527
2015-02-18 03:00:00,30,203.337976609293,554.829744085808,81.8260064994098,35.6339228092386
2015-02-18 04:00:00,30,212.188818934139,421.439897950112,88.3827891559916,38.7009778798241
2015-02-18 05:00:00,30,193.599322902042,370.674994832127,115.651530077328,44.2065594793081
2015-02-18 06:00:00,30,138.854192085569,406.395214827881,97.4146549902132,40.2019485666271
2015-02-18 07:00:00,30,150.347534780292,400.843884272086,77.4162738291854,42.5276544426801
2015-02-18 08:00:00,30,155.495045000206,471.023571190812,100.719506842662,38.7197009006147
2015-02-18 09:00:00,30,169.515656113198,379.865187489807,108.238284755153,40.7145241688142
2015-02-18 10:00:00,30,168.186605653873,503.659647087985,106.205215476171,30.0828401803982
2015-02-18 11:00:00,30,155.128872918298,440.344876074844,97.28174536923,44.364792191412
2015-02-18 12:00:00,30,187.797673637107,379.510752844754,94.6883430278655,46.5479178588416
2015-02-18 13:00:00,30,159.331668144747,496.286509484651,94.7497411155391,44.4372830551114
2015-02-18 14:00:00,30,167.177136710123,403.779175416813,102.20393465499,44.9131557922184
2015-02-18 15:00:00,30,155.701871732228,530.554431759892,118.572770760105,39.075243328491
2015-02-18 16:00:00,30,157.426831838907,379.027212048542,91.6014097653956,49.9246785714753
2015-02-18 17:00:00,30,162.277653234317,440.881254737568,104.772231491112,42.8773945623273
2015-02-18 18:00:00,30,184.321334641719,383.08984566037,104.482054103132,41.5502915193757
2015-02-18 19:00:00,30,173.524141373533,337.734426970899,112.093409463555,45.4615179097164
2015-02-18 20:00:00,30,169.676865011285,434.606061489567,114.467858419524,32.2167322572235
2015-02-18 21:00:00,30,143.939323663621,336.533871991201,76.0077697640911,34.4191184642825
2015-02-18 22:00:00,30,160.280592583557,454.209792576863,92.8007078418237,43.9382033770464
2015-02-18 23:00:00,30,189.453054558873,413.717678690803,116.1417919032,43.5521260189431
2015-02-19 00:00:00,30,173.156797827843,427.794541144908,109.642827743192,42.2663750399196
2015-02-19 01:00:00,30,191.478322580134,473.181566276018,96.3177684811555,39.1482077580259
2015-02-19 02:00:00,30,166.619198114836,504.795741333248,88.2249322742471,46.6772706048119
2015-02-19 03:00:00,30,156.378250780484,289.562641349091,103.09878520282,39.8166550138964
2015-02-19 04:00:00,30,154.436010856478,356.696603890498,114.501713922596,48.6668800725632
2015-02-19 05:00:00,30,188.848752441744,378.187128357588,86.6172122599988,31.1192418959986
2015-02-19 06:00:00,30,172.019143018842,533.430045698446,89.2238765945661,32.2352533944469
2015-02-19 07:00:00,30,159.836377268367,482.550494464183,93.8991213097,36.2822798680101
2015-02-19 08:00:00,30,189.719576371544,459.315041312038,89.1859562505136,39.1085846480125
2015-02-19 09:00:00,30,164.307279844224,443.656648798191,94.3110699788891,36.0864485284821
2015-02-19 10:00:00,30,171.286001985101,351.325961455264,92.5274042381482,42.1694853769262
2015-02-19 11:00:00,30,165.147630578113,397.529688635701,85.8347190774231,43.1661179513355
2015-02-19 12:00:00,30,166.667926217721,376.802890752018,103.009588115433,35.7943223949013
2015-02-19 13:00:00,30,129.280930278485,438.279938031637,98.4090275723218,39.6690468391716
2015-02-19 14:00:00,30,167.634198454385,460.325986739105,96.4470678937397,39.0637715405518
2015-02-19 15:00:00,30,158.991851958659,388.887053533674,94.5828783366967,31.6002615998162
2015-02-19 16:00:00,30,134.333072540852,438.45492503872,77.8808062265529,31.641838181553
2015-02-19 17:00:00,30,164.152112351086,372.10929553938,89.5729258210745,35.6324426302016
2015-02-19 18:00:00,30,150.35680015726,478.915416980422,102.966789418641,41.4844670286871
2015-02-19 19:00:00,30,184.273111814293,423.043242746046,98.0598696437092,39.8422839419147
2015-02-19 20:00:00,30,181.071805796005,513.765126870719,105.809608762675,44.5668603545858
2015-02-19 21:00:00,30,194.301262902602,386.136544196177,115.995207614706,37.2739206852202
2015-02-19 22:00:00,30,187.290514326177,490.992100141303,108.45494847931,37.6076955227639
2015-02-19 23:00:00,30,176.275392108842,445.301570442254,89.73494463235,43.5517407283213
2015-02-20 00:00:00,30,180.886888827221,463.151149676053,108.359951608787,38.5310185763623
2015-02-20 01:00:00,30,178.216213815193,526.706618576542,98.1623623638202,38.1591370547943
2015-02-20 02:00:00,30,188.871480400067,490.777526258508,100.024707435167,35.234200247177
2015-02-20 03:00:00,30,173.687319854702,445.63876509583,113.976453329776,40.9685884291342
2015-02-20 04:00:00,30,153.109721387325,429.986605683719,103.206617270585,39.4925688418836
2015-02-20 05:00:00,30,182.351820731604,557.050097346017,80.4446819163673,40.1614008894893
2015-02-20 06:00:00,30,145.218373252837,487.910654491381,111.886564090733,43.980101620615
2015-02-20 07:00:00,30,161.242534000915,433.107172033353,97.4752591267545,45.528825107867
2015-02-20 08:00:00,30,159.319006575592,444.743923585362,93.7608795955805,42.4452107894557
2015-02-20 09:00:00,30,159.90953012744,461.92352119533,82.9125403314917,46.3355524623707
2015-02-20 10:00:00,30,171.240593311218,579.487219428882,93.5579405804214,47.0635275438887
2015-02-20 11:00:00,30,192.894658314917,467.75541513287,106.024878404617,39.6947746927723
2015-02-20 12:00:00,30,169.303816705757,458.570629690656,97.6604653715848,42.2671101737466
2015-02-20 13:00:00,30,152.682520722624,479.739755487586,114.803901983266,35.6299908838687
2015-02-20 14:00:00,30,161.378571610956,390.276148552172,132.739789421019,44.3971562000273
2015-02-20 15:00:00,30,168.456940379332,428.001585167252,111.811645806823,41.9691933879132
2015-02-20 16:00:00,30,183.199039365125,322.452899021256,113.197491924944,40.5040060005664
2015-02-20 17:00:00,30,204.725062090168,343.379541008113,102.733470761789,47.742829959035
2015-02-20 18:00:00,30,133.098264990576,523.267963776282,141.499547955198,41.8108829716095
2015-02-20 19:00:00,30,170.690725688119,360.327853982137,107.326751390231,38.742841299532
2015-02-20 20:00:00,30,191.383354072524,446.243530294933,116.261213023983,43.2253524349315
2015-02-20 21:00:00,30,184.560396012152,531.120385925684,96.7564576324069,44.3556905172199
2015-02-20 22:00:00,30,169.57849070998,444.126551286589,131.640430806113,42.5857029333278
2015-02-20 23:00:00,30,158.555207388654,447.053335495862,110.461868576812,44.959211844266
2015-02-21 00:00:00,30,185.000903816604,373.340049155671,128.759812488341,42.4196696131997
2015-02-21 01:00:00,30,125.385468165645,415.538218128664,128.336118865836,39.4778819274284
2015-02-21 02:00:00,30,147.211549110382,430.434494577427,131.825401564978,45.3778744680153
2015-02-21 03:00:00,30,191.239948190404,500.006974191343,127.265468830309,34.727860566776
2015-02-21 04:00:00,30,171.641615469756,381.439896341644,123.883666103265,37.0003437979667
2015-02-21 05:00:00,30,193.13143487473,503.469277337204,142.334659316998,33.3982858905648
2015-02-21 06:00:00,30,166.332405215728,444.874894780393,119.390895262594,31.8506841021873
2015-02-21 07:00:00,30,173.286019766169,480.414818252299,131.852342438323,32.1875652258569
2015-02-21 08:00:00,30,176.250551265032,417.962104297581,120.183620859462,39.5512993824595
2015-02-21 09:00:00,30,165.48884167481,444.670286939742,131.42619514046,38.4149504496989
2015-02-21 10:00:00,30,179.332028785339,493.965257748032,121.723761129102,41.14976619041
2015-02-21 11:00:00,30,165.438934844103,429.601169519857,118.108920618191,43.0420467717831
2015-02-21 12:00:00,30,156.733973759684,416.607260063224,151.646916740127,41.4273549512131
2015-02-21 13:00:00,30,172.186525233284,442.208710356698,120.584076598125,34.629297918864
2015-02-21 14:00:00,30,169.378707019531,379.315996655713,128.179777301353,41.5314590439798
2015-02-21 15:00:00,30,160.405343778327,461.201667059067,123.79205271369,39.8027387539768
2015-02-21 16:00:00,30,182.056685863277,433.095681370734,112.556114442635,35.6848629903745
2015-02-21 17:00:00,30,174.15619474679,448.377624416166,115.160645207586,52.1137768534251
2015-02-21 18:00:00,30,174.911450817606,505.201525768185,114.161273447104,41.9773604204093
2015-02-21 19:00:00,30,185.880771604833,510.089348824895,132.528749167648,39.8586960348156
2015-02-21 20:00:00,30,160.620852201646,443.732477352981,125.661354507,48.8116975143523
2015-02-21 21:00:00,30,154.917986260033,403.928195784697,122.4820696589,32.0152219538697
2015-02-21 22:00:00,30,152.081798245081,438.217341626702,123.541842480924,35.7001307567154
2015-02-21 23:00:00,30,147.941063541443,515.037645656656,124.955054515716,37.5950178229898
2015-02-22 00:00:00,30,160.175295097064,467.514941919263,106.211948388024,45.0131321995719
2015-02-22 01:00:00,30,177.215202423735,465.282709373742,122.539772334615,42.1267839793892
2015-02-22 02:00:00,30,178.030875669574,401.844575870081,126.538262976946,47.9931589039755
2015-02-22 03:00:00,30,175.741621854728,315.648031070356,121.401837171502,48.1367077710838
2015-02-22 04:00:00,30,171.39708461353,461.090660085718,120.67889417958,39.9208812147008
2015-02-22 05:00:00,30,161.975366431514,405.131604435797,130.899706964709,37.9500419866737
2015-02-22 06:00:00,30,165.08377136632,518.213889749728,128.433392902685,35.896825544253
2015-02-22 07:00:00,30,179.687068571055,499.092590121651,127.069853799096,33.2917726816701
2015-02-22 08:00:00,30,155.196136990298,430.672131995784,122.197128726922,37.0551998143195
2015-02-22 09:00:00,30,168.058981534011,457.742700024519,127.840101333606,48.3042511902217
2015-02-22 10:00:00,30,148.851431305457,408.096278986107,104.92695511392,46.7439630183393
2015-02-22 11:00:00,30,158.023146871385,431.708817890265,133.402364319149,43.2788634907667
2015-02-22 12:00:00,30,173.319295361729,422.778858081353,115.111021194886,41.9139528106173
2015-02-22 13:00:00,30,184.328050735,402.845603926129,124.439463746019,48.0113964449867
2015-02-22 14:00:00,30,153.838744837844,475.221711169611,123.720820066162,44.1710660416283
2015-02-22 15:00:00,30,162.911512579909,495.432368074845,99.9363159605805,44.6601987888652
2015-02-22 16:00:00,30,163.56683107366,549.77842205762,93.2182348461937,41.5290873216322
2015-02-22 17:00:00,30,169.904137630577,355.543181008369,101.657857339547,48.4425042165919
2015-02-22 18:00:00,30,176.530492898491,499.99144506415,101.453635279431,28.3821697652536
2015-02-22 19:00:00,30,134.999501092418,431.347230610114,109.132815688041,39.3533517404371
2015-02-22 20:00:00,30,169.331669183417,383.883930303482,98.5464174161373,36.1478331622596
2015-02-22 21:00:00,30,191.00629368347,524.208632315431,108.965197665258,42.134127371536
2015-02-22 22:00:00,30,174.561651421889,440.212991455386,95.2137246339756,39.7321092586124
2015-02-22 23:00:00,30,191.299613867157,393.185366672273,92.2222250717943,44.0620058149579
2015-02-23 00:00:00,30,170.396355618647,412.529455615643,97.7059273396169,42.0517512315996
2015-02-23 01:00:00,30,153.286843028276,405.43031290654,88.9933446887684,34.5157310716427
2015-02-23 02:00:00,30,163.264143380554,407.437760044818,112.66170960927,39.8528742098643
2015-02-23 03:00:00,30,146.638317406162,395.582289826677,93.4714124812925,41.9199585409805
2015-02-23 04:00:00,30,151.302074115689,460.823721591098,71.1776063086656,30.6563305755836
2015-02-23 05:00:00,30,167.324852996562,453.060793049651,93.2943037045442,49.9232990952578
2015-02-23 06:00:00,30,181.564774791422,422.792674667681,113.452940785502,35.6738685393124
2015-02-23 07:00:00,30,172.450400781099,390.779609434973,91.6882649705392,40.3467289881252
2015-02-23 08:00:00,30,158.81802865799,364.020205003246,89.93928362043,35.7972994743002
2015-02-23 09:00:00,30,148.04172421848,383.655127686579,96.4863885834684,37.4651559475233
2015-02-23 10:00:00,30,154.105360813334,420.45850535095,105.470223937688,42.8192872469537
2015-02-23 11:00:00,30,176.438817483015,481.042134857534,100.94246626596,45.0715283695863
2015-02-23 12:00:00,30,184.725633215531,451.064699808209,100.80737094215,44.4357395867387
2015-02-23 13:00:00,30,162.203239273129,352.786288353193,84.6459620482487,39.5494420095886
2015-02-23 14:00:00,30,169.403972701075,431.379330379289,100.174843701816,46.2503450162034
2015-02-23 15:00:00,30,168.017254865712,485.854703797678,102.404216739238,35.3995634230201
2015-02-23 16:00:00,30,159.54144612316,515.483337802527,93.2903644978354,32.8355341970388
2015-02-23 17:00:00,30,163.99054167836,491.479830938154,104.029579776819,40.1026335104166
2015-02-23 18:00:00,30,169.618728334326,478.135730766953,122.580767516417,32.6685523122894
2015-02-23 19:00:00,30,183.367471801516,395.129904132431,96.10883274008,45.9299313390658
2015-02-23 20:00:00,30,168.388925951721,345.432372983632,116.440973915006,46.3012576718606
2015-02-23 21:00:00,30,155.201099011224,544.803116707291,109.21239610832,40.7051219502374
2015-02-23 22:00:00,30,170.263571830442,487.784827599162,115.009711925828,29.224342720842
2015-02-23 23:00:00,30,165.232715645137,380.162866295572,106.185331861994,31.6274853836029
2015-02-24 00:00:00,30,165.964957312944,510.395772961115,91.9611765728849,46.0360236195726
2015-02-24 01:00:00,30,181.129191543121,527.185156141337,98.4335564272603,42.4781350961869
2015-02-24 02:00:00,30,160.758226187508,448.959949006051,96.4989992912857,40.5408964605294
2015-02-24 03:00:00,30,178.703761267542,409.337689808019,95.4937293132668,33.1039215717922
2015-02-24 04:00:00,30,152.171610399253,509.945905725163,90.1609657444154,48.7956873073738
2015-02-24 05:00:00,30,156.329580211485,401.300890321722,113.040500038369,47.1073450584269
2015-02-24 06:00:00,30,197.107644427359,416.375608766382,95.4868912922858,29.3719508023305
2015-02-24 07:00:00,30,161.082266196119,446.207074026784,104.604344923658,33.3879307176868
2015-02-24 08:00:00,30,158.465858850738,389.092343919756,108.49086558401,48.0385588599161
2015-02-24 09:00:00,30,178.984469621323,459.446678664574,94.8883453802591,40.3298819415993
2015-02-24 10:00:00,30,185.579993868744,402.810768462892,102.628977071732,38.7026252474857
2015-02-24 11:00:00,30,169.007752741393,494.708145241154,89.0854789895786,43.4608521692593
2015-02-24 12:00:00,30,158.281261213155,585.399884815864,101.597977003974,44.8628748219959
2015-02-24 13:00:00,30,182.204942739378,406.936610431303,94.7369878130051,35.2852514594286
2015-02-24 14:00:00,30,184.49684389249,451.580275660923,80.7240607617666,43.823601209157
2015-02-24 15:00:00,30,159.83937385232,462.827826712915,97.0412131423406,47.9888884832526
2015-02-24 16:00:00,30,154.308083525737,396.253710287158,98.4248207948371,44.6822877080277
2015-02-24 17:00:00,30,189.357091964448,467.516421538101,97.9535065906136,39.7583983608924
2015-02-24 18:00:00,30,183.99892519463,476.653625248129,117.453704414049,35.0471590395217
2015-02-24 19:00:00,30,180.688715147812,445.193513202388,97.9021271804605,41.3381436398155
2015-02-24 20:00:00,30,182.958474413271,600.884364519457,118.766660045005,34.8606128482186
2015-02-24 21:00:00,30,188.995803707882,406.203005829001,98.2400376993119,42.455239690595
2015-02-24 22:00:00,30,166.661816484063,406.511394524409,83.9964614100583,33.8741715994714
2015-02-24 23:00:00,30,182.290122767475,475.510929839624,95.4967995106369,35.1552790690788
2015-02-25 00:00:00,30,142.748102291956,424.517281434193,88.8246446417655,43.1813655812009
2015-02-25 01:00:00,30,138.747362062316,380.087062928691,105.587946623965,48.0578111607578
2015-02-25 02:00:00,30,180.354909219796,400.134068298277,103.188584775507,37.5790015064129
2015-02-25 03:00:00,30,179.923482925652,469.092565880173,93.6568220990097,39.5677533415829
2015-02-25 04:00:00,30,187.268615778413,356.001466075051,114.704738486274,48.2596100828001
2015-02-25 05:00:00,30,185.925000091956,440.509294108781,109.741103975974,44.2001784250042
2015-02-25 06:00:00,30,188.082814529008,472.578889927829,108.778821145752,31.1072702021977
2015-02-25 07:00:00,30,144.056461156267,453.718732120235,105.404181220314,38.5889591589904
2015-02-25 08:00:00,30,167.511617700413,473.170472515123,105.675304966673,38.7152256735928
2015-02-25 09:00:00,30,165.229358177758,399.27961628629,100.531502279704,42.8186651805848
2015-02-25 10:00:00,30,189.612932594712,374.054547631268,123.417211516721,35.8263563861277
2015-02-25 11:00:00,30,175.598918705722,482.276369168438,95.2728169799876,32.6087954088769
2015-02-25 12:00:00,30,146.800067867642,365.549831708733,109.285295065274,47.3712960395198
2015-02-25 13:00:00,30,142.869339702281,505.642866044219,95.3292001490578,35.2280013435472
2015-02-25 14:00:00,30,177.614259060435,427.263804183699,104.324867281008,41.324332220396
2015-02-25 15:00:00,30,143.809454237801,427.461716254553,101.859617148469,32.5598643791817
2015-02-25 16:00:00,30,180.848425077992,463.011426334143,100.686860586448,39.7280025148936
2015-02-25 17:00:00,30,156.386407794958,391.280741889702,105.600022314372,43.7619870570329
2015-02-25 18:00:00,30,195.776063395587,462.838333029071,100.171548920741,39.4134558616183
2015-02-25 19:00:00,30,179.152128266837,535.571527619154,113.451525808712,42.1921069719469
2015-02-25 20:00:00,30,184.437532184694,443.757865483467,106.165188469428,43.0432735390161
2015-02-25 21:00:00,30,189.7191977525,365.647747587505,106.053561823628,42.1263631523735
2015-02-25 22:00:00,30,193.551295862109,568.829719146324,107.794663801588,36.873333402769
2015-02-25 23:00:00,30,186.594560962924,554.473197100939,106.358625502948,42.8143696854251
2015-02-26 00:00:00,30,172.694989626168,451.994319750001,105.039337946677,48.3949202365037
2015-02-26 01:00:00,30,177.956845920105,427.290491516717,103.211100129928,36.1079464963889
2015-02-26 02:00:00,30,183.11701713576,423.195453305761,104.8083307973,41.5405721772422
2015-02-26 03:00:00,30,176.067990829044,435.552674647551,109.958609992075,40.2791744991034
2015-02-26 04:00:00,30,162.91531600026,492.144858815191,97.7120889681933,41.2237419497416
2015-02-26 05:00:00,30,176.72157908845,521.878561429386,95.3029341990919,39.5156818770294
2015-02-26 06:00:00,30,186.369429640496,460.028480423815,89.2322164836387,36.8848005196928
2015-02-26 07:00:00,30,179.743975269456,546.48731242352,95.7002773541333,37.3786206720799
2015-02-26 08:00:00,30,160.318543106856,516.171847018632,109.547806922681,41.9977884517932
2015-02-26 09:00:00,30,167.195291701837,539.413556165616,102.118667449524,45.3348447183499
2015-02-26 10:00:00,30,163.360986681288,404.916110030448,96.8664592003117,50.782857321594
2015-02-26 11:00:00,30,155.895433369667,456.935653364382,105.11858325273,42.5666814788155
2015-02-26 12:00:00,30,185.072119826924,394.819665137596,108.215283498599,43.5717339455566
2015-02-26 13:00:00,30,159.701223729943,355.834089424883,103.700045109325,36.1965659042679
2015-02-26 14:00:00,30,169.840091314361,485.916141997712,85.470138728529,42.1408546079046
2015-02-26 15:00:00,30,176.391837731327,426.222456270212,88.4641512876198,43.331268687143
2015-02-26 16:00:00,30,196.343919289693,441.256293025383,93.3285108487821,37.0693104352817
2015-02-26 17:00:00,30,151.096919268585,393.865385425898,92.3848900105186,39.772880881461
2015-02-26 18:00:00,30,172.728065945908,449.409576366217,99.6206927580239,31.9045140209073
2015-02-26 19:00:00,30,174.57271754386,508.656821597438,94.995658502217,38.7285919593345
2015-02-26 20:00:00,30,160.492622043321,390.874662974223,103.575719765124,36.9000808462628
2015-02-26 21:00:00,30,148.104021828696,521.061011957691,110.308496045819,40.4561514630679
2015-02-26 22:00:00,30,178.042022422952,431.760236313505,97.9339447332574,44.6945220178315
2015-02-26 23:00:00,30,182.582961848953,503.867916561357,98.7764856929951,29.0207660564725
2015-02-27 00:00:00,30,158.934216491965,428.50374883377,116.45194906461,33.8392707606756
2015-02-27 01:00:00,30,201.38965786011,384.315133957397,84.08846478243,37.297673006887
2015-02-27 02:00:00,30,167.193520197148,438.302205461476,99.0876639032816,43.301662062663
2015-02-27 03:00:00,30,174.689389747354,527.286787784387,113.26054887431,37.0721930201444
2015-02-27 04:00:00,30,158.359392460018,508.880575907288,87.6383302501988,37.0124277500323
2015-02-27 05:00:00,30,171.243394348375,468.589555367738,96.5168903819002,36.8332424643276
2015-02-27 06:00:00,30,189.276251050181,459.393497845701,90.6475277805833,36.7092088870764
2015-02-27 07:00:00,30,178.440668099411,354.324044477535,83.3363855794042,51.7341389670063
2015-02-27 08:00:00,30,161.315326499938,543.848422835647,91.5524842493559,34.5279758474749
2015-02-27 09:00:00,30,172.615344031125,403.181531979992,93.026625590575,36.2174948868059
2015-02-27 10:00:00,30,150.692209620998,486.304554837877,95.4095577880805,42.3860527261119
2015-02-27 11:00:00,30,177.501739069035,419.736321831147,99.8068101292233,39.7962311705156
2015-02-27 12:00:00,30,180.427714799595,408.413926291549,86.5037962128935,35.8522209071974
2015-02-27 13:00:00,30,165.999459131742,489.489237393631,87.4656520671309,41.3788052522943
2015-02-27 14:00:00,30,144.873537415585,406.110050488883,107.35870322758,31.5379712820561
2015-02-27 15:00:00,30,143.685864393182,519.316859611572,82.9935982828803,44.855934544823
2015-02-27 16:00:00,30,148.874946573955,442.628166301402,101.454388042334,38.6116335640448
2015-02-27 17:00:00,30,153.277864585889,392.35554167888,84.6654992514266,35.857624094472
2015-02-27 18:00:00,30,165.384621455833,493.266371098012,87.8749399942538,38.8682964831513
2015-02-27 19:00:00,30,167.310526068821,470.822194252094,93.6790257622278,42.6433178176294
2015-02-27 20:00:00,30,177.37228004356,513.225921845702,110.474090234938,40.6518705608985
2015-02-27 21:00:00,30,167.846396757007,449.619459254276,98.7991435976602,42.2912002398882
2015-02-27 22:00:00,30,173.946954136275,462.793220467129,96.7690006239114,42.950270272548
2015-02-27 23:00:00,30,201.552175051589,524.825774493583,75.1243869044632,43.6358677574107
2015-02-28 00:00:00,30,195.700709629904,378.49067693044,86.3071464973293,40.3141773889092
2015-02-28 01:00:00,30,157.84438710789,441.540577399817,102.838990449089,38.3906675520602
2015-02-28 02:00:00,30,178.145054463566,446.172832658359,113.230396237345,40.9727698530857
2015-02-28 03:00:00,30,189.570547334375,494.604044015359,92.1708328563075,38.1979691490377
2015-02-28 04:00:00,30,166.100580313886,491.358171472284,99.6879421006228,40.1941616256127
2015-02-28 05:00:00,30,183.862473099708,466.960645150171,103.90213091515,39.9001979550947
2015-02-28 06:00:00,30,200.318290299544,548.720779290166,97.0163345955706,35.9082179821644
2015-02-28 07:00:00,30,156.240995298285,396.014123914329,97.5269305406737,42.2176493230202
2015-02-28 08:00:00,30,176.89560494736,522.304702553221,94.985038795496,38.9143892507315
2015-02-28 09:00:00,30,179.366854521174,455.51718763237,99.0180903419901,33.6291193701393
2015-02-28 10:00:00,30,167.498873706573,396.549537714812,91.7170771024483,40.8578373874685
2015-02-28 11:00:00,30,171.799065655207,483.026939987899,95.8857775260267,39.4495841649535
2015-02-28 12:00:00,30,176.225814631928,497.564162971326,106.385375292244,40.954694043536
2015-02-28 13:00:00,30,163.173090955855,426.176485785418,95.2451898361963,41.5348246517688
2015-02-28 14:00:00,30,188.473943649719,466.633600112064,88.4809049218546,43.5313389600337
2015-02-28 15:00:00,30,183.600401818613,429.745940163284,82.812729545635,40.4444603559386
2015-02-28 16:00:00,30,181.952204573715,347.640235034227,91.105081423859,40.7683827664261
2015-02-28 17:00:00,30,183.645157666743,443.546713050774,81.8252587389463,41.2525342576197
2015-02-28 18:00:00,30,159.833504863669,477.525800303703,104.047330102896,39.2216129849395
2015-02-28 19:00:00,30,167.805836955897,396.158606289092,111.106573536022,36.4513439247955
2015-02-28 20:00:00,30,164.142117163544,425.71563667624,90.2806818437804,38.1993825438916
2015-02-28 21:00:00,30,147.77919200843,394.315546661977,99.4692498259701,34.2766058758134
2015-02-28 22:00:00,30,143.717644932377,440.397020764009,97.0328503850492,47.6833517934976
2015-02-28 23:00:00,30,166.809081577822,518.382384473244,105.680533321239,40.3121156474532
2015-03-01 00:00:00,30,174.949661747741,454.318707842952,115.076973107086,29.2489790662996
2015-03-01 01:00:00,30,184.479853216856,409.227334245292,106.871516907264,45.8169050813232
2015-03-01 02:00:00,30,179.617191260437,374.813136174313,88.0694507670771,48.7600890994618
2015-03-01 03:00:00,30,155.276811393035,414.584724420568,90.8572588921311,41.9572543252939
2015-03-01 04:00:00,30,163.928686205891,504.512067904226,115.97486007908,39.629492381438
2015-03-01 05:00:00,30,170.90260261246,460.078896925584,120.989227686321,35.4878919701882
2015-03-01 06:00:00,30,172.006300232913,402.728848247983,104.770975085182,37.8745131517752
2015-03-01 07:00:00,30,163.461593998296,464.33109037426,116.916115008184,42.6164484602003
2015-03-01 08:00:00,30,172.703566653012,486.933431731402,101.971340084444,35.0566077192871
2015-03-01 09:00:00,30,177.568373978569,408.026807391532,77.4378967168454,32.4902043877499
2015-03-01 10:00:00,30,199.667413652153,499.655862065166,103.398182148167,33.4994107940697
2015-03-01 11:00:00,30,167.411324521041,404.468184603607,104.51511014465,28.1773987816999
2015-03-01 12:00:00,30,187.874804092939,459.590173646047,89.3041339559933,36.3890165151705
2015-03-01 13:00:00,30,172.923716582009,514.076118820051,87.4443748852892,31.1264504231084
2015-03-01 14:00:00,30,168.297357299508,401.28140700584,98.9919474338913,33.2767905736871
2015-03-01 15:00:00,30,188.976973025988,454.834871685285,94.9661990662428,39.7873118934466
2015-03-01 16:00:00,30,180.544073363201,487.778854567561,99.3865306888877,41.8389973438209
2015-03-01 17:00:00,30,173.205039219892,398.255026160942,97.3975121596673,34.7744394051493
2015-03-01 18:00:00,30,170.627803716097,439.971566344847,118.589917368475,34.318844893741
2015-03-01 19:00:00,30,215.680712536707,566.296156523294,84.619448950957,46.6281794768166
2015-03-01 20:00:00,30,198.280065817471,439.669039154606,97.1020024570349,44.0248384056231
2015-03-01 21:00:00,30,159.939568180668,396.651182129825,98.5362983509785,44.7552058876605
2015-03-01 22:00:00,30,153.268164637538,463.029360060866,112.514700271126,41.568331807924
2015-03-01 23:00:00,30,178.230916730183,498.11906422658,91.7067329681041,37.6105556854521
2015-03-02 00:00:00,30,173.426525242893,440.178889231687,108.344283546353,43.1992366751295
2015-03-02 01:00:00,30,162.845456662947,425.784906736052,109.348201772151,46.6906180744886
2015-03-02 02:00:00,30,160.596374404202,477.113117238532,89.7285512622674,38.570942593832
2015-03-02 03:00:00,30,159.199343348871,473.993444478316,86.3460983268537,41.6812754422306
2015-03-02 04:00:00,30,161.941590210996,528.662495936481,82.2017743900933,37.5854861167846
2015-03-02 05:00:00,30,137.222318184401,390.438283429839,93.5177045182869,37.8268726541281
2015-03-02 06:00:00,30,184.612221062903,471.970002418289,115.596152451615,41.9632992774145
2015-03-02 07:00:00,30,171.115132617406,474.92064711885,111.349924393027,30.2482505317161
2015-03-02 08:00:00,30,153.301187827042,475.004742273068,93.3774996868751,38.2415626394224
2015-03-02 09:00:00,30,159.644364515791,471.531316554742,105.814672896522,49.9279251243692
2015-03-02 10:00:00,30,163.117742758922,361.30254164919,102.351378961898,42.9773006331639
2015-03-02 11:00:00,30,201.429129082934,474.863492618417,109.787760915428,38.0094832506104
2015-03-02 12:00:00,30,202.056480033625,461.336092573724,94.4559749394677,47.8745798985283
2015-03-02 13:00:00,30,168.128307955058,486.501443356927,93.1591477212883,48.1568916799687
2015-03-02 14:00:00,30,190.815345580979,486.691620226517,109.538639448122,33.8341515909415
2015-03-02 15:00:00,30,159.499186166422,444.097288610645,97.537057982884,33.7744642800958
2015-03-02 16:00:00,30,179.683135629516,428.010434176656,119.056430198426,35.1990600582949
2015-03-02 17:00:00,30,180.652280195913,519.271473450566,113.179578805817,32.134033608174
2015-03-02 18:00:00,30,164.021611398192,362.439133228536,98.6986492759047,41.5507704163414
2015-03-02 19:00:00,30,168.400827980539,484.920560496989,97.5963897107262,43.2051180442292
2015-03-02 20:00:00,30,161.920269006759,366.460049844004,114.06105876805,44.8914272513783
2015-03-02 21:00:00,30,155.085516397046,456.055321442993,99.105455979504,44.7538052831287
2015-03-02 22:00:00,30,186.765141526342,460.460369167234,99.0815051407481,41.9645797025828
2015-03-02 23:00:00,30,185.459344949476,435.78423925518,89.071361295002,45.0292913373126
2015-03-03 00:00:00,30,146.305797943449,466.94946483162,101.787141622237,40.7356900721348
2015-03-03 01:00:00,30,180.542175426948,387.139777540361,101.087502640491,39.8891943471163
2015-03-03 02:00:00,30,165.474843325031,457.464657683043,95.3775155913512,36.8764336690294
2015-03-03 03:00:00,30,156.832127165684,438.49396739944,104.31167262051,40.9538255954329
2015-03-03 04:00:00,30,174.142780332262,493.837044959021,100.595997312219,45.387779140508
2015-03-03 05:00:00,30,168.303219716636,490.01010938185,101.716132069872,43.3519260356017
2015-03-03 06:00:00,30,185.912391026205,419.237385778089,125.30417571971,43.4932513906774
2015-03-03 07:00:00,30,180.456562793203,461.320834291378,97.6418325978716,46.8218165376581
2015-03-03 08:00:00,30,162.228795956971,371.749943499765,102.265852333513,36.2506694503266
2015-03-03 09:00:00,30,168.392298089627,404.863443261989,100.852818585593,51.5673551098011
2015-03-03 10:00:00,30,198.34364885576,430.137280947313,113.102935903284,37.4546138005832
2015-03-03 11:00:00,30,186.986672376986,402.840805011705,104.241911097784,41.769854430221
2015-03-03 12:00:00,30,153.58290467839,429.987342797677,91.5404457523319,50.6492792202704
2015-03-03 13:00:00,30,163.484507573979,484.68104950945,113.980665588178,44.1160089032957
2015-03-03 14:00:00,30,185.491800723815,521.65962455134,106.888497197595,44.575078713716
2015-03-03 15:00:00,30,185.927417622684,459.137664538774,86.5681846964431,30.4777174739734
2015-03-03 16:00:00,30,149.039811735932,415.58679850169,100.03621052353,36.152597038782
2015-03-03 17:00:00,30,151.173927713077,535.13297385446,103.963521498496,39.8569119508213
2015-03-03 18:00:00,30,154.514931415242,450.358090119357,86.6986306807355,47.0558950745171
2015-03-03 19:00:00,30,174.087797657074,511.850229230357,88.3722763072328,46.3280386138161
2015-03-03 20:00:00,30,154.831098704972,428.142985037104,104.82942100348,39.4360667074622
2015-03-03 21:00:00,30,167.252632407345,417.626408809076,107.617692634175,46.1710580060812
2015-03-03 22:00:00,30,149.161143137364,479.291688663627,112.307611589585,39.2927533736589
2015-03-03 23:00:00,30,139.216934189401,509.397023996823,86.388086821193,39.5605223408453
2015-03-04 00:00:00,30,163.615357729604,457.930861704301,99.9345059548607,45.3626586781715
2015-03-04 01:00:00,30,144.610149418731,410.973048296249,104.114391591167,39.2188378900552
2015-03-04 02:00:00,30,145.507507365597,434.218653135708,89.2917491507058,41.9889976874609
2015-03-04 03:00:00,30,185.190423872579,447.417688305219,103.26099596151,42.372798583812
2015-03-04 04:00:00,30,147.885517009545,455.762651754338,100.587818436243,38.3592589750167
2015-03-04 05:00:00,30,156.609273738551,428.711356090402,96.1903454650983,41.4761476302633
2015-03-04 06:00:00,30,185.127066631164,573.924100113034,101.683940574211,38.4675131119662
2015-03-04 07:00:00,30,189.195163833821,360.535727459077,105.172037246601,37.8797327944756
2015-03-04 08:00:00,30,171.541026400193,419.864514495268,113.483417043905,41.1889391026139
2015-03-04 09:00:00,30,163.313096926748,530.63846634848,109.571880818975,38.1198529693816
2015-03-04 10:00:00,30,159.407588326891,532.562015438378,91.9695916665872,38.5482683575851
2015-03-04 11:00:00,30,169.104243461628,428.972288213088,97.9872870562106,39.7456408184577
2015-03-04 12:00:00,30,171.604591376799,446.809878929232,110.241346948749,36.1966644617307
2015-03-04 13:00:00,30,189.626472200836,350.153705848787,113.964003403049,39.5984336616641
2015-03-04 14:00:00,30,142.024105744919,474.014902290671,93.2500165114571,50.4136196887287
2015-03-04 15:00:00,30,182.168110727145,404.473043805768,106.198510270926,41.2628379894814
2015-03-04 16:00:00,30,170.032494114992,537.344545414833,111.143804348,39.3451989034648
2015-03-04 17:00:00,30,167.992532072912,479.078978646502,84.3493613739745,45.0576864903005
2015-03-04 18:00:00,30,182.255618476212,457.896757247343,103.061155840172,41.5640775644212
2015-03-04 19:00:00,30,171.288143914186,408.450544415042,102.406843654546,44.0771543282826
2015-03-04 20:00:00,30,166.324261438158,427.050455922026,102.395147205036,40.9961894971061
2015-03-04 21:00:00,30,185.111971208348,587.77788515859,97.5674898756734,41.6184190386462
2015-03-04 22:00:00,30,129.901366246434,427.431590154544,81.9492865779978,34.0474542389499
2015-03-04 23:00:00,30,166.142009381404,444.007529996659,101.400626789756,37.3185309353613
2015-03-05 00:00:00,30,194.076924547818,516.567652983102,94.4004111973676,27.1883680493177
2015-03-05 01:00:00,30,162.586525384931,501.552883024246,86.8804970989616,39.1982530695452
2015-03-05 02:00:00,30,176.842755643173,469.406897675455,111.338281355361,37.1600104834481
2015-03-05 03:00:00,30,156.853577250481,424.884955870328,122.576682212906,48.6414618230654
2015-03-05 04:00:00,30,172.499905427428,504.642497959571,118.380453803015,32.7106569234174
2015-03-05 05:00:00,30,164.865197423169,444.803117434729,97.5982561215804,37.7831400140983
2015-03-05 06:00:00,30,163.884659615924,456.192903120677,97.9281030281421,37.6346182176049
2015-03-05 07:00:00,30,179.74689189275,376.768250983143,83.6236761574016,41.4676709036494
2015-03-05 08:00:00,30,156.874516171564,501.088700827094,90.3194580725538,42.0121631632884
2015-03-05 09:00:00,30,194.033814459484,496.534892220658,110.173049826178,43.6671914251344
2015-03-05 10:00:00,30,179.710738456615,468.750424674242,105.262154951542,39.3125035778171
2015-03-05 11:00:00,30,147.38374453631,412.346716921237,83.5051629741714,45.7649166414874
2015-03-05 12:00:00,30,202.523065005605,429.238269234898,114.820417911979,45.6277693927403
2015-03-05 13:00:00,30,186.285952759376,473.664429024432,92.0627643311925,35.7452995917264
2015-03-05 14:00:00,30,176.005040975188,535.000460328733,83.1356506604126,46.9415810202579
2015-03-05 15:00:00,30,167.399835377427,401.820196692601,97.3135351540516,42.3213202953111
2015-03-05 16:00:00,30,176.996200401484,430.314337403101,97.6403865673199,36.1175327033699
2015-03-05 17:00:00,30,151.953319253998,365.605847867422,85.0791365033318,43.8370246750829
2015-03-05 18:00:00,30,167.794230435272,461.423798862023,100.422699093334,46.521390099386
2015-03-05 19:00:00,30,179.484345462409,454.872790906268,93.3309118956479,35.5138480718289
2015-03-05 20:00:00,30,161.692256108405,467.613041868991,100.530977933795,36.2588662883875
2015-03-05 21:00:00,30,172.941750700224,492.23382056569,110.974128999133,40.2368327138296
2015-03-05 22:00:00,30,151.694774246731,538.620213169503,111.996378893906,34.1098445917925
2015-03-05 23:00:00,30,180.367680491746,436.890359581416,84.277083684409,35.3116382239311
2015-03-06 00:00:00,30,173.831584712519,542.986545431937,96.9960000712812,35.2209494707639
2015-03-06 01:00:00,30,168.54573875127,473.682231698104,106.316361568157,38.049039506607
2015-03-06 02:00:00,30,174.433014314534,474.13907850573,74.7260613585267,43.8687699536161
2015-03-06 03:00:00,30,179.900087399321,450.838679584324,97.4438335905169,36.2552477942376
2015-03-06 04:00:00,30,153.24615779083,463.67172008294,93.6872903263398,40.2208674417723
2015-03-06 05:00:00,30,178.623069963144,461.096808546024,114.564179344131,31.986123907035
2015-03-06 06:00:00,30,167.968435295639,350.475528517208,91.8613136646364,40.8305699007469
2015-03-06 07:00:00,30,178.089687115981,455.593044784114,82.4744550079821,41.8332883111548
2015-03-06 08:00:00,30,191.007915105995,392.62361448991,82.9322562160497,39.3636133988151
2015-03-06 09:00:00,30,171.986246446051,488.719958320704,98.9502541455162,43.9536925786966
2015-03-06 10:00:00,30,166.581873354372,454.359573234578,87.4442870485966,46.1085541382525
2015-03-06 11:00:00,30,164.302746234059,485.916289884622,99.5792153401476,36.8146660789424
2015-03-06 12:00:00,30,161.480078083682,422.107001859075,83.0100868423065,50.2576048470972
2015-03-06 13:00:00,30,154.07759095323,451.56842222603,101.021000663116,30.8832082727136
2015-03-06 14:00:00,30,164.92848415661,307.301250027018,101.907942230332,41.5766144593513
2015-03-06 15:00:00,30,163.917001465772,347.268090270504,104.02039957917,38.730304105845
2015-03-06 16:00:00,30,198.175810918056,510.715473278981,97.8482176719377,44.5406104133923
2015-03-06 17:00:00,30,175.095922615065,455.204470982567,82.3105434385771,38.6906280963543
2015-03-06 18:00:00,30,179.560299546815,417.551777134225,95.4076679744719,41.0176401402759
2015-03-06 19:00:00,30,180.48633923458,350.505918859094,94.7880583055086,38.0198534720485
2015-03-06 20:00:00,30,166.338050070934,441.086109725036,100.712771772827,47.2269609067253
2015-03-06 21:00:00,30,183.36814595542,508.441035349436,108.560920941643,48.4686084117404
2015-03-06 22:00:00,30,194.361016237495,392.852410718305,104.260714084392,47.4422151243878
2015-03-06 23:00:00,30,153.447399086937,487.883858447736,88.6597303957051,36.9573142613714
2015-03-07 00:00:00,30,162.123657587382,452.947229444542,107.112154219728,32.2685279959
2015-03-07 01:00:00,30,150.278950311439,490.421883346016,90.8310646446019,48.0732155260792
2015-03-07 02:00:00,30,157.780547909328,483.152404010424,96.0730569532713,34.3529820903332
2015-03-07 03:00:00,30,209.37549066651,362.997629575671,96.080467399882,48.6875727784646
2015-03-07 04:00:00,30,180.074127689624,513.043219695376,85.8832906229974,37.7634640645609
2015-03-07 05:00:00,30,161.594124478837,524.530345764143,98.9783947868447,38.651304280602
2015-03-07 06:00:00,30,176.168572035996,499.217645540415,82.2511151283906,44.3156717352675
2015-03-07 07:00:00,30,165.882598404459,469.18785187944,113.119575849184,48.4478770999223
2015-03-07 08:00:00,30,162.09197726658,389.41983980337,93.8188716377863,43.0717998355343
2015-03-07 09:00:00,30,183.140393644539,593.531161006456,94.1986835359707,48.2906379751321
2015-03-07 10:00:00,30,161.70381573494,467.145044002827,106.859437157424,43.4462638565622
2015-03-07 11:00:00,30,196.797379696682,487.866983360273,103.48176632607,42.7377829979566
2015-03-07 12:00:00,30,181.807696062645,480.755115441263,85.2545603320908,35.8518519782115
2015-03-07 13:00:00,30,190.928097306069,534.275268543122,93.094708679355,43.5306805830495
2015-03-07 14:00:00,30,199.9580558947,479.052385209695,102.393172747164,38.1804481854429
2015-03-07 15:00:00,30,190.658867470182,390.053630494905,116.941538923456,37.2180985064638
2015-03-07 16:00:00,30,149.359978395662,439.171639634526,90.218183436266,46.2438208843406
2015-03-07 17:00:00,30,192.245993065927,513.749447469008,87.8651189770417,42.2280477667595
2015-03-07 18:00:00,30,168.334528018942,451.353953120468,106.48859536316,41.0264414083813
2015-03-07 19:00:00,30,178.071236636425,542.338951177601,115.638904222079,39.5840241863618
2015-03-07 20:00:00,30,192.134507007219,472.110552766113,98.968535375991,37.8756667921352
2015-03-07 21:00:00,30,177.318835802156,471.307285715068,110.044551884155,41.3522590972416
2015-03-07 22:00:00,30,171.334175415943,569.958559195405,101.199379104481,31.272160923975
2015-03-07 23:00:00,30,173.512492522421,449.616424174829,85.108498515308,34.9431703015824
2015-03-08 00:00:00,30,182.79540314122,373.754755740774,109.176433639156,40.1293156112827
2015-03-08 01:00:00,30,174.823987055019,523.679679596384,86.4341306004979,36.8155662305729
2015-03-08 02:00:00,30,145.362238031621,372.516962343141,84.785886996761,40.0721936569488
2015-03-08 03:00:00,30,165.42484392123,435.940992501658,113.162581473469,44.6420924887434
2015-03-08 04:00:00,30,150.824571345671,453.816890663699,104.753174975517,46.9488468707086
2015-03-08 05:00:00,30,198.146057124198,469.213286072931,89.9809231216592,45.8316481379354
2015-03-08 06:00:00,30,156.146229434991,453.652057915728,102.490243844522,42.8877827479749
2015-03-08 07:00:00,30,191.499852967535,521.794851111812,109.284438271838,44.254197802889
2015-03-08 08:00:00,30,196.655763768022,516.572995108233,105.915339398068,36.7899007408518
2015-03-08 09:00:00,30,185.766514486515,397.876423426784,104.681977157865,35.62854243454
2015-03-08 10:00:00,30,171.291693071642,421.412653694076,96.1676274735538,44.8524441936564
2015-03-08 11:00:00,30,182.841811369474,505.134493899593,101.511465555841,48.122540046319
2015-03-08 12:00:00,30,152.167106008602,464.453363084576,102.580575374772,44.9280365996385
2015-03-08 13:00:00,30,149.362278843491,377.303326841475,110.711466670299,39.6930576341315
2015-03-08 14:00:00,30,170.937461282353,472.949587990932,100.463152645552,28.8089398892278
2015-03-08 15:00:00,30,187.694861163867,409.984346552499,97.5066025782629,35.8327187590523
2015-03-08 16:00:00,30,169.427026379549,369.779730220868,106.652188970236,50.1535770128971
2015-03-08 17:00:00,30,195.055466903767,420.47414144377,100.289002549391,45.6061057310688
2015-03-08 18:00:00,30,158.118316637034,410.99298116911,100.147179573646,38.8183987945768
2015-03-08 19:00:00,30,160.669742061916,530.530204550023,108.71872839726,47.6991404726722
2015-03-08 20:00:00,30,197.534557375733,422.439278954158,112.518006490184,35.838148516613
2015-03-08 21:00:00,30,194.766526854389,461.60029597539,92.0369773726745,42.9751846337221
2015-03-08 22:00:00,30,174.436266580271,462.804019250401,117.879160859843,38.7079129929738
2015-03-08 23:00:00,30,173.814714327549,384.331151603719,112.595934898002,33.8824231663896
2015-03-09 00:00:00,30,137.403211981876,451.052912882562,102.230679287685,42.9936747301185
2015-03-09 01:00:00,30,181.015791314094,419.767856457594,109.230995744404,36.6043287919258
2015-03-09 02:00:00,30,181.064056645547,485.42015417336,90.0161157984364,43.4527747073528
2015-03-09 03:00:00,30,162.125099524731,361.157295390611,98.5110020026215,41.9735006063231
2015-03-09 04:00:00,30,166.105268052698,461.67069849763,97.4785037700282,34.9226158457113
2015-03-09 05:00:00,30,154.7124682878,445.733162527345,93.8892589618408,44.9961927417233
2015-03-09 06:00:00,30,143.435278534222,425.82320369193,90.6097932789118,43.5479570932994
2015-03-09 07:00:00,30,168.761077869492,499.36872449259,96.4082440252975,44.7731316130946
2015-03-09 08:00:00,30,154.499256757291,468.672529124752,114.706319763349,42.2860743909762
2015-03-09 09:00:00,30,157.765718584665,424.541080304011,102.372944660107,47.6266658417228
2015-03-09 10:00:00,30,152.071571320077,570.041264105493,123.426456308778,42.6516813403804
2015-03-09 11:00:00,30,129.891621126502,471.123013217668,102.060296872281,45.0124448111893
2015-03-09 12:00:00,30,163.870257376808,425.424981997652,116.959257722634,37.5241062877987
2015-03-09 13:00:00,30,161.665178607115,407.715491395992,88.8841703082219,38.9265604334912
2015-03-09 14:00:00,30,174.018361562778,385.811977042388,102.000656984366,46.5475149299783
2015-03-09 15:00:00,30,179.581658329293,507.535455430162,109.273417712653,43.7686987257193
2015-03-09 16:00:00,30,181.312170733147,416.807677269354,91.0055476514817,36.6302203555622
2015-03-09 17:00:00,30,172.45959268763,489.355019260138,89.0365941384773,38.1841832361449
2015-03-09 18:00:00,30,160.734044084209,382.543683880038,111.364817930651,45.5415433203376
2015-03-09 19:00:00,30,182.60547288583,466.961900534082,87.3184502431557,47.4278072480527
2015-03-09 20:00:00,30,167.69068124875,348.873933422262,86.9996202274443,33.71234460669
2015-03-09 21:00:00,30,183.282718968459,446.58900520032,117.588784085141,39.3879576188324
2015-03-09 22:00:00,30,170.616300573788,536.472282657594,107.139829187691,38.4656721809398
2015-03-09 23:00:00,30,205.512629043381,457.153394918173,100.553948700118,36.3580225634539
2015-03-10 00:00:00,30,153.851660160534,443.276871057407,92.2074872896227,37.3415293602767
2015-03-10 01:00:00,30,174.389418874998,544.193973774745,113.524803482797,42.8515466136724
2015-03-10 02:00:00,30,164.263874635882,495.458562170068,99.7425147186058,42.1388982426219
2015-03-10 03:00:00,30,188.875644896206,475.982359102474,97.5998001054796,41.3751533713026
2015-03-10 04:00:00,30,191.370011261568,464.701912226894,104.249928396451,39.9831996107332
2015-03-10 05:00:00,30,173.519724025306,513.753437411308,107.122826398734,52.056223358742
2015-03-10 06:00:00,30,157.727498794511,418.511957082025,90.8487683009594,34.9386922330644
2015-03-10 07:00:00,30,160.725340211194,344.532420901553,104.083101193318,46.2551064317665
2015-03-10 08:00:00,30,153.56399053583,355.656104934654,108.532849265089,30.2903576282635
2015-03-10 09:00:00,30,163.562004668803,385.446275486399,104.950996548343,47.9533838126282
2015-03-10 10:00:00,30,177.305716753772,481.616933113322,116.181606705072,41.4326476359301
2015-03-10 11:00:00,30,161.715510074136,470.957406348338,113.633113304472,45.8504941487753
2015-03-10 12:00:00,30,196.359683359172,463.352966733786,87.9230877973762,43.3211250312443
2015-03-10 13:00:00,30,177.384077389144,390.942287864201,95.8107445472826,42.5703857692456
2015-03-10 14:00:00,30,176.612934177461,537.796747160877,117.811296726914,33.8150062229982
2015-03-10 15:00:00,30,141.425296113237,520.230767967681,95.6507383347184,42.9487137762
2015-03-10 16:00:00,30,188.095431356167,505.142610859567,102.516405032715,40.6485271162931
2015-03-10 17:00:00,30,178.223535096334,385.779327183857,95.633967782973,34.4953316840671
2015-03-10 18:00:00,30,159.525579752468,487.196097951809,95.0662305972823,41.7319094810783
2015-03-10 19:00:00,30,200.51915409847,422.684562836288,94.4680321862589,40.8498461690481
2015-03-10 20:00:00,30,147.319934859394,446.502795520241,93.4757132349151,42.4810311292113
2015-03-10 21:00:00,30,179.201151030042,493.025270804929,121.312087443861,34.2237883292768
2015-03-10 22:00:00,30,182.436581587494,446.887705267124,120.380659953878,32.1405341575548
2015-03-10 23:00:00,30,177.00825028801,505.452042872549,104.993028090137,43.5830658439188
2015-03-11 00:00:00,30,176.013460884714,579.258662240668,94.0379239720163,39.4457968772621
2015-03-11 01:00:00,30,152.852992829932,364.080330283651,91.5099524395888,40.4588965129972
2015-03-11 02:00:00,30,194.700750971931,369.454177795332,104.066943269532,40.1031793136135
2015-03-11 03:00:00,30,153.986227567365,480.50650268959,130.47534684859,43.7256456362346
2015-03-11 04:00:00,30,119.055386987628,427.619673147941,92.8826842746083,47.4932511690748
2015-03-11 05:00:00,30,165.66281547948,411.724520637952,101.681493076836,37.7449737349093
2015-03-11 06:00:00,30,176.468504712667,482.014734846426,110.408584090651,38.6125710255609
2015-03-11 07:00:00,30,174.744790804115,496.02494322846,100.526176225772,46.873108857761
2015-03-11 08:00:00,30,170.764135081247,524.109550562657,122.769716450867,36.85132440341
2015-03-11 09:00:00,30,151.552358455775,394.992701367717,102.18044350863,45.0897851054658
2015-03-11 10:00:00,30,152.672031242871,497.556133111612,95.564758932188,46.2323149124813
2015-03-11 11:00:00,30,175.61380000559,552.382870187054,87.550290569738,38.2121947379918
2015-03-11 12:00:00,30,158.360750502121,440.225380471166,86.1222076016365,41.2715826644618
2015-03-11 13:00:00,30,160.213523054065,459.248051643651,89.7758501476944,35.1853925579705
2015-03-11 14:00:00,30,193.815009396192,501.246735567513,118.096507084574,36.5732471211958
2015-03-11 15:00:00,30,189.926833349702,505.882827116281,106.411037994935,42.5520921062893
2015-03-11 16:00:00,30,173.014605445794,385.480869298379,123.356970182953,38.6291931967775
2015-03-11 17:00:00,30,191.756091776064,446.751349156721,108.225370012984,33.6978940279184
2015-03-11 18:00:00,30,168.028282079333,457.273662866769,102.991001563816,39.7280237446566
2015-03-11 19:00:00,30,179.038484679882,514.11213986366,97.4823225815418,44.3062380143913
2015-03-11 20:00:00,30,182.281021657089,370.698782864575,115.191845927336,31.8510704470267
2015-03-11 21:00:00,30,157.458671420572,431.05238192126,101.33339793366,41.6732538859005
2015-03-11 22:00:00,30,172.162794537379,501.508014126932,113.907053828261,46.9887863559564
2015-03-11 23:00:00,30,170.238878530873,392.801684799587,86.3564466758673,45.4213891403795
2015-03-12 00:00:00,30,182.65693848436,377.917621185697,104.105050274876,36.4528206447924
2015-03-12 01:00:00,30,178.108436341735,414.660879784065,104.287964341913,36.8357244733422
2015-03-12 02:00:00,30,174.288191056311,518.114579300299,100.78680132378,44.7792014246399
2015-03-12 03:00:00,30,193.666498534881,389.493854608344,90.5860704047024,35.8418304686175
2015-03-12 04:00:00,30,164.621162854539,523.800009236447,80.8442783118516,30.2884140175985
2015-03-12 05:00:00,30,181.880841527181,516.54798650279,114.201627407558,37.7681921861547
2015-03-12 06:00:00,30,173.900620803749,535.494302238576,87.0601076566528,43.8977661868971
2015-03-12 07:00:00,30,210.524505370721,462.857069357038,96.4869903727597,47.3204916346037
2015-03-12 08:00:00,30,167.015549545576,420.954771790346,99.3487572970529,33.6600287488907
2015-03-12 09:00:00,30,189.182958805609,414.82933248593,111.904321740596,46.6765008978641
2015-03-12 10:00:00,30,150.64021956442,532.748894235273,97.4640420914052,41.3123919298462
2015-03-12 11:00:00,30,171.467777762655,452.306681298264,104.562625498625,38.0586036384076
2015-03-12 12:00:00,30,164.488233514206,420.628126454357,81.1975716795249,42.9008298675501
2015-03-12 13:00:00,30,173.35733796806,495.159226199988,95.7985066980508,45.2931293801604
2015-03-12 14:00:00,30,194.119334391113,504.796976026955,123.932327419767,39.0218620681338
2015-03-12 15:00:00,30,169.80463280086,466.280351778316,107.679377187271,47.3396554872904
2015-03-12 16:00:00,30,153.091198305655,498.798131983219,103.270946175185,31.6000723477798
2015-03-12 17:00:00,30,186.413613770353,519.811486568828,98.1706337444395,36.1440538413952
2015-03-12 18:00:00,30,174.453610145037,474.552166665235,81.6281746795022,42.9697176864524
2015-03-12 19:00:00,30,154.857473860442,474.533780417256,88.3976332797563,40.4257354249443
2015-03-12 20:00:00,30,163.380131973752,473.871738282539,108.591505437101,46.1906171933235
2015-03-12 21:00:00,30,155.240554454558,469.765747863157,97.9051348971554,38.6537323990534
2015-03-12 22:00:00,30,174.368324368826,476.02113778307,99.0795149130928,42.3130952948169
2015-03-12 23:00:00,30,175.291907115876,387.267173126468,104.936087890052,34.5518152421819
2015-03-13 00:00:00,30,165.017958923312,337.754599931346,105.520969750008,36.7647939914746
2015-03-13 01:00:00,30,181.892324307498,458.359517785983,91.04136277343,37.6142080262881
2015-03-13 02:00:00,30,167.97044590102,493.231776844826,94.3874972435598,37.3050185262823
2015-03-13 03:00:00,30,183.412899794983,385.965376183526,108.637107928873,45.3595497005372
2015-03-13 04:00:00,30,156.007309966485,369.080793347459,105.834751475972,46.709460703897
2015-03-13 05:00:00,30,194.905970976086,428.880768475073,104.64369655867,50.4912912426877
2015-03-13 06:00:00,30,168.861076801442,401.90275725862,87.0204000018543,37.9715051073479
2015-03-13 07:00:00,30,167.886703393802,486.979749716933,96.5127760056675,49.8952747347996
2015-03-13 08:00:00,30,168.876747660722,420.501071609962,111.501853451346,39.1547635672043
2015-03-13 09:00:00,30,154.879841512067,365.571249119489,87.16053489914,29.9218786113767
2015-03-13 10:00:00,30,171.78228644386,472.917537890754,98.0438773831479,41.169047897196
2015-03-13 11:00:00,30,162.900495020719,470.384150402576,96.9989862713231,40.0117442704658
2015-03-13 12:00:00,30,189.33555246606,409.453470203966,92.2918070716034,37.8829607964707
2015-03-13 13:00:00,30,181.489071779741,419.343707060314,94.5840435996547,43.5362301299616
2015-03-13 14:00:00,30,183.368236494181,445.748806881046,100.098126561143,43.6103992778795
2015-03-13 15:00:00,30,187.987426687583,442.125920758269,98.77400284023,37.3837619182313
2015-03-13 16:00:00,30,181.869156613379,453.730754126688,104.615372871641,38.2007217192827
2015-03-13 17:00:00,30,194.106028049971,440.625195012986,109.17839557499,33.9866135322102
2015-03-13 18:00:00,30,163.575442912247,511.392840910491,88.5637892517101,43.8124096170481
2015-03-13 19:00:00,30,156.76941438747,513.191976041128,90.6413274743729,39.7155937873255
2015-03-13 20:00:00,30,179.152964778385,460.00823091405,94.8223097815292,38.8734635772202
2015-03-13 21:00:00,30,173.995586167448,488.817659013819,96.2479865007319,35.9669740536553
2015-03-13 22:00:00,30,187.873072141976,474.098130161789,129.143648507853,42.358654666815
2015-03-13 23:00:00,30,147.437779689429,497.388221340635,97.1144651111989,43.1858243971784
2015-03-14 00:00:00,30,158.280028085681,400.314605635181,82.477401115177,57.7738639475432
2015-03-14 01:00:00,30,152.385733763749,562.183350296993,127.068248518933,49.5598233248151
2015-03-14 02:00:00,30,186.814099853599,494.855893057866,96.1045298542113,46.3606471577721
2015-03-14 03:00:00,30,174.607721235686,538.136422745741,100.472537196475,50.6889083932247
2015-03-14 04:00:00,30,167.696411609634,457.745508398868,100.992543154733,51.6488131418938
2015-03-14 05:00:00,30,164.668468050734,403.957562230353,103.616875552151,49.1160315570007
2015-03-14 06:00:00,30,143.484935960018,520.035645175426,92.7428692499926,50.4709216960062
2015-03-14 07:00:00,30,169.83665575547,449.258954548813,119.919933832928,51.2013935364612
2015-03-14 08:00:00,30,127.229975347555,439.591441900931,111.056337249862,53.7308745895243
2015-03-14 09:00:00,30,170.799641187809,386.238801713338,93.8904178516712,53.3079526697312
2015-03-14 10:00:00,30,191.058609176121,399.242722131131,99.0598511067409,51.2092450605681
2015-03-14 11:00:00,30,165.455610099383,338.010774491371,97.349089687112,52.7978595072233
2015-03-14 12:00:00,30,177.198769261201,455.943853590499,83.0601584752283,54.1171279940807
2015-03-14 13:00:00,30,162.752479596028,407.887275759669,115.880940406256,51.463047369254
2015-03-14 14:00:00,30,157.731424728607,443.407092976618,94.0683301703372,47.4405854708991
2015-03-14 15:00:00,30,155.440494812658,370.004348331981,111.110191489047,45.8139408372811
2015-03-14 16:00:00,30,162.773632249354,399.238575778839,91.9909970079091,52.2848976697945
2015-03-14 17:00:00,30,155.538820528638,418.523959444563,109.362232560913,50.8570753776066
2015-03-14 18:00:00,30,184.829197442517,415.60842439692,91.4351549725823,43.9572416934684
2015-03-14 19:00:00,30,164.890352866915,511.891771979058,101.12835071017,49.3062423198279
2015-03-14 20:00:00,30,159.016329024876,428.752983815942,102.002057399713,49.7351746515524
2015-03-14 21:00:00,30,168.102823735817,521.841555345336,111.663603704456,51.2786458965571
2015-03-14 22:00:00,30,175.558052836844,384.373264743016,99.5212358457597,47.8686511492118
2015-03-14 23:00:00,30,177.114341962318,456.337634806343,102.224866760951,45.5284656551753
2015-03-15 00:00:00,30,179.580495636528,465.355883309713,99.2426482108352,46.872505337499
2015-03-15 01:00:00,30,193.972286135538,403.482656039341,104.997222934384,53.9631757913219
2015-03-15 02:00:00,30,172.111125521425,458.119835746191,102.161352379001,47.2798779125886
2015-03-15 03:00:00,30,182.800222476903,390.965046129944,91.7786993734617,60.5956683643127
2015-03-15 04:00:00,30,153.501774274273,380.619870440457,89.1595280677721,55.5957491626211
2015-03-15 05:00:00,30,174.882181838375,433.149785565459,114.102474980647,50.4267771722546
2015-03-15 06:00:00,30,177.377052402026,442.729463150052,110.417058856354,45.301139141107
2015-03-15 07:00:00,30,185.813590789478,460.543688247115,99.3615267037777,53.619447426775
2015-03-15 08:00:00,30,202.698345023727,441.703211269503,105.377198227976,56.9134295333463
2015-03-15 09:00:00,30,155.844665644358,470.478055324001,106.344869797047,48.6582427732535
2015-03-15 10:00:00,30,151.710194921408,367.429494911804,84.1899658167784,50.943356021964
2015-03-15 11:00:00,30,162.614712473901,517.700365262034,90.0494823987162,46.5172394407799
2015-03-15 12:00:00,30,167.305865486379,440.277145550133,113.812065179224,51.4534603438618
2015-03-15 13:00:00,30,162.099513248823,482.291136617516,101.190424748796,46.4486168527317
2015-03-15 14:00:00,30,198.02658234633,333.5403869293,109.145087858297,47.6592872270091
2015-03-15 15:00:00,30,163.505649014207,489.144766406509,113.21085587914,49.6277279797917
2015-03-15 16:00:00,30,175.502285057122,459.542053508728,102.779664867404,46.03637009379
2015-03-15 17:00:00,30,152.620098567444,414.204367795924,89.2143817718515,49.6524442269361
2015-03-15 18:00:00,30,172.111378137101,536.405696387097,51.2540430372822,38.2438877797449
2015-03-15 19:00:00,30,168.714372814796,544.044378132934,100.721201623828,48.5180284637126
2015-03-15 20:00:00,30,173.69328464297,445.37127022968,82.2226714036645,42.6636516776106
2015-03-15 21:00:00,30,167.74402184682,512.389642140201,102.712649475082,57.1860931088228
2015-03-15 22:00:00,30,154.344647695355,507.247602588168,105.209854939251,44.3138542853256
2015-03-15 23:00:00,30,174.194078694064,504.443830011311,94.1756656319228,54.0398339506563
2015-03-16 00:00:00,30,206.951602392347,500.712608997899,94.1627651679962,59.4120692333167
2015-03-16 01:00:00,30,183.588477464906,431.27386390539,92.6413626110721,41.0833359974924
2015-03-16 02:00:00,30,196.01568709618,422.245335522926,99.8194656173565,49.2202175479027
2015-03-16 03:00:00,30,161.461812477942,421.21923320882,106.746741832985,38.1222554233385
2015-03-16 04:00:00,30,165.252190654179,507.890573771182,102.270563632308,45.9503098902801
2015-03-16 05:00:00,30,182.609331589924,479.45276964686,86.4765341466896,41.8823319319229
2015-03-16 06:00:00,30,175.065067308679,474.217205712774,118.362246182168,48.9738716547577
2015-03-16 07:00:00,30,161.69157560989,521.695220624465,94.6908981275456,47.2897176204159
2015-03-16 08:00:00,30,143.68148287326,549.986204755627,105.298245960473,36.1290989194183
2015-03-16 09:00:00,30,173.32429219564,520.837051752143,105.715226609606,37.0293346057176
2015-03-16 10:00:00,30,169.412704341328,429.097060724427,103.960076023563,38.135312001827
2015-03-16 11:00:00,30,183.661296112111,503.402966620119,98.8661059111753,46.067079147406
2015-03-16 12:00:00,30,183.211745297169,503.016620561128,106.433828527156,40.2538822514306
2015-03-16 13:00:00,30,206.676953348237,446.328630326068,108.620725169934,44.6912329248164
2015-03-16 14:00:00,30,180.853829070664,383.00328044721,95.0078358301191,43.9792563374068
2015-03-16 15:00:00,30,169.844515782835,510.288112119785,95.2367950526676,34.2672229976116
2015-03-16 16:00:00,30,212.557237475518,375.573735578908,92.8803188619665,34.4652743107259
2015-03-16 17:00:00,30,198.960278636387,404.882639656476,99.2286437445258,43.2255193588164
2015-03-16 18:00:00,30,190.181963009573,550.665519021357,100.161149553432,40.103211261959
2015-03-16 19:00:00,30,199.252674909871,416.916014626308,108.052089788796,39.6058374627774
2015-03-16 20:00:00,30,178.063836270592,448.754112935858,108.316474862875,46.6385409669358
2015-03-16 21:00:00,30,181.408581606929,392.79034299441,116.092722585807,29.8595285172471
2015-03-16 22:00:00,30,204.806958291079,497.976061259163,96.4323345350486,43.1313104123053
2015-03-16 23:00:00,30,171.284217250086,442.330300771363,96.2841868494664,41.2914115646187
2015-03-17 00:00:00,30,187.05658651494,467.507255347983,91.646825906303,47.4645477247962
2015-03-17 01:00:00,30,193.452851530933,420.072788081667,69.5068959546569,41.9648996377531
2015-03-17 02:00:00,30,192.687370611084,334.795151902856,111.936794283538,38.6339334369253
2015-03-17 03:00:00,30,171.374886642804,426.243056830906,88.2126867755,44.6182992101844
2015-03-17 04:00:00,30,190.671251393712,468.329551191921,102.663772832571,42.8020525830589
2015-03-17 05:00:00,30,210.814012222025,480.15249110193,113.971826390648,33.583448506942
2015-03-17 06:00:00,30,167.081811766017,451.594913024789,84.4026156577729,47.4491928401825
2015-03-17 07:00:00,30,176.170913606659,424.277643863884,97.2511387620607,39.9772725660666
2015-03-17 08:00:00,30,207.390574354342,445.076059051185,95.1442700526377,34.3542202177059
2015-03-17 09:00:00,30,186.854124610848,519.738858072603,105.05070394085,32.196355137336
2015-03-17 10:00:00,30,164.11116189503,490.176811836262,123.803325650693,36.1093698916625
2015-03-17 11:00:00,30,195.296108979164,486.019805117491,99.7088119937309,37.2372087156749
2015-03-17 12:00:00,30,182.096374455461,409.189017426803,101.475800260574,47.9701992490504
2015-03-17 13:00:00,30,194.037408368557,408.109524133196,109.882189732734,44.4170902685047
2015-03-17 14:00:00,30,153.877808336862,349.472039651607,109.76171911335,41.2526271565596
2015-03-17 15:00:00,30,195.737632559334,412.281866429495,106.684071544555,30.9347071844514
2015-03-17 16:00:00,30,160.713665911647,435.805027821357,86.2632431000668,43.2199872117862
2015-03-17 17:00:00,30,204.455696942596,466.596596269525,86.8235329399968,32.9054593137724
2015-03-17 18:00:00,30,202.419361748535,411.007627404628,117.3781253344,43.8455944414118
2015-03-17 19:00:00,30,203.683294390851,419.777215167616,100.400078308785,46.3519757441447
2015-03-17 20:00:00,30,167.71133379709,451.008735787812,82.3783443796193,39.709970606554
2015-03-17 21:00:00,30,193.132670310757,526.553200454831,87.0845309927966,41.4385765406201
2015-03-17 22:00:00,30,170.578379837037,423.328552451822,89.9798496549245,43.4989029685977
2015-03-17 23:00:00,30,198.736727359823,439.496042898033,92.8953593049612,35.7286051381035
2015-03-18 00:00:00,30,174.258162928277,427.870121849939,94.2891308704548,35.088103984198
2015-03-18 01:00:00,30,181.000536141835,470.652929531685,94.4298078316659,40.7415614281207
2015-03-18 02:00:00,30,157.584302959754,428.357776199047,97.067420026569,39.3315995403172
2015-03-18 03:00:00,30,171.169008752738,411.685554062744,108.413480616769,40.8643746722862
2015-03-18 04:00:00,30,187.156942359779,557.174752293541,121.340384160604,32.2051392822804
2015-03-18 05:00:00,30,192.674763691363,513.164925293144,94.8249644403635,29.4236760699341
2015-03-18 06:00:00,30,198.316249269374,516.918705680703,98.7346436949546,48.6174417395014
2015-03-18 07:00:00,30,201.965056344861,441.06395154703,104.596498403114,29.4122233008026
2015-03-18 08:00:00,30,189.414823506733,371.711019591472,92.119825806635,44.2077431392786
2015-03-18 09:00:00,30,200.392597385453,452.006250679928,93.8730344501129,40.0907482840198
2015-03-18 10:00:00,30,179.801666026537,418.739353133594,104.456103287347,37.6418562669187
2015-03-18 11:00:00,30,192.377982822809,424.00969558408,93.902553307579,36.4465745272144
2015-03-18 12:00:00,30,179.319379593007,474.279220434777,93.1315878305126,46.606273311229
2015-03-18 13:00:00,30,146.285657700975,493.75592251285,92.6028840283273,34.6612602986529
2015-03-18 14:00:00,30,158.602081297648,522.681909110841,103.725967795439,41.0279117457497
2015-03-18 15:00:00,30,166.511935305714,440.411095954235,99.9958386237608,44.2918143578621
2015-03-18 16:00:00,30,168.659993124329,441.187871721398,107.585673974174,39.5617208982637
2015-03-18 17:00:00,30,158.969998814877,547.946717614302,104.889946766591,39.7223574690235
2015-03-18 18:00:00,30,183.265853481535,502.17533332653,99.237865943387,40.9518175026718
2015-03-18 19:00:00,30,161.564840034224,477.081762269388,78.376342008301,45.7962275064215
2015-03-18 20:00:00,30,165.169699851262,392.758435590613,105.743455503763,40.1127572691853
2015-03-18 21:00:00,30,178.869784829404,449.54607147918,92.1410820303395,40.9800308520356
2015-03-18 22:00:00,30,154.679251195064,480.030343439089,89.572458826057,37.3086104043033
2015-03-18 23:00:00,30,204.411206124031,432.208350813727,96.0565865191976,38.3218283516641
2015-03-19 00:00:00,30,179.333443235681,389.681575862129,79.7817314361595,41.7416187416247
2015-03-19 01:00:00,30,162.442934876495,356.932528611737,103.69297164883,40.4387533656082
2015-03-19 02:00:00,30,148.54789443399,432.813994622257,101.704890351129,37.8333397528792
2015-03-19 03:00:00,30,192.656947127036,482.080549136467,110.192934822212,40.0800405464674
2015-03-19 04:00:00,30,176.073973416163,462.756052089978,102.58768593336,39.8092781950415
2015-03-19 05:00:00,30,162.59862378065,449.926503595067,111.279251134922,43.7227168144132
2015-03-19 06:00:00,30,152.149513605851,444.250334753448,85.1273533523194,42.8939687721419
2015-03-19 07:00:00,30,182.975922929896,478.032974436289,89.5843885229115,35.336441012999
2015-03-19 08:00:00,30,128.916056098612,494.340851473561,104.28798361979,40.9907677979517
2015-03-19 09:00:00,30,178.283384974796,483.403752520335,85.7578200841038,52.698304178742
2015-03-19 10:00:00,30,169.271328519588,448.928855338051,97.7181505125662,49.3288860438199
2015-03-19 11:00:00,30,142.27817597618,433.993673708055,98.512257186445,36.0058409070388
2015-03-19 12:00:00,30,156.32937315464,413.780131313099,101.076775950856,46.2188292321644
2015-03-19 13:00:00,30,176.772855367857,480.260399028997,102.1020981437,33.9717879756688
2015-03-19 14:00:00,30,169.563782457833,464.572978840048,103.8152119967,37.3354033619702
2015-03-19 15:00:00,30,153.671538993718,499.613590693253,96.7167302473178,43.2931401138911
2015-03-19 16:00:00,30,157.324236467458,402.835808900804,100.910571633692,46.4539732367613
2015-03-19 17:00:00,30,175.284255069767,376.994720829797,99.1381501865693,40.7054002151488
2015-03-19 18:00:00,30,151.071347505765,504.192348606364,118.362802265605,44.517543765973
2015-03-19 19:00:00,30,162.885076615033,459.486167544176,102.781415508483,42.2478152793674
2015-03-19 20:00:00,30,177.416781297666,313.228116346682,111.770354800335,42.416896909531
2015-03-19 21:00:00,30,167.151899947757,390.860077080211,116.772043968051,48.9783368062034
2015-03-19 22:00:00,30,157.629478511448,389.91690791942,91.9204300310481,36.3263770626405
2015-03-19 23:00:00,30,172.939604845849,567.741470702471,95.127593164295,34.4289248863735
2015-03-20 00:00:00,30,190.20359364579,468.071004482029,88.792797686425,45.4029487415336
2015-03-20 01:00:00,30,177.192048039235,454.911789562598,93.529586175185,43.6980132978907
2015-03-20 02:00:00,30,163.278722353174,444.026989737933,94.8102658254562,34.7110411047694
2015-03-20 03:00:00,30,164.330687204137,408.986921713252,99.2461958449715,41.8460236896899
2015-03-20 04:00:00,30,149.194653154094,445.938587929643,107.833898438201,42.3046080505097
2015-03-20 05:00:00,30,176.899337019078,433.773974396833,100.341070179851,42.9549780294838
2015-03-20 06:00:00,30,158.5010920739,399.790450032137,91.9617833059747,37.6213284155096
2015-03-20 07:00:00,30,166.110350283446,447.2174397203,92.80680960154,35.7373409255151
2015-03-20 08:00:00,30,178.024739080373,446.52380555798,110.149024311339,47.1253528604163
2015-03-20 09:00:00,30,169.785075107827,398.724109545422,117.954627048243,34.259435921473
2015-03-20 10:00:00,30,184.532981039521,443.108301066807,86.7591689339819,38.5003158930025
2015-03-20 11:00:00,30,145.787171351518,417.009615996063,85.4322171661824,40.2097422057275
2015-03-20 12:00:00,30,153.654061045696,397.926557221269,98.5123786528039,37.0214558094447
2015-03-20 13:00:00,30,170.078783109648,496.668616135688,107.119315184853,38.0845680402577
2015-03-20 14:00:00,30,171.921074054448,467.35192717803,115.864582503356,41.6688590455568
2015-03-20 15:00:00,30,160.959279981045,482.069864730359,94.4621146194461,46.9350679539536
2015-03-20 16:00:00,30,161.28698740722,415.094874629513,98.4850239783998,33.2830228308551
2015-03-20 17:00:00,30,167.835513485522,476.309302321997,98.0520903145728,36.5095380235546
2015-03-20 18:00:00,30,181.877362250775,462.111160039582,93.6592669515278,44.5264896714702
2015-03-20 19:00:00,30,163.911100104083,467.194012867426,105.514626860519,40.2823867740891
2015-03-20 20:00:00,30,183.834077797317,423.170229545626,102.158450605742,37.5973718714511
2015-03-20 21:00:00,30,161.351012893405,470.259041373664,122.003094077177,40.1272408862238
2015-03-20 22:00:00,30,163.691974612485,394.685434807541,104.746601666555,34.7880645191378
2015-03-20 23:00:00,30,168.82646754081,405.624572827383,103.494104150001,35.4656845698795
2015-03-21 00:00:00,30,165.946305123322,433.240127375851,108.778953748956,39.2483783469734
2015-03-21 01:00:00,30,178.827288020239,481.219735114312,105.395893733311,34.9082565476288
2015-03-21 02:00:00,30,158.905168323832,421.047033222239,119.789718929238,33.9148763631196
2015-03-21 03:00:00,30,177.668362429033,459.04512808456,124.036347542811,38.4880422708536
2015-03-21 04:00:00,30,163.112094199504,476.81564667371,94.9752999823033,39.5411454775323
2015-03-21 05:00:00,30,187.745765034224,410.761921994314,96.8626118712934,33.0018126822658
2015-03-21 06:00:00,30,161.342652221632,538.697984176635,112.108838038969,40.7094576256556
2015-03-21 07:00:00,30,191.871311724954,454.172538508387,99.0101426793809,41.2748793213983
2015-03-21 08:00:00,30,165.924403558236,478.760539021942,114.30174968257,35.9672315748625
2015-03-21 09:00:00,30,200.751377591964,414.13339466705,90.0293518602762,45.3022716569836
2015-03-21 10:00:00,30,176.948021177855,423.733829990734,100.846760570409,44.7036080292602
2015-03-21 11:00:00,30,181.187848186771,340.796731243058,106.493385182741,44.2883961930424
2015-03-21 12:00:00,30,205.588775957767,388.2670123842,98.2146724115327,36.403945683933
2015-03-21 13:00:00,30,185.29945787689,443.586334908757,103.010421214968,39.5431875031413
2015-03-21 14:00:00,30,177.268644523907,336.189637931532,75.1357666311673,39.639464661306
2015-03-21 15:00:00,30,180.726560077318,496.260144954348,100.809325186942,29.5382094410204
2015-03-21 16:00:00,30,151.45225911936,495.609561987518,84.3813796332274,42.5851892385907
2015-03-21 17:00:00,30,161.184250564698,389.145649187346,104.88451709042,38.8108385533021
2015-03-21 18:00:00,30,159.764520181939,419.703588722612,111.696051236167,44.4475367823695
2015-03-21 19:00:00,30,162.029259893739,320.618343187475,114.84658170358,43.3069191205676
2015-03-21 20:00:00,30,183.286658384977,396.266697144878,88.3331077045047,45.9130182163825
2015-03-21 21:00:00,30,159.10270320252,444.970150673171,86.1124446506692,38.813619673288
2015-03-21 22:00:00,30,178.056601320947,410.15213908525,119.519653441536,35.7380518035601
2015-03-21 23:00:00,30,146.674495912394,566.875765990995,95.6848756670777,40.5610869571259
2015-03-22 00:00:00,30,177.285309427808,433.598847425758,96.4996890932939,43.6407310854015
2015-03-22 01:00:00,30,183.386463271711,472.586767094707,95.4562196459847,49.5816433798606
2015-03-22 02:00:00,30,157.55407926986,471.471795027135,114.458728836619,37.5085636120751
2015-03-22 03:00:00,30,196.774402434612,442.85093137363,103.33246988392,37.8168048315489
2015-03-22 04:00:00,30,167.417393713101,423.157934769068,100.893455545578,37.8558196832977
2015-03-22 05:00:00,30,165.397648366973,471.599840781213,109.84445457577,42.5058497777039
2015-03-22 06:00:00,30,188.595574097289,502.281468232696,113.193187970167,41.5965364733124
2015-03-22 07:00:00,30,170.792274647818,484.524941040601,97.7038196027948,38.6047130293701
2015-03-22 08:00:00,30,179.805646898565,411.172405635303,100.215257272266,47.0432439991412
2015-03-22 09:00:00,30,191.051006218749,495.017969970901,85.3003608636759,36.427322838422
2015-03-22 10:00:00,30,185.397363340722,440.075983205246,96.7671855456183,41.6386695581744
2015-03-22 11:00:00,30,171.701170785114,422.921468642561,76.914443590904,34.1715066562377
2015-03-22 12:00:00,30,183.481583126455,442.34442409098,111.410309766346,37.705744327444
2015-03-22 13:00:00,30,179.223614765381,476.154065349931,99.355057722533,43.5591934646253
2015-03-22 14:00:00,30,171.599840134783,442.665218374898,85.030031759908,49.5182780658081
2015-03-22 15:00:00,30,159.240782797794,486.080747899527,115.003640522992,37.9004201245555
2015-03-22 16:00:00,30,167.341601826246,433.742161956372,103.156029486861,40.0126540645482
2015-03-22 17:00:00,30,182.646456313989,477.248741756838,70.2267875353113,45.8942278920689
2015-03-22 18:00:00,30,184.95124546113,426.507862177073,102.377687865753,33.3186394187013
2015-03-22 19:00:00,30,193.710986064852,365.929271487678,116.746276981861,37.6564349941367
2015-03-22 20:00:00,30,153.36643233327,496.519541536641,97.8039905544099,41.5862067116902
2015-03-22 21:00:00,30,137.873804777769,455.901689239282,113.358371169494,45.9849065548729
2015-03-22 22:00:00,30,180.420713489328,409.964890631933,104.232804404286,37.9181976886292
2015-03-22 23:00:00,30,148.104636968406,484.590808693935,87.3959328088349,33.2604568687586
2015-03-23 00:00:00,30,141.824875611569,421.023734516186,95.1137410148317,41.7808671057791
2015-03-23 01:00:00,30,150.615067678656,493.700151893482,97.8590597587308,33.6327630016905
2015-03-23 02:00:00,30,159.773469769507,413.007448005555,109.222755551625,38.0739327364916
2015-03-23 03:00:00,30,191.28885489038,442.805794703335,94.4521621849033,38.2035033661341
2015-03-23 04:00:00,30,171.665933930344,405.50291971737,92.0169271243587,42.8260877294752
2015-03-23 05:00:00,30,150.877723471795,490.274728083545,104.901262681764,34.9290290979223
2015-03-23 06:00:00,30,184.189610950161,444.328657697557,94.5972561757321,37.3295742944483
2015-03-23 07:00:00,30,173.409917338599,372.345440851607,77.5411902771614,44.6561330236059
2015-03-23 08:00:00,30,172.244417506423,324.514522969881,96.9013129108122,49.3621309136619
2015-03-23 09:00:00,30,172.510150739343,555.949548235435,110.450875828788,58.2702421221342
2015-03-23 10:00:00,30,179.569362354745,495.367907014905,84.1116503641976,51.4285737366124
2015-03-23 11:00:00,30,153.509459509904,396.667600422206,119.85388034128,55.0647440144757
2015-03-23 12:00:00,30,166.969778256466,486.579364117724,90.3785607863547,47.2723039789287
2015-03-23 13:00:00,30,199.155372076864,474.609112934852,96.7683859454068,48.6129716873191
2015-03-23 14:00:00,30,192.84397700331,424.171988404024,106.847473874241,50.614241961209
2015-03-23 15:00:00,30,155.66892758651,501.018311322361,113.342863221868,50.35733652286
2015-03-23 16:00:00,30,158.554105723116,424.371403172262,97.3833195323912,52.0796327898458
2015-03-23 17:00:00,30,179.896495671024,413.534340368651,122.225909885326,47.0013456325383
2015-03-23 18:00:00,30,176.104975651726,453.355820453314,100.471472693304,46.6525244730365
2015-03-23 19:00:00,30,170.060085961649,422.803726415844,92.5177522148743,51.9731469665531
2015-03-23 20:00:00,30,184.853446212963,502.086550201671,87.4432412962595,50.2985606078334
2015-03-23 21:00:00,30,174.459040893843,466.695271431769,100.715683291018,52.9074374851922
2015-03-23 22:00:00,30,179.956480912851,430.780642251904,86.7145935492316,54.0444213105211
2015-03-23 23:00:00,30,206.595675744027,426.524165210305,101.533850261427,51.2499139880989
2015-03-24 00:00:00,30,153.162455282174,484.519008631758,92.3888022917321,60.4866032267433
2015-03-24 01:00:00,30,203.214380920289,451.999789192969,101.903906098619,60.179401388473
2015-03-24 02:00:00,30,168.960707292639,466.596884491748,108.993398050222,51.9795081421433
2015-03-24 03:00:00,30,169.477605666596,518.404019425004,104.576213520485,51.6772960331345
2015-03-24 04:00:00,30,155.444658334057,568.436248667176,100.334664909846,51.8061260758096
2015-03-24 05:00:00,30,146.905357570435,477.636034898131,106.203004887372,49.5501394004478
2015-03-24 06:00:00,30,156.196227894678,439.475368157161,96.3181547482533,43.9156095817919
2015-03-24 07:00:00,30,173.927250746704,492.642279831109,114.004684929438,41.8439633603145
2015-03-24 08:00:00,30,169.701739621655,507.597246167475,111.811166172229,54.9711351552183
2015-03-24 09:00:00,30,163.444094384832,455.363994556568,116.496186206726,51.8560850196514
2015-03-24 10:00:00,30,172.921712207966,415.380374807564,88.1935662733104,41.3023858666124
2015-03-24 11:00:00,30,152.605679364925,476.127082336494,103.649167466149,54.7826171533029
2015-03-24 12:00:00,30,193.860664255569,466.777399105528,118.370952979391,51.5988456621739
2015-03-24 13:00:00,30,160.44532833299,398.695187613445,106.587041267017,49.1066405147941
2015-03-24 14:00:00,30,156.971330711228,507.164846567637,81.3512637468185,42.3071410184345
2015-03-24 15:00:00,30,147.52161194984,549.516696070396,103.516232009782,48.5446315846462
2015-03-24 16:00:00,30,184.795815445901,376.995164139152,86.2419092850249,60.0808408533506
2015-03-24 17:00:00,30,155.152262441195,528.766082043017,85.5293075901486,50.2231521425972
2015-03-24 18:00:00,30,174.055376544641,500.934233106861,112.655222416764,51.4003853275237
2015-03-24 19:00:00,30,161.063643529443,458.718280554429,102.387333650144,53.0218057959094
2015-03-24 20:00:00,30,195.874832380931,408.817364363737,103.303937989031,49.2281643209363
2015-03-24 21:00:00,30,181.507210397804,515.885390606585,109.334469433658,46.3604934732025
2015-03-24 22:00:00,30,186.298402652073,454.853554464294,96.0397675667548,47.5533860520412
2015-03-24 23:00:00,30,138.483201027003,465.614293503617,115.444728827168,55.6843863224073
2015-03-25 00:00:00,30,126.22741603652,495.539811209337,85.8539897045238,49.655159987972
2015-03-25 01:00:00,30,186.266527983553,524.616146767767,99.8256198269337,44.1298563876751
2015-03-25 02:00:00,30,145.700876905735,449.269836153907,96.6178949570225,48.2736729350594
2015-03-25 03:00:00,30,167.724564207172,409.944360637759,103.072425822337,35.7562149773112
2015-03-25 04:00:00,30,165.077804242259,500.884487536303,109.711708814243,44.7273622751391
2015-03-25 05:00:00,30,145.611401379193,480.913329439363,109.200007160328,55.4727394160669
2015-03-25 06:00:00,30,177.954615341928,391.748165303299,95.3022741726695,45.8715138093721
2015-03-25 07:00:00,30,179.133560384775,486.38071149206,105.619555249661,35.5161299895972
2015-03-25 08:00:00,30,187.983488264548,531.025642621342,96.9517942498371,36.4888914072252
2015-03-25 09:00:00,30,152.143176724057,454.288563166524,102.685778108702,37.3451567557027
2015-03-25 10:00:00,30,197.241050978609,436.996849121302,106.921964021529,33.6927439574798
2015-03-25 11:00:00,30,160.927890022678,403.775192027237,100.587390759914,35.9740818912414
2015-03-25 12:00:00,30,169.762912577795,432.39506895438,110.117521700052,34.9645000559256
2015-03-25 13:00:00,30,183.701895319017,395.754091305064,123.404674769914,37.140076616897
2015-03-25 14:00:00,30,171.388158324748,317.100220943502,93.3821885140007,51.4978594342146
2015-03-25 15:00:00,30,180.599271459484,475.617807981415,110.759485555352,39.1661122545949
2015-03-25 16:00:00,30,172.218890362434,543.363875656183,104.637335020288,43.1308229006786
2015-03-25 17:00:00,30,172.209061058038,566.623722743006,104.491533641202,32.1628001013212
2015-03-25 18:00:00,30,171.511047508356,486.113036617523,87.265417564316,39.2936454453336
2015-03-25 19:00:00,30,159.761828603565,483.72946673076,104.961545002728,39.4635369430729
2015-03-25 20:00:00,30,143.363453698033,471.784848926421,88.2240439485942,43.2776685411543
2015-03-25 21:00:00,30,168.432155288424,485.075735643146,85.3463062651198,35.545319465648
2015-03-25 22:00:00,30,194.571520264114,467.915610951,93.2703574005938,43.3209347566095
2015-03-25 23:00:00,30,183.145131288142,453.111710166273,104.571836293368,55.1534314315209
2015-03-26 00:00:00,30,183.316152181559,488.448308785124,99.6488617088838,34.8642329470345
2015-03-26 01:00:00,30,157.197252583286,450.701845546083,80.3197712635263,37.6553449338728
2015-03-26 02:00:00,30,155.521315556184,485.268791423655,89.394789240824,32.4834981557784
2015-03-26 03:00:00,30,159.150862246119,453.096343626911,102.516785134913,41.2829214465948
2015-03-26 04:00:00,30,158.522263619225,438.601776253956,95.2638548378511,33.5279851088421
2015-03-26 05:00:00,30,185.507211779225,438.534229240933,99.1770907287285,40.1047485588289
2015-03-26 06:00:00,30,180.437987967427,375.892118336109,107.155810479673,40.3124039618488
2015-03-26 07:00:00,30,174.42001372384,465.552439450572,107.024818713143,35.5825195574152
2015-03-26 08:00:00,30,173.188828666858,378.232351988857,96.4241053751684,40.4982401526219
2015-03-26 09:00:00,30,158.394321874194,455.61939015423,76.9383370381332,42.880904845564
2015-03-26 10:00:00,30,168.750112912504,445.373924492724,97.0424153318032,42.3507400237879
2015-03-26 11:00:00,30,134.95066854307,568.701789548174,96.431005109239,37.7858022514673
2015-03-26 12:00:00,30,165.437294775035,415.354447136509,111.968450253272,30.1084557923287
2015-03-26 13:00:00,30,167.937648856162,468.037092921954,100.218123873373,40.7390982991079
2015-03-26 14:00:00,30,190.669940735478,460.654237300385,104.264112143266,39.9353406617976
2015-03-26 15:00:00,30,180.718362053555,484.177881477954,92.910686835795,39.1291029453026
2015-03-26 16:00:00,30,158.013649870651,426.348636222095,112.956309210181,32.2167848431365
2015-03-26 17:00:00,30,130.805578844333,440.545704588134,102.920504535428,33.7168037289995
2015-03-26 18:00:00,30,182.507949547477,500.737587356405,83.7472810587694,43.1140248574225
2015-03-26 19:00:00,30,158.533459095526,329.099477079261,104.209281569648,43.8198778793553
2015-03-26 20:00:00,30,149.477704481761,394.811833741072,109.129969377573,38.4090724906595
2015-03-26 21:00:00,30,157.718714879665,378.309798897822,91.8741512492957,44.3787828994154
2015-03-26 22:00:00,30,163.667509159469,421.550384671262,105.519102392898,40.4970306744405
2015-03-26 23:00:00,30,194.346159665887,497.917873697676,90.2572811690724,35.3211380886993
2015-03-27 00:00:00,30,176.374519380105,458.561258506966,106.966270922095,40.0035999884473
2015-03-27 01:00:00,30,163.192327688929,505.523799119185,107.460628469323,45.9276196067714
2015-03-27 02:00:00,30,197.021364787996,399.986875274165,105.749220589945,38.8561229791532
2015-03-27 03:00:00,30,175.469980510522,462.354741810332,122.190483164049,44.1360822057813
2015-03-27 04:00:00,30,187.457887150786,368.516770740726,91.8692084234154,39.8818428517797
2015-03-27 05:00:00,30,180.754662889516,478.315023448929,103.632753347959,32.6421862832371
2015-03-27 06:00:00,30,167.033511589905,443.304331885264,107.859148054341,38.9712725223917
2015-03-27 07:00:00,30,156.054872174711,393.689721088765,112.872206100826,47.3569711641587
2015-03-27 08:00:00,30,197.896316590461,438.425121234716,102.715506471355,40.6497242142771
2015-03-27 09:00:00,30,171.745336512115,389.008754084907,98.9936367548616,42.5348123719421
2015-03-27 10:00:00,30,180.565575107861,351.795497540085,120.376956032082,44.9993173905436
2015-03-27 11:00:00,30,185.971967304362,477.13818578042,99.9887764339519,41.5554362426648
2015-03-27 12:00:00,30,161.007108678662,465.004335978801,97.1287832767003,39.3752067023224
2015-03-27 13:00:00,30,181.445659826717,442.097479869148,103.826170221971,40.6061552488005
2015-03-27 14:00:00,30,178.115792675473,311.060126766058,79.3628210129773,40.8312940583535
2015-03-27 15:00:00,30,181.681913588395,488.927624816244,101.418472840708,42.0873701056642
2015-03-27 16:00:00,30,165.851859497331,344.230214357236,90.9039456989845,38.6030245835341
2015-03-27 17:00:00,30,173.807608591731,473.431758643317,126.428505344144,45.7095604904016
2015-03-27 18:00:00,30,184.72755128781,418.439195858305,86.3175292947422,35.111527007754
2015-03-27 19:00:00,30,199.152276381643,468.402483573779,97.4370557895075,42.9409734205035
2015-03-27 20:00:00,30,157.036663220063,434.094969199824,99.7070882541149,43.8299181516842
2015-03-27 21:00:00,30,161.03663009414,479.759973661685,106.965161612462,38.7698968729028
2015-03-27 22:00:00,30,175.524039489381,415.81064887779,122.403648683368,44.6906136803374
2015-03-27 23:00:00,30,181.938778633201,549.942847503181,95.7675266246331,41.0881014576366
2015-03-28 00:00:00,30,166.494800573958,509.279400965879,96.4578142312924,33.8545829049912
2015-03-28 01:00:00,30,194.815785205464,502.349605740553,105.638567866893,33.4005928646288
2015-03-28 02:00:00,30,198.421001869481,466.60515104855,115.9824471057,37.3059645699284
2015-03-28 03:00:00,30,153.588813150412,361.694853960713,109.418115449852,41.8934597082387
2015-03-28 04:00:00,30,192.105828345321,508.1733630168,108.947816315664,31.6391813880775
2015-03-28 05:00:00,30,176.456780645316,441.488149055437,83.1059508712415,43.3758691073913
2015-03-28 06:00:00,30,151.176412158406,472.299144237694,97.7522915758824,35.5556837019574
2015-03-28 07:00:00,30,157.159226411941,356.967237055512,92.3251095474294,36.8101880402056
2015-03-28 08:00:00,30,158.686171337001,386.660168215555,110.738040340136,38.7171542622093
2015-03-28 09:00:00,30,175.666355514069,482.043273751555,94.9681080299718,36.8670405988857
2015-03-28 10:00:00,30,179.6649999533,571.86429572562,81.6890792854234,48.8425908096582
2015-03-28 11:00:00,30,193.502106404558,433.442932054461,93.0361006411597,38.8758776160595
2015-03-28 12:00:00,30,167.528200269745,402.39632969241,101.352352298212,32.1931291134631
2015-03-28 13:00:00,30,169.326838159827,395.371359680696,83.9111359777075,35.8012647376652
2015-03-28 14:00:00,30,148.976187565738,431.971567206969,92.679158702925,43.9028805654399
2015-03-28 15:00:00,30,166.818526506286,480.123379461054,99.5170155202802,42.3685987733495
2015-03-28 16:00:00,30,151.101031172568,426.303769677077,94.9017639953577,46.461144222677
2015-03-28 17:00:00,30,212.839140207133,441.675423552569,90.8731900906675,43.0284759877919
2015-03-28 18:00:00,30,161.95930668019,351.231455915679,109.412606226014,39.9306352280141
2015-03-28 19:00:00,30,150.474893788702,384.779544851657,88.5169301412559,49.301774419893
2015-03-28 20:00:00,30,170.564021750335,417.600570724375,112.754096310624,46.1293680171933
2015-03-28 21:00:00,30,181.82670367921,384.128690668834,102.159788745935,42.4298635213027
2015-03-28 22:00:00,30,185.469656860486,444.662337876235,100.408175625024,42.8091043924878
2015-03-28 23:00:00,30,174.71365616765,434.076219339782,91.4378675927563,37.843673607088
2015-03-29 00:00:00,30,177.400988490654,477.815216524511,127.872248719627,34.4794750083305
2015-03-29 01:00:00,30,188.813980760632,411.890377789808,87.9572104698039,40.490988099637
2015-03-29 02:00:00,30,181.355971301346,407.235094577397,90.3192601313393,40.1984469351463
2015-03-29 03:00:00,30,163.779071157082,447.90814708484,118.862180174033,38.2462171916044
2015-03-29 04:00:00,30,184.410382446563,505.680109974833,113.639870535587,41.5558390552967
2015-03-29 05:00:00,30,184.436999713237,488.499134512995,103.387143506845,47.5749470128221
2015-03-29 06:00:00,30,173.636422047177,494.166043788909,108.282785761493,41.8204397844853
2015-03-29 07:00:00,30,181.138474902965,462.102543286933,106.439847102969,41.0619838881277
2015-03-29 08:00:00,30,157.461151303036,528.747519571516,121.295635340572,39.3395198672055
2015-03-29 09:00:00,30,187.126642972379,415.375518734638,110.784059008317,38.0402021160105
2015-03-29 10:00:00,30,171.230029046588,459.244418093716,94.5529499985305,40.7294251155551
2015-03-29 11:00:00,30,189.589991614695,459.085006568576,106.886558900139,46.08816724624
2015-03-29 12:00:00,30,156.901764263437,438.267376741406,87.6228867462758,43.9556913689469
2015-03-29 13:00:00,30,164.585609653878,547.609121306705,97.3616080288531,47.4718183641119
2015-03-29 14:00:00,30,184.110286792593,405.227093835881,101.131374781489,42.5948069563679
2015-03-29 15:00:00,30,176.022376451763,386.045026893227,101.179936418067,39.2435178822543
2015-03-29 16:00:00,30,188.307462215021,383.286501989884,88.9406328221077,40.0376877043155
2015-03-29 17:00:00,30,147.25714388849,377.424489483209,92.2385679529778,42.0341102703804
2015-03-29 18:00:00,30,171.909374406273,501.358256354324,111.420429948989,39.8047754616778
2015-03-29 19:00:00,30,183.940876861672,373.144327648037,97.5040760201593,37.6417133923866
2015-03-29 20:00:00,30,179.253956131315,459.547903442236,117.973467480731,36.5395039521915
2015-03-29 21:00:00,30,157.903168256093,396.392044616876,97.1140689579325,36.2876325237875
2015-03-29 22:00:00,30,187.090141095992,452.098491291968,95.5449241605845,43.478452989446
2015-03-29 23:00:00,30,188.573793579972,428.880895587424,97.6729320076248,40.9411874612634
2015-03-30 00:00:00,30,152.407864846887,457.835323274942,106.820612811945,46.2288191659071
2015-03-30 01:00:00,30,153.636272808091,466.145924922145,88.8998849312104,31.9461365120552
2015-03-30 02:00:00,30,147.509031381366,390.252082309447,90.2838697810108,35.6272007443851
2015-03-30 03:00:00,30,156.114056570574,439.120770187939,99.6748542947958,44.9395104675783
2015-03-30 04:00:00,30,190.724006193039,507.443893699241,93.6062623262499,32.5629645123728
2015-03-30 05:00:00,30,185.438931475613,509.796711899479,93.8221462186795,49.4397319636664
2015-03-30 06:00:00,30,168.196229141555,515.270048367813,92.6398444009981,45.3849824135023
2015-03-30 07:00:00,30,179.29236831983,418.784236740551,108.388062083619,48.1793755442967
2015-03-30 08:00:00,30,165.667927340976,554.033192711963,105.933218683013,37.7053201522007
2015-03-30 09:00:00,30,169.050499517729,332.948337873642,97.642135967583,34.3131634879645
2015-03-30 10:00:00,30,177.041466820381,497.576556243078,83.3817604244687,35.9695682530636
2015-03-30 11:00:00,30,165.008774434359,501.903090785263,100.902413224536,46.5197392098367
2015-03-30 12:00:00,30,155.841835105523,458.444012993535,102.340816180709,39.2072248582373
2015-03-30 13:00:00,30,177.669451707163,413.507092356548,89.827192002952,40.5468450791726
2015-03-30 14:00:00,30,182.790491146701,410.067697698441,92.5461478562764,44.3307267233141
2015-03-30 15:00:00,30,173.118361433627,488.911227746683,105.022810266867,36.9566175255744
2015-03-30 16:00:00,30,198.133217724226,448.397503789969,94.5271134212259,40.8109379443396
2015-03-30 17:00:00,30,171.196074660533,528.973795948678,83.9505512237259,32.7766270623496
2015-03-30 18:00:00,30,145.570212804703,467.966325188899,109.357511646309,40.4051477762042
2015-03-30 19:00:00,30,171.14222340618,453.80584784682,82.119450504441,38.2035299899476
2015-03-30 20:00:00,30,160.349651274272,388.812976583934,98.6012034536695,51.4915207898637
2015-03-30 21:00:00,30,185.712159166043,468.626287597633,122.574675142339,36.4349799061962
2015-03-30 22:00:00,30,186.812434102436,447.977331250757,96.1951704088611,28.1293478645744
2015-03-30 23:00:00,30,163.214879602133,481.523769294815,96.4341391782494,42.0457437505742
2015-03-31 00:00:00,30,144.067603253901,532.666516558379,107.882318878503,37.9590296987105
2015-03-31 01:00:00,30,162.027699622205,469.558532618604,77.3512181561191,42.8971200327107
2015-03-31 02:00:00,30,165.653977828056,463.340722952351,102.299929397932,52.6115089153221
2015-03-31 03:00:00,30,182.025658501839,410.318165615997,102.619153519881,37.7962933960137
2015-03-31 04:00:00,30,176.247092543744,472.397583757304,95.1500376243214,44.1408805450172
2015-03-31 05:00:00,30,167.111058689322,533.024801700939,94.0194690833041,40.0072924993685
2015-03-31 06:00:00,30,152.121323595325,402.385324548562,95.4252381813997,28.4679489738708
2015-03-31 07:00:00,30,173.954608368377,357.065832030875,90.529584267877,37.9964168563882
2015-03-31 08:00:00,30,163.565221015743,384.830214771948,98.3418113430313,33.7864960535046
2015-03-31 09:00:00,30,173.606796179082,465.331779062185,103.782708518279,46.1581472611478
2015-03-31 10:00:00,30,157.543638391048,374.932873540852,88.740682145849,45.7371517427647
2015-03-31 11:00:00,30,166.449731602451,386.052691467488,97.2712606935001,34.64664036239
2015-03-31 12:00:00,30,195.413931351339,403.337004714303,95.2181163882979,47.7372213993749
2015-03-31 13:00:00,30,147.427013451081,402.65646098133,86.0737564572889,42.3797145462005
2015-03-31 14:00:00,30,175.172550503382,458.081548850123,91.4104454229586,33.0862477170777
2015-03-31 15:00:00,30,144.627416793812,404.606686425951,94.9644214169458,38.4563894988224
2015-03-31 16:00:00,30,164.610462545811,469.577034169427,110.918531812669,51.212859943709
2015-03-31 17:00:00,30,162.515186665333,450.974943994278,102.968682820448,37.5582914639489
2015-03-31 18:00:00,30,166.024737149274,442.707177504173,85.9125579141173,32.4862440172311
2015-03-31 19:00:00,30,172.692336160553,456.727319291369,90.2241862136561,50.1170801601562
2015-03-31 20:00:00,30,166.275533011729,561.661022812876,102.143141417873,43.8570079745521
2015-03-31 21:00:00,30,162.953202197503,458.782286328044,108.75963499437,49.6683242284785
2015-03-31 22:00:00,30,184.08575240854,511.553574463639,87.8004657631379,37.542639126263
2015-03-31 23:00:00,30,177.202242588683,389.036879995002,103.003104252375,36.9087022527248
2015-04-01 00:00:00,30,141.446179634257,500.896176737539,92.6409134141529,43.6054940063235
2015-04-01 01:00:00,30,181.428792437893,440.925708228027,83.3133372321628,41.940728416384
2015-04-01 02:00:00,30,155.129354387064,492.378145693542,103.786871788475,33.1297124471892
2015-04-01 03:00:00,30,176.57831483616,451.224538200819,110.962997974366,50.4627155379749
2015-04-01 04:00:00,30,161.843009574514,459.494445108094,76.3133820723801,44.2237511038315
2015-04-01 05:00:00,30,164.799076137044,483.431101547212,100.099497918295,37.4830147948804
2015-04-01 06:00:00,30,186.766907438501,389.246672403639,104.573644887576,44.2566140649523
2015-04-01 07:00:00,30,165.24017167438,381.785753669214,101.268989230564,50.7280765793344
2015-04-01 08:00:00,30,165.37039899915,506.520688749848,107.283464949548,41.5593875537617
2015-04-01 09:00:00,30,176.766243585482,504.609689291135,96.8090946746848,33.7457875074442
2015-04-01 10:00:00,30,171.567563157177,504.484517040649,86.8829961303836,40.2374416470901
2015-04-01 11:00:00,30,190.358180128632,409.997697614146,109.880451133082,41.1197642459553
2015-04-01 12:00:00,30,153.022094701583,398.796681891055,91.3950108192382,38.2833449185334
2015-04-01 13:00:00,30,168.245537209232,500.834744214607,76.0734998491444,38.0674149751168
2015-04-01 14:00:00,30,159.352609209277,393.630943184545,97.5974399000272,49.8262390141752
2015-04-01 15:00:00,30,153.354209985665,405.650538381567,86.6766263941396,42.3923039471587
2015-04-01 16:00:00,30,153.93553028052,357.028040472684,108.20668339262,45.6068208078549
2015-04-01 17:00:00,30,168.220724435938,420.592237758994,93.4019432741363,34.1771986872472
2015-04-01 18:00:00,30,156.756917887745,434.886954729579,90.1782925780491,33.6719312061469
2015-04-01 19:00:00,30,179.15637657304,411.075103354988,101.917307829605,41.8195931354277
2015-04-01 20:00:00,30,148.389091316279,419.317636649559,98.5014878575308,39.2053160467903
2015-04-01 21:00:00,30,174.89151060551,551.878839639234,103.287013570074,40.2716579245159
2015-04-01 22:00:00,30,165.112905476857,481.102665315386,98.7590124762246,40.2508934158982
2015-04-01 23:00:00,30,170.284828672511,561.696796667732,89.6874698054051,52.0136335996612
2015-04-02 00:00:00,30,177.587544290885,404.260418099795,86.7713440445873,45.2268941894712
2015-04-02 01:00:00,30,175.09803611824,420.28809283008,110.541669898869,29.5307396506687
2015-04-02 02:00:00,30,171.137002238194,443.650899663296,89.7159515833944,45.1786947157502
2015-04-02 03:00:00,30,173.798573561403,314.476879905153,97.8091960134755,40.0297633550455
2015-04-02 04:00:00,30,145.72191092167,475.380735761845,106.572408317009,42.2321694013285
2015-04-02 05:00:00,30,165.80995227189,473.766986564967,88.7248993630854,38.5485299992391
2015-04-02 06:00:00,30,170.873962949093,490.932056004872,82.7181864046209,45.4319131324036
2015-04-02 07:00:00,30,178.835106267569,459.286970959368,97.9798320065385,45.5734889055444
2015-04-02 08:00:00,30,170.125558486985,519.572023398453,113.873624138921,42.411756218186
2015-04-02 09:00:00,30,153.134945956766,350.589901853515,111.750369181066,44.9664448073253
2015-04-02 10:00:00,30,186.100017752827,442.830070427154,112.826045605103,51.8552024052031
2015-04-02 11:00:00,30,173.143205794453,442.431454702949,88.7936697719512,47.7803273605109
2015-04-02 12:00:00,30,156.563036653415,333.686359034588,96.4080105761192,45.743747516142
2015-04-02 13:00:00,30,182.972719707464,440.52918711239,81.4061479792612,39.2389584899849
2015-04-02 14:00:00,30,160.041868208947,488.98343995601,103.252946348037,35.6212197540396
2015-04-02 15:00:00,30,182.317251430008,438.340962056783,97.1956207972849,34.1835457016252
2015-04-02 16:00:00,30,171.419652623332,395.805290373484,94.2380109241361,37.2304892083104
2015-04-02 17:00:00,30,166.354058081357,378.905333193625,94.7528137390456,35.7339116030819
2015-04-02 18:00:00,30,170.684109401126,424.33003063756,95.5289561532283,37.230385722324
2015-04-02 19:00:00,30,161.894632502265,474.353731488221,100.703624577347,54.3744612832623
2015-04-02 20:00:00,30,165.194433779003,412.470303959199,90.0417826992608,36.8870954148005
2015-04-02 21:00:00,30,190.805469031803,545.976259830068,96.4385349273906,40.3972785917374
2015-04-02 22:00:00,30,194.558458286028,535.788775982383,78.8027533682668,32.2153290699331
2015-04-02 23:00:00,30,193.30741770487,506.457245104823,94.0645648408878,51.1929709975127
2015-04-03 00:00:00,30,180.087254956929,443.795998480087,107.461377344724,42.7043497234981
2015-04-03 01:00:00,30,164.964276276361,402.894787590594,109.8157747788,44.8406044733388
2015-04-03 02:00:00,30,181.699427537535,458.69487214359,95.6696780562524,43.7627385650747
2015-04-03 03:00:00,30,166.317298452566,417.415190634758,103.614969506272,32.413134811424
2015-04-03 04:00:00,30,171.958419214161,456.964058019075,89.9228343550151,32.4377822601033
2015-04-03 05:00:00,30,173.689148931466,483.589641486772,96.2545763026707,42.309016011059
2015-04-03 06:00:00,30,162.290776496616,423.953658422761,117.94458509836,40.2128110284417
2015-04-03 07:00:00,30,165.599665875097,414.627723601885,114.488057833814,40.0737965982187
2015-04-03 08:00:00,30,177.282184869606,393.091763064855,97.1372386448027,41.988641906168
2015-04-03 09:00:00,30,147.943577460406,437.805074297652,109.205457877444,38.3016332083016
2015-04-03 10:00:00,30,157.83283378356,424.940332035997,114.294865577774,35.690821150555
2015-04-03 11:00:00,30,181.857664901414,397.604464945459,110.916491812534,33.8727930457156
2015-04-03 12:00:00,30,168.413857681742,403.994850095215,79.9776235161315,41.1239681622614
2015-04-03 13:00:00,30,166.791728251359,411.569825602313,106.744457267989,36.7330707877017
2015-04-03 14:00:00,30,158.309368845311,508.561054109149,101.235168574855,42.5109891861032
2015-04-03 15:00:00,30,132.171731742849,461.057069825679,97.9403982475539,47.9183470954055
2015-04-03 16:00:00,30,173.339897918255,434.590135919124,85.3656367221387,37.9442521291833
2015-04-03 17:00:00,30,155.381608577384,481.771022437066,105.220298804837,36.8176935943785
2015-04-03 18:00:00,30,174.95015398297,357.384064780177,111.978151811604,42.8667375120585
2015-04-03 19:00:00,30,184.973088663796,414.382982896975,108.878375563923,35.9083821582437
2015-04-03 20:00:00,30,182.716704256155,386.715345713906,111.85869098177,38.4646431755429
2015-04-03 21:00:00,30,147.991516801121,424.95410239014,84.8452267625718,36.3045864459412
2015-04-03 22:00:00,30,176.312835497788,501.618162515638,110.040912861072,48.087295374049
2015-04-03 23:00:00,30,160.740924240129,473.771925059937,100.027510259819,33.3233023429924
2015-04-04 00:00:00,30,175.312243052008,509.312004517824,98.5076255023305,39.6466874845236
2015-04-04 01:00:00,30,182.249408954785,433.215195187718,98.8186816167609,37.466337020361
2015-04-04 02:00:00,30,164.896777874402,448.98220292253,104.518108631159,40.2762409568891
2015-04-04 03:00:00,30,165.32120751487,452.289137353657,96.4151154819015,43.338666966248
2015-04-04 04:00:00,30,153.788780284088,545.025459414492,119.132862198688,37.1152827311094
2015-04-04 05:00:00,30,169.510530555635,493.666659801316,108.238659378242,33.1011239764072
2015-04-04 06:00:00,30,198.199614868712,467.762342003209,93.8755312370891,44.8178664109056
2015-04-04 07:00:00,30,182.202824135845,399.006697635335,109.97094012795,44.2788651129167
2015-04-04 08:00:00,30,170.943708429343,478.386742215719,99.485717250505,39.1640199939784
2015-04-04 09:00:00,30,145.475398221902,437.330855014321,100.212402093328,44.1768122610089
2015-04-04 10:00:00,30,155.861528691711,510.38805001924,104.126727805532,34.9779444734635
2015-04-04 11:00:00,30,171.728266180848,414.710183839952,85.7261721861979,38.7245535844014
2015-04-04 12:00:00,30,175.969810470799,470.327329097353,96.3634431128926,37.1848853257698
2015-04-04 13:00:00,30,173.140472174398,338.765520861953,107.577769208731,42.6199140557361
2015-04-04 14:00:00,30,160.011885854,457.17448440331,88.948280386838,38.7038713889712
2015-04-04 15:00:00,30,175.662108281224,370.058387651585,106.142421304502,34.1406778573254
2015-04-04 16:00:00,30,171.298749644846,400.426775741711,100.612746636774,33.4620985312057
2015-04-04 17:00:00,30,140.924112124358,422.128228638569,80.6308003993176,31.0688887533771
2015-04-04 18:00:00,30,155.539560330384,512.871427990654,101.811013199051,35.2961180890957
2015-04-04 19:00:00,30,143.168834994088,422.440818837782,94.2511589467891,48.4208869640739
2015-04-04 20:00:00,30,159.710332805259,530.20086488636,110.337203532937,34.0287653071574
2015-04-04 21:00:00,30,157.190822083508,384.632337333116,109.290630294903,47.6082494167073
2015-04-04 22:00:00,30,153.133261006949,477.047353193494,101.281154089475,45.0883503793543
2015-04-04 23:00:00,30,180.464584934712,484.302850654387,79.3515491153513,37.5801886335612
2015-04-05 00:00:00,30,159.004074824559,394.874340477813,109.861119002146,48.8735419705495
2015-04-05 01:00:00,30,200.729814644265,413.312065072035,95.8363956465782,44.5315830357841
2015-04-05 02:00:00,30,181.475821021104,430.807084164413,106.337499702449,43.3265001333237
2015-04-05 03:00:00,30,122.763387802875,422.872018470243,90.4979280788892,35.9514648605525
2015-04-05 04:00:00,30,155.826246739812,401.179963476742,104.633147726744,39.4339415177445
2015-04-05 05:00:00,30,168.454664899063,407.584092440731,109.850651848998,43.9990282816429
2015-04-05 06:00:00,30,148.978401416179,543.247068700742,113.589769760836,36.3965383916018
2015-04-05 07:00:00,30,157.173631717614,483.730507764665,115.131731688271,27.933055904658
2015-04-05 08:00:00,30,211.444622095696,404.413160292213,105.952447624565,46.7445395096439
2015-04-05 09:00:00,30,163.481105518292,443.818672642397,88.8639401913147,45.0286459724653
2015-04-05 10:00:00,30,172.066869435947,463.337350306145,89.8493510865483,33.1502335966405
2015-04-05 11:00:00,30,162.061980704543,478.996133725692,117.922952667544,37.8622090203145
2015-04-05 12:00:00,30,151.543932563672,391.015809641336,97.4643467800331,44.8240423369264
2015-04-05 13:00:00,30,145.707350384363,427.260965202754,109.581110994885,34.1514141777335
2015-04-05 14:00:00,30,166.943484729414,458.211877187449,85.9932072246587,38.8386903708928
2015-04-05 15:00:00,30,169.832693108186,494.831623815851,94.536560532581,42.1975779417061
2015-04-05 16:00:00,30,183.023369534335,397.891696125581,102.16208868613,36.096377566673
2015-04-05 17:00:00,30,152.153376870501,520.897847664047,85.7927788549544,32.491989900035
2015-04-05 18:00:00,30,162.585168298981,461.497955040315,87.5669609380498,46.8685632356061
2015-04-05 19:00:00,30,165.94219844468,512.620977854431,107.222064766865,34.1082318039442
2015-04-05 20:00:00,30,160.131343729538,456.167584764571,92.6680671976129,35.657738444595
2015-04-05 21:00:00,30,179.115020169383,389.135723280396,97.5435807414297,32.2609492337261
2015-04-05 22:00:00,30,195.09802594925,399.479529100804,93.5793442952039,38.2651061876595
2015-04-05 23:00:00,30,177.507492794536,398.75991573572,100.756562586166,42.9859180861769
2015-04-06 00:00:00,30,146.927857115848,466.612215592025,93.215936950478,40.0673702504873
2015-04-06 01:00:00,30,163.056899996411,311.459211008493,103.043700611781,42.3172373784802
2015-04-06 02:00:00,30,166.852543203278,415.415840098252,108.921116978007,45.6701897976338
2015-04-06 03:00:00,30,169.835050370824,448.028175298618,81.1431189703538,31.3815045213746
2015-04-06 04:00:00,30,169.738756845947,446.372674243937,105.410841088994,34.7300965909302
2015-04-06 05:00:00,30,171.140694485648,406.283298762401,102.610523351389,43.3537768778974
2015-04-06 06:00:00,30,182.097671529657,496.499012480653,98.2327974338905,40.6855989952539
2015-04-06 07:00:00,30,149.116177169334,504.768486490855,103.215872353534,27.5379525225169
2015-04-06 08:00:00,30,192.249410799833,497.72938311853,96.7456345264927,44.5758062546405
2015-04-06 09:00:00,30,201.371392059476,485.994519172029,81.8037286536178,37.3430347659923
2015-04-06 10:00:00,30,194.679491869806,450.633509527296,94.6058432917138,44.9117302521334
2015-04-06 11:00:00,30,164.607144426572,446.863395353559,114.979117795893,35.8032761094838
2015-04-06 12:00:00,30,169.266530321453,445.85333602072,115.110957126258,40.542486488541
2015-04-06 13:00:00,30,187.268625973902,422.300815439278,105.7956711231,38.4736996293473
2015-04-06 14:00:00,30,159.355783254845,507.059673146474,102.132478200395,39.0917496909233
2015-04-06 15:00:00,30,139.441634454789,394.589128934246,98.5240100640276,38.463381406303
2015-04-06 16:00:00,30,171.047693253749,436.810049820144,95.9355545662743,38.3023126505675
2015-04-06 17:00:00,30,164.820497982855,421.617888833811,101.937050856424,33.5614702233049
2015-04-06 18:00:00,30,178.42442601291,470.376479626789,102.95242257718,39.9730584369621
2015-04-06 19:00:00,30,174.367656181143,439.222904432685,98.2643120549852,34.7289403591366
2015-04-06 20:00:00,30,174.378928155721,423.245376608091,99.836944594371,37.5402254840632
2015-04-06 21:00:00,30,175.413767651653,411.899235238397,90.8185011327317,38.8420612436104
2015-04-06 22:00:00,30,184.533616739165,450.082945783372,96.1225739146745,31.9412115830674
2015-04-06 23:00:00,30,169.86312889691,431.417291512126,112.153707605554,45.5990492206444
2015-04-07 00:00:00,30,181.328123688167,504.02189814066,103.129299976721,34.7834155266786
2015-04-07 01:00:00,30,161.936465044169,435.141476673918,86.6091255377751,54.2986796895206
2015-04-07 02:00:00,30,154.712856773955,482.385939286313,108.819913229296,46.7678232066473
2015-04-07 03:00:00,30,149.198921832773,438.737732927515,84.1555430392772,39.1001851049881
2015-04-07 04:00:00,30,167.545836545947,439.486518160785,102.036149731817,43.8731136609407
2015-04-07 05:00:00,30,176.321859003188,468.587871283023,99.3477258728836,40.7541631139056
2015-04-07 06:00:00,30,160.820809069229,513.531260308607,105.674936340934,47.258383761608
2015-04-07 07:00:00,30,182.299211209089,504.951912726837,89.8600036958281,32.7232701842886
2015-04-07 08:00:00,30,162.87715318761,384.956280510431,102.1948422447,39.1337692875755
2015-04-07 09:00:00,30,176.800817581105,455.567651246702,110.433812233643,40.6035143702896
2015-04-07 10:00:00,30,191.114719420595,437.826781075611,87.2276730349586,39.3194218464358
2015-04-07 11:00:00,30,176.50745055014,470.69319412699,86.8670014797102,31.2210548066558
2015-04-07 12:00:00,30,188.079896731233,477.406206180801,112.09875300569,41.1341878505664
2015-04-07 13:00:00,30,154.242148296624,404.367664191934,105.996751613368,44.1980493967647
2015-04-07 14:00:00,30,153.515797211626,439.154607768446,99.9081532909734,38.6196432867861
2015-04-07 15:00:00,30,165.405580457046,374.031254841227,99.1968667268207,35.3839793273454
2015-04-07 16:00:00,30,167.982628947005,455.54960862555,99.9485953816949,45.7344653805706
2015-04-07 17:00:00,30,166.358532804822,416.56769946213,107.279188744694,29.9645176149525
2015-04-07 18:00:00,30,166.86122374907,452.499856153852,100.519153497945,27.2979220646297
2015-04-07 19:00:00,30,144.636432548063,394.618780304475,92.7062423371293,40.1623046211283
2015-04-07 20:00:00,30,170.39156496758,439.240630371361,104.486987074452,38.0173219163472
2015-04-07 21:00:00,30,157.31720531933,494.975132679435,112.251914085857,43.7346811884361
2015-04-07 22:00:00,30,152.627519050468,492.700380725277,84.6212336889303,42.3686659625017
2015-04-07 23:00:00,30,170.529334630649,438.98794225943,92.140375108615,40.8432229359988
2015-04-08 00:00:00,30,149.916315732412,414.550091167769,104.135783324669,38.1381066973022
2015-04-08 01:00:00,30,178.831531759188,406.072190816462,105.790499490737,49.2378463104968
2015-04-08 02:00:00,30,193.318720955677,409.283324752606,116.321638464819,42.911425837973
2015-04-08 03:00:00,30,164.45016302587,437.40774291878,89.0029378954898,32.0866598886837
2015-04-08 04:00:00,30,154.701035771176,469.328026420356,101.65247590876,36.4473347681586
2015-04-08 05:00:00,30,184.102090316123,549.202191562936,91.0033782239518,34.4671573439464
2015-04-08 06:00:00,30,160.096741814811,456.280873153466,96.3544080278115,38.8607619157543
2015-04-08 07:00:00,30,158.757768306495,433.011434157765,77.3002472403692,35.2285753255694
2015-04-08 08:00:00,30,169.013580947255,465.414421234047,89.7989092358815,38.4863831711021
2015-04-08 09:00:00,30,149.599181208842,546.199052921692,100.173711282521,33.510736365099
2015-04-08 10:00:00,30,188.655253289576,423.089435619074,113.958707365419,34.0915080580107
2015-04-08 11:00:00,30,168.190523536677,419.730593050844,107.80938587114,38.2376565162705
2015-04-08 12:00:00,30,169.909822922232,503.495374907241,88.6725545055053,45.2998044817049
2015-04-08 13:00:00,30,189.752655725285,437.239945300634,107.418015033871,28.3719823365617
2015-04-08 14:00:00,30,180.780744749337,513.597727977161,108.129459867794,31.1207716653212
2015-04-08 15:00:00,30,187.617541182456,460.148059028924,106.3087494103,34.4912474708136
2015-04-08 16:00:00,30,153.786458313198,423.871028702857,99.5025231735573,34.4121112785081
2015-04-08 17:00:00,30,172.581890802052,425.802078233717,116.49994922914,38.1661826179367
2015-04-08 18:00:00,30,199.107672370862,385.452243446522,108.783987292927,43.8498517292039
2015-04-08 19:00:00,30,161.08806329922,389.742410764011,110.793072142449,48.41383430813
2015-04-08 20:00:00,30,149.777107782314,452.183955239475,101.19280863149,39.4179742903009
2015-04-08 21:00:00,30,159.278600150921,488.614653667049,94.1602120212206,34.0962773380206
2015-04-08 22:00:00,30,161.903063528408,490.411940811778,90.5401681462344,36.6494450231246
2015-04-08 23:00:00,30,152.275318446818,412.587283527341,94.4547948108527,43.2000755861477
2015-04-09 00:00:00,30,128.867800654625,496.452749955378,96.8229397468962,41.3424147845094
2015-04-09 01:00:00,30,174.443479353632,475.867416985366,109.512852774018,41.5408587040942
2015-04-09 02:00:00,30,190.842210761073,381.856447043541,98.3913713772954,43.774464083381
2015-04-09 03:00:00,30,155.102376385376,460.874717245245,90.5010541366548,46.7033479794374
2015-04-09 04:00:00,30,130.603202938386,477.800782105477,108.910054573583,39.9418223934631
2015-04-09 05:00:00,30,167.71943935173,363.65473233298,96.359542155653,38.8159874798101
2015-04-09 06:00:00,30,165.20793768659,406.684464155078,104.480667274151,35.6660873863302
2015-04-09 06:00:00,30,165.20793768659,406.684464155078,104.480667274151,35.6660873863302
2015-04-09 07:00:00,30,195.14571026709,413.903497561388,93.1924195432054,39.900875237017
2015-04-09 08:00:00,30,207.830932226069,441.678809429767,84.0061639034607,37.0032664462355
2015-04-09 09:00:00,30,197.369738184504,413.633585802638,90.4697954438196,41.7643800788211
2015-04-09 10:00:00,30,153.245001669115,521.012146080893,97.166635451923,28.3549210717735
2015-04-09 11:00:00,30,146.624784359567,434.262246923518,101.845633914306,44.7307597022466
2015-04-09 12:00:00,30,154.150243227052,518.932022495087,109.120003137441,44.552841793971
2015-04-09 13:00:00,30,155.229085993112,460.322600088323,86.3710322176405,44.1442031759833
2015-04-09 14:00:00,30,171.764009582832,399.507628284448,78.084047206966,33.6674133390378
2015-04-09 15:00:00,30,163.045163459133,475.293556373155,106.392481626776,36.7614535916993
2015-04-09 16:00:00,30,182.571206461386,373.109053077926,99.6083746792258,42.262827693093
2015-04-09 17:00:00,30,180.265451634316,530.742312452632,101.835474049171,40.8519263741059
2015-04-09 18:00:00,30,137.565537075813,393.510416045018,102.404574536374,43.9068286158512
2015-04-09 19:00:00,30,165.86229722261,405.035878615252,95.5153373843391,39.9786377165601
2015-04-09 20:00:00,30,168.578197940305,451.502937964313,93.4261013998747,43.051750280818
2015-04-09 21:00:00,30,153.60330329681,480.97187985406,85.4680156967932,39.0247558919747
2015-04-09 22:00:00,30,153.404703187217,420.059299527118,104.387608850351,44.0867896929098
2015-04-09 23:00:00,30,165.246974642791,383.597359342255,117.141459970048,40.2232343707584
2015-04-10 00:00:00,30,139.830847006866,439.861022607094,94.5470077458993,32.2186765821862
2015-04-10 01:00:00,30,191.86039461462,370.160228273664,108.555917958,35.2959175850093
2015-04-10 02:00:00,30,178.092497420257,560.187099593286,84.8183855087353,39.0581196377093
2015-04-10 03:00:00,30,195.744175962764,414.434490789077,89.5439435877304,46.3611111177124
2015-04-10 04:00:00,30,165.403726501075,428.542262465326,106.844956155623,40.3496391258515
2015-04-10 05:00:00,30,165.87443038253,480.885210472149,108.469242704647,34.7180787914447
2015-04-10 06:00:00,30,181.243467663801,478.767429835049,97.0589382177219,41.2588118095331
2015-04-10 07:00:00,30,170.744274216553,466.567735886481,86.6455858605989,40.4817798233748
2015-04-10 08:00:00,30,185.359661511902,427.354252874285,101.581388864174,41.1087261025282
2015-04-10 09:00:00,30,175.952752633745,464.968463724571,119.108124730621,41.3340583184062
2015-04-10 10:00:00,30,162.34598078944,503.515401364943,103.495889636982,42.300778323129
2015-04-10 11:00:00,30,173.02348266314,410.398657072853,87.8945975252883,42.8487818415798
2015-04-10 12:00:00,30,171.890915084718,405.985806244394,102.638268679367,37.9330324244966
2015-04-10 13:00:00,30,174.140033421826,528.438150767194,102.786760682178,44.4360242244226
2015-04-10 14:00:00,30,171.327639403529,441.731804427687,106.611978356699,38.8345773441418
2015-04-10 15:00:00,30,186.40816000502,435.362799817627,112.254828508689,37.7610751022163
2015-04-10 16:00:00,30,160.58206830025,465.927334075042,89.3711189244194,40.6191319141918
2015-04-10 17:00:00,30,169.508650844439,503.994429264515,110.930380573707,31.1219308794592
2015-04-10 18:00:00,30,163.500512157871,444.81729449722,97.8425987913966,43.9210016904065
2015-04-10 19:00:00,30,185.943506851562,483.972542217431,101.103369903883,45.4864522285927
2015-04-10 20:00:00,30,177.358309416824,463.843248759596,97.837353726726,42.1617625389984
2015-04-10 21:00:00,30,189.259625332393,533.550749148977,90.1408408889746,39.4195221245064
2015-04-10 22:00:00,30,158.455432783712,476.166272429678,111.127442670577,34.8161290508048
2015-04-10 23:00:00,30,134.765298217068,517.362601672402,97.7954058608579,39.5575622427319
2015-04-11 00:00:00,30,153.828185881337,542.994817602137,96.1552659597206,39.0308166655217
2015-04-11 01:00:00,30,182.095666671911,408.379752913535,128.742327939456,49.550032636317
2015-04-11 02:00:00,30,158.724366919147,478.054594541881,118.754570278252,41.8870844243239
2015-04-11 03:00:00,30,161.59380990984,425.053453845141,118.848193577372,36.0173550104744
2015-04-11 04:00:00,30,140.069756378914,461.503638954988,73.7409831022123,37.4868876532481
2015-04-11 05:00:00,30,153.224088128918,397.842459118252,100.833803510226,29.7635757984934
2015-04-11 06:00:00,30,187.046629251894,485.232265888974,82.6729010477817,37.208738258259
2015-04-11 07:00:00,30,144.388023168343,461.329693834665,116.887199962602,40.2508183250548
2015-04-11 08:00:00,30,174.983139389877,426.269455132952,114.102085311922,33.4640482573296
2015-04-11 09:00:00,30,188.451009601283,425.444893063938,93.469474110969,40.5836070914067
2015-04-11 10:00:00,30,182.229605411495,405.645666435822,86.8022764184101,38.3597882040729
2015-04-11 11:00:00,30,180.756578194353,445.899074641286,111.862826785351,34.8228282935281
2015-04-11 12:00:00,30,147.173781583664,454.468460518833,98.8786501873419,35.0979842114661
2015-04-11 13:00:00,30,152.138378226555,354.888146750947,83.9442787549035,45.5783744513591
2015-04-11 14:00:00,30,185.859173173178,477.738583240196,114.598822965843,39.3559090178162
2015-04-11 15:00:00,30,170.589189236813,477.777262994951,102.791682673576,41.371351233728
2015-04-11 16:00:00,30,143.735554633328,451.117151420071,107.076231948515,45.4343069716075
2015-04-11 17:00:00,30,164.958214872597,491.756106173969,90.0956558711267,43.3283197751174
2015-04-11 18:00:00,30,158.949044329492,529.597654709069,103.207203321966,37.1576057904537
2015-04-11 19:00:00,30,161.371786427175,460.345127016974,91.988106746024,36.4925694017765
2015-04-11 20:00:00,30,175.803999195614,534.835810767658,96.3202622120925,43.6369089185869
2015-04-11 21:00:00,30,173.369196901023,459.880018728934,107.757773533805,36.1939851192078
2015-04-11 22:00:00,30,192.390387820239,476.351597272058,105.302709557687,33.9530100171007
2015-04-11 23:00:00,30,143.282030785013,396.207285631524,96.9246086049195,44.8425507376267
2015-04-12 00:00:00,30,145.353799437876,492.780195760425,98.7478369388907,41.4167241803255
2015-04-12 01:00:00,30,168.045696393657,482.702606194526,99.6962636940295,37.0207314313913
2015-04-12 02:00:00,30,153.941282733177,472.548660469478,98.1966822686524,32.333135195647
2015-04-12 03:00:00,30,171.865610674114,450.045034151901,91.773878528501,47.0434575772455
2015-04-12 04:00:00,30,150.969455306637,414.774579284259,93.9043693449407,42.3775136355378
2015-04-12 05:00:00,30,157.046678818352,361.76736395782,114.56712688169,35.7825564483936
2015-04-12 06:00:00,30,166.431676307071,440.933217601366,111.368830462703,43.305466069425
2015-04-12 07:00:00,30,195.113563841306,449.595574544404,98.6484177023039,45.358315050863
2015-04-12 08:00:00,30,151.597574075499,519.476269082607,82.4778569404707,41.5071820961169
2015-04-12 09:00:00,30,151.121950389805,369.120938171712,95.8332885200795,37.5797134639948
2015-04-12 10:00:00,30,173.56942760067,453.692767448377,114.39784079945,40.2602473746491
2015-04-12 11:00:00,30,191.102949638662,487.37738618264,90.0921499492603,37.193918281293
2015-04-12 12:00:00,30,165.214280665104,383.078729653318,96.4789656334971,40.2964631096743
2015-04-12 13:00:00,30,171.937045206146,485.760823435753,102.12912552675,32.6389200325463
2015-04-12 14:00:00,30,174.70872393171,497.278959037102,105.373662742221,29.9022101667118
2015-04-12 15:00:00,30,147.769941986067,477.038841993152,81.9867119155643,40.5697140446202
2015-04-12 16:00:00,30,193.39048581479,410.790936460907,112.568100636564,34.3613612352379
2015-04-12 17:00:00,30,201.931834439337,422.079792172034,99.3694506056368,42.9562421570468
2015-04-12 18:00:00,30,154.657865046785,361.908117149687,103.40534782598,47.7099390376006
2015-04-12 19:00:00,30,202.636389604751,337.736234269063,106.682190088139,37.7677964960754
2015-04-12 20:00:00,30,172.411623046341,428.767264303776,104.043334068812,44.0574620854301
2015-04-12 21:00:00,30,144.623816823098,465.051190613864,107.808011565535,42.6621603509736
2015-04-12 22:00:00,30,182.604697224721,483.561054364741,99.9585713072889,41.6633731061581
2015-04-12 23:00:00,30,155.671883878068,384.301325392488,87.5326604824962,42.2877328169042
2015-04-13 00:00:00,30,198.906578350245,450.28423251149,101.722917537905,50.4860338893706
2015-04-13 01:00:00,30,164.773400283507,457.091016575555,96.0710920172183,38.8988742933014
2015-04-13 02:00:00,30,137.492912572754,467.931678037181,88.0037761973052,39.4258817307787
2015-04-13 03:00:00,30,185.432368704495,506.136071459135,97.6032329631787,34.732868224268
2015-04-13 04:00:00,30,171.425224489254,514.962895314476,83.4403069144332,43.0171207586228
2015-04-13 05:00:00,30,167.035471319807,478.966474143135,96.1627102864173,36.7896826568397
2015-04-13 06:00:00,30,166.629471213633,432.720409572014,90.010864568939,49.7075622908316
2015-04-13 07:00:00,30,183.349867049789,455.058434390192,93.2084418102835,43.7813935652748
2015-04-13 08:00:00,30,172.030452600647,438.591915416837,104.808874856189,49.5628499382192
2015-04-13 09:00:00,30,161.81302092293,503.006008519869,95.5305157074121,36.4273575982598
2015-04-13 10:00:00,30,178.491413871615,385.122920974905,88.8930949764479,35.3163202704772
2015-04-13 11:00:00,30,154.629266176744,423.108589558318,72.4561405499522,28.9189330738477
2015-04-13 12:00:00,30,148.278564541234,478.918214611264,85.7683900833827,32.5116514404158
2015-04-13 13:00:00,30,162.754355550937,386.174835406484,96.0481390143141,40.8501195543313
2015-04-13 14:00:00,30,142.480402773859,487.475072443457,102.208984901467,45.3319064209765
2015-04-13 15:00:00,30,172.85353740278,459.556849444824,101.715181074059,42.4761733636768
2015-04-13 16:00:00,30,170.368344805356,324.319941177199,100.654037720853,47.455665084174
2015-04-13 17:00:00,30,168.620684105777,377.761857077054,96.4909466719371,44.1010546480178
2015-04-13 18:00:00,30,198.182927825203,393.857885937218,98.6444674078983,37.6188236927836
2015-04-13 19:00:00,30,160.96752639805,337.211229138873,108.462330558941,44.0174267905878
2015-04-13 20:00:00,30,173.772970287168,416.480039083475,110.23132217904,27.8109951761323
2015-04-13 21:00:00,30,172.378661681524,429.8911305484,119.079211901176,42.2296071449018
2015-04-13 22:00:00,30,173.191360281886,466.339025719851,101.01157520027,35.8127019441312
2015-04-13 23:00:00,30,171.688574691861,431.619841818915,92.4242820798008,40.1375015373148
2015-04-14 00:00:00,30,177.40626624728,452.424827993774,111.216267390776,40.1190548004392
2015-04-14 01:00:00,30,186.605939463628,478.396323929535,90.131685614214,32.0244400248888
2015-04-14 02:00:00,30,187.19322142472,458.26570870717,90.6490923120091,39.8316600019303
2015-04-14 03:00:00,30,152.104665583599,429.874336807084,96.4235098908409,29.7778780599177
2015-04-14 04:00:00,30,181.098547476076,411.577858447149,105.875749101153,41.2345492324841
2015-04-14 05:00:00,30,138.670379660743,476.157609571575,101.309978567058,42.5696611455642
2015-04-14 06:00:00,30,166.857938962483,446.856935959283,98.8447738630451,52.1884323419937
2015-04-14 07:00:00,30,161.082358838119,550.958008651223,109.23382131194,49.9601532390169
2015-04-14 08:00:00,30,158.394658549407,454.737500907226,115.605765832281,41.7931223498613
2015-04-14 09:00:00,30,156.650441379604,413.142482391292,86.8422892648769,34.0929731538588
2015-04-14 10:00:00,30,156.422988253612,390.983820850349,104.799226421243,35.5305347152478
2015-04-14 11:00:00,30,158.675868565875,501.931987579644,112.783459074868,38.5138052556275
2015-04-14 12:00:00,30,183.964711102127,415.702979332317,88.461295000724,41.827538273917
2015-04-14 13:00:00,30,171.250315978155,512.471381810926,114.901648597968,48.863964521275
2015-04-14 14:00:00,30,167.240652123521,434.595860232499,97.120714777327,43.4869624051522
2015-04-14 15:00:00,30,176.031577192393,502.382035899636,83.5355802458307,37.0776110571477
2015-04-14 16:00:00,30,163.730442009127,415.19662669337,96.9434939607612,34.1215104571931
2015-04-14 17:00:00,30,175.026199371238,368.143298891309,100.290712623665,41.3253958479027
2015-04-14 18:00:00,30,148.668462402862,442.462139826676,101.49702139975,36.0758386555169
2015-04-14 19:00:00,30,157.398625400137,480.900691142358,114.590603609852,41.2733156916537
2015-04-14 20:00:00,30,162.895314810908,444.065094963408,98.6875413748159,37.6614841938262
2015-04-14 21:00:00,30,178.579018960788,515.300296613434,96.968018833238,39.3865660137548
2015-04-14 22:00:00,30,173.408585655684,450.704775975163,111.455714562935,41.1932773634496
2015-04-14 23:00:00,30,172.762147654475,508.693912021615,110.313058526367,48.1874368490393
2015-04-15 00:00:00,30,196.140591102205,433.303554336094,110.188896277744,46.7690938583258
2015-04-15 01:00:00,30,146.225698821616,435.254014366634,116.015951240642,29.0842999216949
2015-04-15 02:00:00,30,174.277529073377,462.643246758788,110.460368036917,36.2666870451853
2015-04-15 03:00:00,30,164.878033354331,476.797549636641,81.4292167342818,37.8861211271371
2015-04-15 04:00:00,30,144.884499789459,392.181641946257,114.27639205797,47.2268928827088
2015-04-15 05:00:00,30,142.500987457847,462.121383148403,82.2113841379076,40.2379745380729
2015-04-15 06:00:00,30,187.880134136125,487.281663175363,92.5225589900878,43.1230156937808
2015-04-15 07:00:00,30,196.014010405088,472.070458994384,105.22335093569,36.340380185216
2015-04-15 08:00:00,30,176.500999916166,469.639984439558,100.822563865048,40.2681316354408
2015-04-15 09:00:00,30,180.973773673663,509.609364409681,97.865782735644,32.8127377263687
2015-04-15 10:00:00,30,155.523768895968,471.794063466478,111.616502734226,47.3145067885587
2015-04-15 11:00:00,30,168.957214498596,479.94720668824,104.530731203404,45.0325509318855
2015-04-15 12:00:00,30,154.022533629992,486.296558188611,104.058349620605,39.9747026781308
2015-04-15 13:00:00,30,139.091350153546,426.520723443899,112.254455396302,42.4212076960466
2015-04-15 14:00:00,30,153.663387242324,428.618605484666,89.8181030378063,36.6328472965436
2015-04-15 15:00:00,30,163.306043575213,370.268070383341,85.3634757404917,30.0458081097577
2015-04-15 16:00:00,30,169.163334075162,459.401068304706,111.760604683193,38.0166265374031
2015-04-15 17:00:00,30,165.703347465055,431.203860397478,89.7502565139439,42.0371410254546
2015-04-15 18:00:00,30,140.289031023551,465.402230056785,99.4624946386706,43.8541858533836
2015-04-15 19:00:00,30,166.143059083587,513.007111517834,94.0991752836765,33.520390681062
2015-04-15 20:00:00,30,199.252760795242,432.925557801171,91.6999306838545,37.2509262404456
2015-04-15 21:00:00,30,153.121946957395,364.406367262569,88.043740158326,38.6407227305438
2015-04-15 22:00:00,30,168.094550564369,479.030108737471,108.997908458084,40.0624393088956
2015-04-15 23:00:00,30,184.559770478058,468.291378232698,103.899558009357,34.9240301248557
2015-04-16 00:00:00,30,181.933136856507,427.178056950113,95.7010033961701,42.8447710203829
2015-04-16 01:00:00,30,178.74391772746,384.74404367384,86.2847968734878,35.8015944352935
2015-04-16 02:00:00,30,133.102554505825,409.543290153527,110.44599124745,42.7755443863664
2015-04-16 03:00:00,30,166.621599404517,395.176953102547,93.9445896533974,46.0961881587041
2015-04-16 04:00:00,30,175.274371502158,366.567486787968,93.5217210245447,47.1854766560456
2015-04-16 05:00:00,30,156.254523203028,575.082626220788,97.9557409654645,42.9081984062681
2015-04-16 06:00:00,30,171.51538436493,411.289250397374,86.659698401577,41.3899685336965
2015-04-16 07:00:00,30,175.422775206207,436.114154694629,87.1186576822457,41.8177757339333
2015-04-16 08:00:00,30,132.633062039987,500.044447651702,98.6763915443151,36.7471198232264
2015-04-16 09:00:00,30,150.215445418463,421.525137686211,105.00348974257,43.4370183706612
2015-04-16 10:00:00,30,164.790028925742,479.62281872557,107.307545155741,39.8583311516912
2015-04-16 11:00:00,30,172.933543120974,411.930836922268,101.351890630888,37.9586443137231
2015-04-16 12:00:00,30,157.972788266038,343.158073263945,109.439825725528,38.0712145322104
2015-04-16 13:00:00,30,174.639469460502,438.208241485748,104.466439146389,47.1072600256337
2015-04-16 14:00:00,30,141.674605398255,502.003526361329,90.1551041294906,50.3625679310315
2015-04-16 15:00:00,30,156.65901423598,419.917915345295,86.0963087196638,46.9021940150163
2015-04-16 16:00:00,30,148.770669007473,458.522076089982,93.1994706986833,37.9221560322497
2015-04-16 17:00:00,30,169.369012370705,503.650331612669,104.323108791135,37.5719745166777
2015-04-16 18:00:00,30,152.10693244904,421.884606295553,108.278516798669,49.6979301755318
2015-04-16 19:00:00,30,165.514926752256,480.810464022923,94.3141796568397,35.8503696050829
2015-04-16 20:00:00,30,170.46777043201,408.873168807151,104.144141095097,43.0931102334174
2015-04-16 21:00:00,30,171.219098875941,521.970434675189,108.850742341768,47.2981972700277
2015-04-16 22:00:00,30,191.157147864564,428.614747867434,90.7960511754155,39.5195942441242
2015-04-16 23:00:00,30,168.936843108693,423.106068873929,123.912578487898,39.4699322949235
2015-04-17 00:00:00,30,169.433749371407,489.70303778257,106.025331114394,33.5630227137682
2015-04-17 01:00:00,30,163.418594495965,465.258551803252,108.601857357759,51.3147373939091
2015-04-17 02:00:00,30,185.39592839726,448.57313257331,100.883097447387,35.3448504088601
2015-04-17 03:00:00,30,181.05431505733,483.125972270042,104.639745779796,42.9357387100425
2015-04-17 04:00:00,30,161.414747720153,437.456353808898,104.272849176496,49.6734178882367
2015-04-17 05:00:00,30,145.822402297739,498.983612928636,102.781244030426,37.4259533438839
2015-04-17 06:00:00,30,171.954337665451,534.61502698271,92.4188280589368,30.4703590590742
2015-04-17 07:00:00,30,173.979859485966,510.812988762037,104.720824972608,49.9294181972603
2015-04-17 08:00:00,30,175.988249350787,441.606102921122,94.2927813629073,34.2540289454994
2015-04-17 09:00:00,30,157.781229862277,536.477330564467,103.979522198093,42.2288623183564
2015-04-17 10:00:00,30,158.017771605734,530.694545636006,91.7535666494943,36.804770934113
2015-04-17 11:00:00,30,171.511605362139,446.598663762988,95.2286345844323,47.3464002977178
2015-04-17 12:00:00,30,166.464957956491,462.169945678037,105.335004086701,38.5514367685854
2015-04-17 13:00:00,30,167.075774819297,454.108958024495,98.5112854754681,36.3209899622986
2015-04-17 14:00:00,30,196.180349265364,442.893074440127,107.913040506457,37.8409371004188
2015-04-17 15:00:00,30,135.901632377916,491.174025813,92.9876441684744,39.7660897911377
2015-04-17 16:00:00,30,177.212669622983,481.024297417756,99.9434871429961,38.1716977030995
2015-04-17 17:00:00,30,168.933190941439,520.578486414693,118.440118625949,44.3376974166992
2015-04-17 18:00:00,30,163.512742809554,366.859115892954,88.1707481307807,35.2965652845409
2015-04-17 19:00:00,30,170.441959931488,502.229816606245,108.482648673352,34.3577907717333
2015-04-17 20:00:00,30,162.070751522419,486.356237916088,93.1546644324752,48.8404716053312
2015-04-17 21:00:00,30,152.006057395961,383.929787519532,93.9802002879267,35.7832037977799
2015-04-17 22:00:00,30,151.595496121902,445.066710561998,84.5689516036838,43.2202979198098
2015-04-17 23:00:00,30,162.503724983098,420.846454388611,104.271462494981,50.171508237813
2015-04-18 00:00:00,30,172.008707930452,485.794958905726,107.570002767863,39.0091678960845
2015-04-18 01:00:00,30,180.955431459493,432.039409226432,93.8053062311132,46.1796605878741
2015-04-18 02:00:00,30,157.242227335177,386.338424061724,104.866089558553,32.1141156722675
2015-04-18 03:00:00,30,146.864361328611,404.738927872948,96.6536175124291,36.5914307465644
2015-04-18 04:00:00,30,183.636515733484,502.957558539064,94.8994742953761,40.0108254066234
2015-04-18 05:00:00,30,207.491223287219,481.965090410126,85.9182938615847,39.0238828621179
2015-04-18 06:00:00,30,170.181808173511,472.77158771108,74.2574853871231,35.0826030573268
2015-04-18 07:00:00,30,155.128846075956,505.241668113694,87.1203377045086,43.2380674260226
2015-04-18 08:00:00,30,185.283769132353,458.380320959598,108.357350679628,26.9080489141718
2015-04-18 09:00:00,30,165.114269058329,447.155759463436,109.288166248842,36.6346282772413
2015-04-18 10:00:00,30,195.784626317533,425.271535552313,107.587311143201,23.3355600920733
2015-04-18 11:00:00,30,176.037316542997,445.262097570855,97.225566249806,42.3341127834602
2015-04-18 12:00:00,30,175.893216615491,386.186266324884,92.6547257377576,46.6070552484059
2015-04-18 13:00:00,30,194.432612435845,387.008445298132,98.1813288652882,42.3841077273924
2015-04-18 14:00:00,30,159.998866944221,464.958088884603,109.878645812265,40.5637550250778
2015-04-18 15:00:00,30,189.615927858872,430.834460817328,81.3496383528633,45.0327164497995
2015-04-18 16:00:00,30,182.861845724809,525.330247184692,111.634380788068,34.8883399461238
2015-04-18 17:00:00,30,182.974975840243,416.079299173871,88.0678933694441,34.5819764594252
2015-04-18 18:00:00,30,165.173358840149,420.900269868283,85.854748080663,39.310118283532
2015-04-18 19:00:00,30,186.532391365081,501.381229397173,97.258605362511,41.9785936410081
2015-04-18 20:00:00,30,175.898231582976,524.735126976465,101.470955450526,39.5329762073105
2015-04-18 21:00:00,30,199.098614583635,445.125480930266,108.818422899135,43.6571977892539
2015-04-18 22:00:00,30,194.16764587316,534.387398268775,98.3337446049572,36.7411616283411
2015-04-18 23:00:00,30,184.385264199535,456.684605348965,92.8628756506892,42.6981583674557
2015-04-19 00:00:00,30,130.532711971385,435.739284938014,75.1620562445635,40.0751498061452
2015-04-19 01:00:00,30,147.876775401902,485.833154349193,91.6811547677531,34.9339454737416
2015-04-19 02:00:00,30,165.090873067684,525.764145701854,93.7237311645874,40.9556209327245
2015-04-19 03:00:00,30,152.817347433189,417.571222227561,114.35453687364,40.4188105338602
2015-04-19 04:00:00,30,196.779661200069,501.970081360593,88.0854130360474,32.5594529462895
2015-04-19 05:00:00,30,152.163060362715,567.384882759179,118.115408848815,42.7055154145648
2015-04-19 06:00:00,30,171.89439789525,457.124319728498,77.365368937999,40.5137605070944
2015-04-19 07:00:00,30,175.246307183234,418.179431479019,93.8699712732898,44.0868103762542
2015-04-19 08:00:00,30,177.34629067206,530.284530959197,91.6994319329304,32.9880613787057
2015-04-19 09:00:00,30,173.01593260513,486.770516134005,90.3640628310508,42.6711963725326
2015-04-19 10:00:00,30,212.197900640765,362.178477059275,109.27752435925,34.495528177994
2015-04-19 11:00:00,30,149.01348595959,409.101612765354,75.2682201990389,36.9799149463852
2015-04-19 12:00:00,30,173.355456860099,442.48794232974,106.451245501881,45.9485814638582
2015-04-19 13:00:00,30,168.863296466942,462.55261520481,105.708894991489,38.105843088668
2015-04-19 14:00:00,30,171.514985126813,363.745017007368,90.9261574708123,34.4391577517588
2015-04-19 15:00:00,30,164.468598581106,428.004670267003,86.7324423889836,39.1832111769671
2015-04-19 16:00:00,30,164.444325215838,495.490342747378,121.312977704997,40.9092911633
2015-04-19 17:00:00,30,158.654441049545,587.330754657545,100.415842021782,43.4445138343569
2015-04-19 18:00:00,30,170.783271496442,425.171040097718,94.8709816076387,39.8844858250381
2015-04-19 19:00:00,30,165.093255607609,394.654427679379,98.0885153256845,41.827046163376
2015-04-19 20:00:00,30,172.145334816578,431.996532386551,83.9432935326056,35.5180145442603
2015-04-19 21:00:00,30,157.857297245402,530.765005101847,111.791352465504,41.0950645224162
2015-04-19 22:00:00,30,199.109358608711,412.817782205208,104.709225700741,38.9848476102985
2015-04-19 23:00:00,30,171.887152926958,445.690330051884,99.865868143619,43.5220634336718
2015-04-20 00:00:00,30,167.561482211116,531.105044521991,90.2476379848757,38.8760107320854
2015-04-20 01:00:00,30,151.647533132692,480.425122480817,103.075512043388,25.0218031279662
2015-04-20 02:00:00,30,156.349292129684,444.700000719157,90.2600316204395,31.2404243651447
2015-04-20 03:00:00,30,157.842908992001,520.311405822015,95.4677070032673,37.1868740359735
2015-04-20 04:00:00,30,178.102984725101,400.292875620097,109.178174322206,33.7969161368588
2015-04-20 05:00:00,30,145.504515925495,424.448383022423,116.311073574513,36.7166972627776
2015-04-20 06:00:00,30,204.179253589317,487.704853145639,109.370750100778,37.0606841170245
2015-04-20 07:00:00,30,185.109556519736,524.886884868785,88.4098083954038,34.8640864879514
2015-04-20 08:00:00,30,177.965440130687,427.546127012266,98.9486490158805,36.8126850839584
2015-04-20 09:00:00,30,147.234088861734,490.656413410376,99.6543345415466,46.0119798453087
2015-04-20 10:00:00,30,198.668364036928,409.398638954753,99.9894182678829,40.4519129103219
2015-04-20 11:00:00,30,200.779717403341,422.936258271538,94.4112995888577,38.9351510585426
2015-04-20 12:00:00,30,193.582694521563,450.989348238944,87.1174793795595,39.1676928327887
2015-04-20 13:00:00,30,172.308261171766,469.336204068843,111.971128285912,43.4414373143048
2015-04-20 14:00:00,30,162.887699983976,432.466185386556,97.1828865112582,33.9864496669195
2015-04-20 15:00:00,30,171.244741751866,456.463989770715,95.4984647387281,39.6408818353865
2015-04-20 16:00:00,30,167.603292485179,484.261123617323,113.647235074886,42.2948794580962
2015-04-20 17:00:00,30,177.342159749994,430.004669793779,102.793585114495,37.5894388163104
2015-04-20 18:00:00,30,175.146034060374,471.932266664904,109.999496602509,39.8143780281185
2015-04-20 19:00:00,30,170.725757425547,448.725672976772,106.137338578217,38.0631034838642
2015-04-20 20:00:00,30,172.157937314105,459.916010327945,113.877680360264,44.7763203265076
2015-04-20 21:00:00,30,196.731440038878,455.773839631724,127.38354373079,37.1293117847853
2015-04-20 22:00:00,30,167.921228592694,432.449548238092,98.5918939543134,31.6103161437738
2015-04-20 23:00:00,30,188.309275088068,426.187641189781,85.4124757377397,31.1150727773964
2015-04-21 00:00:00,30,153.683748518616,482.217035556256,81.7533347479432,34.02011668102
2015-04-21 01:00:00,30,146.88218342829,438.631094403568,94.8335084516605,36.1811938683712
2015-04-21 02:00:00,30,164.463408399937,409.300007302889,98.9790179000613,40.4303957986147
2015-04-21 03:00:00,30,173.497766446157,473.087434906238,113.151030874081,37.5743617931669
2015-04-21 04:00:00,30,166.808200816282,510.938700899732,117.153233789154,48.8649113932715
2015-04-21 05:00:00,30,179.844170597645,397.187196124808,80.6965011800121,45.8569819534883
2015-04-21 06:00:00,30,190.536677648803,585.639731841832,87.0380677154871,36.008709334841
2015-04-21 07:00:00,30,183.592305217552,463.227386333655,115.874445394075,41.070861446952
2015-04-21 08:00:00,30,158.637760859016,389.857490243368,104.39803347492,39.6800204620855
2015-04-21 09:00:00,30,164.477284550882,381.840883652526,95.9686220090361,40.064988858249
2015-04-21 10:00:00,30,172.941946329057,466.061574383236,91.4777598253486,45.0431067652423
2015-04-21 11:00:00,30,171.570948549887,453.383641940435,116.983442974332,44.1651120862069
2015-04-21 12:00:00,30,174.52525378689,440.416397559349,90.8411704543183,47.2103600439928
2015-04-21 13:00:00,30,174.322701118288,457.436390015269,100.6285313025,42.7793146185924
2015-04-21 14:00:00,30,133.702084035748,515.295898566816,105.589958919578,40.1556239069082
2015-04-21 15:00:00,30,173.817152382271,475.764158010717,108.068990403088,40.6654496376293
2015-04-21 16:00:00,30,165.079089521441,453.333461947763,98.1963913918913,38.1627989406588
2015-04-21 17:00:00,30,180.612908901743,455.507081728995,104.702140551942,39.4879677799261
2015-04-21 18:00:00,30,160.879713358393,372.589090890463,94.1112162209553,46.2896312480134
2015-04-21 19:00:00,30,138.211726991431,302.672281214221,102.176662497136,45.3373733829122
2015-04-21 20:00:00,30,152.340175002368,397.616328244654,83.3077866459555,45.1310068207581
2015-04-21 21:00:00,30,180.172657768688,367.344582801458,120.716249030318,37.4749162479749
2015-04-21 22:00:00,30,140.398479133783,393.675980320281,90.8805179726801,43.0403238532578
2015-04-21 23:00:00,30,174.358120911622,446.421087160148,109.333004211126,46.202685726022
2015-04-22 00:00:00,30,168.026608288764,438.559389710019,106.988282899562,37.6444602662396
2015-04-22 01:00:00,30,174.775782951804,443.724317967486,94.2807361264302,37.7169951190648
2015-04-22 02:00:00,30,172.568961344973,492.013204978833,92.7844472239541,40.1173360416698
2015-04-22 03:00:00,30,194.119930264486,580.245094261476,96.3232587223124,41.7449692464604
2015-04-22 04:00:00,30,167.963621711771,454.20853457048,84.7371999202609,36.6427662410167
2015-04-22 05:00:00,30,149.747088533688,466.759558910297,116.167128277475,40.987453458405
2015-04-22 06:00:00,30,181.244421880407,405.966444996251,95.8554198229659,40.5283095171484
2015-04-22 07:00:00,30,184.501328151295,456.637440518649,108.078012626669,40.4524130779737
2015-04-22 08:00:00,30,160.294946964679,395.343752280277,104.146954267531,35.1208822898981
2015-04-22 09:00:00,30,160.639730795495,425.071564109339,106.443414925841,33.7205471931658
2015-04-22 10:00:00,30,174.005065975598,513.265406298104,116.036714757691,37.2929181791594
2015-04-22 11:00:00,30,187.238974949302,522.4713695062,101.340939674946,40.2270299607465
2015-04-22 12:00:00,30,175.447919848072,481.066229913324,79.1760171826593,37.2377183658143
2015-04-22 13:00:00,30,188.502257108239,454.793023769205,99.4208879357795,41.4124772941748
2015-04-22 14:00:00,30,159.946605376294,337.320196542131,86.2440353833779,42.2334811803413
2015-04-22 15:00:00,30,169.144212526069,359.711705952986,111.899108841871,36.1289430512986
2015-04-22 16:00:00,30,174.488781150697,368.107634135895,98.9852714643421,41.7822653157208
2015-04-22 17:00:00,30,167.502624684565,364.690038502877,91.9452838008318,45.3247424617716
2015-04-22 18:00:00,30,201.857807937472,368.00927699553,115.153987720501,35.1099250928206
2015-04-22 19:00:00,30,155.670118822437,440.620534475641,107.375317364571,40.7873237065882
2015-04-22 20:00:00,30,173.942944308397,458.591746971937,96.3373900117071,46.1108388979969
2015-04-22 21:00:00,30,194.224088941972,435.236068475198,118.40402142081,36.3949751661688
2015-04-22 22:00:00,30,167.857367113318,457.586835950334,120.211166254839,40.1431301836814
2015-04-22 23:00:00,30,143.836525103228,411.863206320025,96.4214929828257,43.8430879077079
2015-04-23 00:00:00,30,182.704852708742,522.024376526358,98.7784517717259,43.2044785073934
2015-04-23 01:00:00,30,163.286677334718,378.851467689594,90.7313641365717,36.9743419000473
2015-04-23 02:00:00,30,160.241116890355,528.845121068146,100.802955194759,38.2557858718021
2015-04-23 03:00:00,30,177.848906701949,402.853467313607,105.720581596132,37.68724355542
2015-04-23 04:00:00,30,144.460016236101,560.505003947111,119.080029543035,45.9317573896209
2015-04-23 05:00:00,30,155.520920080073,401.373592743583,92.620850692127,37.3759532946469
2015-04-23 06:00:00,30,150.704550996049,504.368774910651,104.640907055898,42.4962480067355
2015-04-23 07:00:00,30,164.633972974562,446.230360192227,92.839719554598,32.8880868966045
2015-04-23 08:00:00,30,186.606897481465,449.914348158306,98.0192716472728,38.7838127901326
2015-04-23 09:00:00,30,177.567480105419,414.101641006101,92.1105112603143,47.8770798132722
2015-04-23 10:00:00,30,185.161635636664,425.751216477863,100.114178354685,44.4035046868489
2015-04-23 11:00:00,30,175.463126952784,520.316015105772,104.817375276017,40.2022633296684
2015-04-23 12:00:00,30,164.416045422944,426.220907094023,106.835538486605,41.5221205119732
2015-04-23 13:00:00,30,180.435610392357,410.697972968762,105.153283331237,42.2960966843551
2015-04-23 14:00:00,30,174.276965235527,551.057505649483,81.8396029470002,38.4046033796944
2015-04-23 15:00:00,30,150.9512971258,393.572996056011,102.711073575739,33.9326830897838
2015-04-23 16:00:00,30,169.626443134451,456.933910712544,107.285864397189,45.4898557149124
2015-04-23 17:00:00,30,150.086622666243,469.407882583624,106.382673155878,38.4680735034321
2015-04-23 18:00:00,30,161.741944178853,484.169229268618,91.4915756226786,42.1998698781538
2015-04-23 19:00:00,30,163.828577905768,487.33092583294,96.0152181629645,35.7098120528227
2015-04-23 20:00:00,30,161.384453751619,460.541780369138,99.3017357140733,37.145983163069
2015-04-23 21:00:00,30,174.341755594189,525.63168534329,85.4858467579074,40.6475166375523
2015-04-23 22:00:00,30,165.943704007169,515.161892908471,104.017269866806,39.8192716704261
2015-04-23 23:00:00,30,148.279865846235,515.256652994161,101.766948031998,37.468665164647
2015-04-24 00:00:00,30,171.263263952831,427.472505217468,101.616274969612,38.4961348816905
2015-04-24 01:00:00,30,169.171414556198,435.719394649027,95.0971409497962,46.5452203990226
2015-04-24 02:00:00,30,192.458478172567,447.598420914964,104.326444774618,46.0004786411091
2015-04-24 03:00:00,30,183.478313715632,500.466069963255,92.270612368545,41.6231316522869
2015-04-24 04:00:00,30,175.319983824775,455.706051672052,90.1126466770883,30.0734591873855
2015-04-24 05:00:00,30,134.954182549,508.383617776177,91.1674012867947,45.9234226729189
2015-04-24 06:00:00,30,157.501696514479,450.085750653455,102.845912937318,38.6457884941483
2015-04-24 07:00:00,30,159.992314000327,424.525839204105,96.2189904519909,45.91715622279
2015-04-24 08:00:00,30,173.507396813302,496.245717408122,85.3759483673268,29.9481516370542
2015-04-24 09:00:00,30,184.234652247112,488.129831893125,105.946826865338,46.3219420288323
2015-04-24 10:00:00,30,176.711011564465,422.557886928611,98.7549200243721,44.9977270701188
2015-04-24 11:00:00,30,166.330258146774,425.721164217027,106.060781484196,38.4518572177571
2015-04-24 12:00:00,30,199.93020234877,470.796450580277,92.3878839264116,41.3176826025809
2015-04-24 13:00:00,30,164.381024771344,494.14667271024,100.350665994943,32.9941341269296
2015-04-24 14:00:00,30,159.878179310043,486.048585778752,100.454438872767,36.8995500694175
2015-04-24 15:00:00,30,152.727636809026,517.721845433067,106.706365097607,27.1809301271393
2015-04-24 16:00:00,30,200.512659071937,430.764762509562,90.6775609976715,35.9701593632031
2015-04-24 17:00:00,30,168.773716137452,456.189410083534,85.1295157013697,41.6964678660711
2015-04-24 18:00:00,30,186.119143564283,427.85914027864,116.17755578409,41.6891652055229
2015-04-24 19:00:00,30,152.961120313034,450.902988722162,94.5801240053928,47.1708531061035
2015-04-24 20:00:00,30,163.940958326092,475.475344010597,112.913437846096,35.1698679772615
2015-04-24 21:00:00,30,153.607497126257,413.140746325968,81.2317606722541,40.8972154830179
2015-04-24 22:00:00,30,148.117974947458,503.650873022389,98.4381089401904,43.6095011703135
2015-04-24 23:00:00,30,192.97968334954,401.708084026425,116.538273482622,52.6030197002322
2015-04-25 00:00:00,30,170.082810945794,384.223498376822,96.728261368157,38.106288443117
2015-04-25 01:00:00,30,165.811477490168,398.231988864415,93.2557111772254,43.7516416404052
2015-04-25 02:00:00,30,193.370370509775,415.029731504576,117.417914750513,44.5057884371351
2015-04-25 03:00:00,30,176.369948859548,501.960725884187,124.976391471899,42.5033501306361
2015-04-25 04:00:00,30,157.336620628584,506.609238722082,111.597716809026,41.1460343898414
2015-04-25 05:00:00,30,146.595319059357,440.042375862597,94.4777114691669,39.5435225821
2015-04-25 06:00:00,30,161.064348585012,376.051933262642,113.035925628614,35.8034327535305
2015-04-25 07:00:00,30,157.915042239562,432.106425962685,95.1215502280388,48.0838383793091
2015-04-25 08:00:00,30,174.178939862429,436.618898757182,83.7427979670277,35.2835742567494
2015-04-25 09:00:00,30,159.306016236292,443.721415114905,106.894099468157,30.6737441075376
2015-04-25 10:00:00,30,187.029460099614,468.812221113015,98.693910083254,43.2219666068009
2015-04-25 11:00:00,30,195.876341583052,469.778478315124,90.353376192773,34.9991837037367
2015-04-25 12:00:00,30,173.123073345484,454.398080905876,107.805180107834,34.9165697353786
2015-04-25 13:00:00,30,163.244724436589,482.07226276483,110.356794250626,35.4313390545149
2015-04-25 14:00:00,30,180.065131225637,450.025173359176,94.1801122855389,35.6880963010207
2015-04-25 15:00:00,30,159.44689882941,407.01926093449,107.803462239514,35.9619113749882
2015-04-25 16:00:00,30,157.065818126039,552.61065696854,95.3541847428727,45.1385814219709
2015-04-25 17:00:00,30,163.234952494794,420.197316500194,103.588211252662,36.177551534422
2015-04-25 18:00:00,30,169.642452493441,468.392525222159,99.1637578390048,23.2787105147509
2015-04-25 19:00:00,30,173.569330158105,515.538206736917,103.114921577188,32.6012360729802
2015-04-25 20:00:00,30,161.839294967005,399.044622065078,95.2624565598675,44.5264148788233
2015-04-25 21:00:00,30,154.230216862716,500.559292347701,115.159163404486,33.859680829849
2015-04-25 22:00:00,30,169.934221721432,367.324474531432,104.822854599889,39.0974680748061
2015-04-25 23:00:00,30,173.048568307039,528.293213764846,100.452493912813,42.2622855959126
2015-04-26 00:00:00,30,157.055243368675,463.10731258314,96.2598964960888,43.127989777043
2015-04-26 01:00:00,30,151.050377881338,417.211590627698,120.71767214703,41.5812442190192
2015-04-26 02:00:00,30,180.998036712096,511.125525573417,100.881761516206,46.5210041275865
2015-04-26 03:00:00,30,177.078500627658,480.559908048912,111.419786547324,44.4809482748894
2015-04-26 04:00:00,30,161.860216696283,488.640370829465,88.9594005295132,36.0687032987273
2015-04-26 05:00:00,30,162.698347642125,434.254168497582,100.009689978824,42.4322351258655
2015-04-26 06:00:00,30,136.774435194151,394.648818955748,95.5514016930762,52.42030262148
2015-04-26 07:00:00,30,175.32633045895,462.178753400661,109.565643360112,38.671066836469
2015-04-26 08:00:00,30,160.780171190773,501.577033273924,104.375997554658,38.2312271375946
2015-04-26 09:00:00,30,149.864479790333,424.334204022246,99.8674384181989,37.8201392644789
2015-04-26 10:00:00,30,170.901582386673,443.942841873329,81.7326871686248,34.830679976365
2015-04-26 11:00:00,30,145.337497571956,459.722503735049,95.3983594580829,43.5014932914711
2015-04-26 12:00:00,30,184.333864705868,395.853793851025,115.934062839795,50.2276327557377
2015-04-26 13:00:00,30,175.455357108251,445.909123907813,103.825984303552,46.0565572181531
2015-04-26 14:00:00,30,149.397207803307,406.488056993313,87.486645053601,39.6213362827117
2015-04-26 15:00:00,30,159.073948796096,493.370089126926,88.1001576767677,33.6292998282239
2015-04-26 16:00:00,30,158.516172524568,547.277170112187,96.1427615855113,36.787048070801
2015-04-26 17:00:00,30,181.992495168933,502.695746948334,105.470275758036,40.2280974435991
2015-04-26 18:00:00,30,187.359359294161,394.677887622355,91.6732198625694,49.2755713579326
2015-04-26 19:00:00,30,153.645505658174,534.36853892596,115.38122261235,39.8945191190819
2015-04-26 20:00:00,30,151.062672612533,475.562461192523,99.3688747544349,43.3870737919277
2015-04-26 21:00:00,30,167.02814979737,481.199476205434,107.284735695429,45.976780385588
2015-04-26 22:00:00,30,167.077833008843,452.811031836672,108.280157456577,40.3380082500426
2015-04-26 23:00:00,30,179.444405248739,517.497250159948,79.8533175916497,39.7071425793447
2015-04-27 00:00:00,30,178.493257021219,439.498598081111,121.843652556368,29.4453379895231
2015-04-27 01:00:00,30,134.351069809644,495.921907118444,103.012208935481,41.8900539295814
2015-04-27 02:00:00,30,204.735446427592,426.048902239684,111.695711868888,36.3564967487161
2015-04-27 03:00:00,30,172.557659895421,441.887786210563,104.295217097532,41.7433581171088
2015-04-27 04:00:00,30,172.352235977704,442.444920031907,104.059429927576,42.9841802135424
2015-04-27 05:00:00,30,148.113732164595,459.133125629971,97.0797338530461,49.2418915734801
2015-04-27 06:00:00,30,207.493658470382,369.65410312257,118.277697834655,37.3757777924176
2015-04-27 07:00:00,30,180.357316862636,475.459609339156,102.078852350398,33.3077809265149
2015-04-27 08:00:00,30,166.190318677911,483.297714273641,87.3172653787081,34.3629781004616
2015-04-27 09:00:00,30,158.653095207463,460.018534036048,115.603952762247,36.6904208053333
2015-04-27 10:00:00,30,161.327242359524,470.783440548861,110.875619650762,45.6286448945507
2015-04-27 11:00:00,30,182.627347350867,400.26657018149,98.1343051529803,39.4038965785607
2015-04-27 12:00:00,30,180.59334865337,432.763462722052,95.5509818490901,42.7268064564622
2015-04-27 13:00:00,30,180.939856227399,399.145672299812,89.6333576421204,46.6534032656004
2015-04-27 14:00:00,30,157.716691189247,478.762815123854,102.888983478649,37.8583340961605
2015-04-27 15:00:00,30,149.177845504677,418.862014041986,104.445543457441,34.598701353992
2015-04-27 16:00:00,30,161.250553690703,418.27211629082,98.4954411264481,41.840248809359
2015-04-27 17:00:00,30,169.684136419139,474.170149632773,107.90261387717,37.6453180244251
2015-04-27 18:00:00,30,189.742250862873,384.522300401135,96.4622318580533,43.7128095361045
2015-04-27 19:00:00,30,185.026472119073,356.176881220018,110.701573281398,37.6718924598669
2015-04-27 20:00:00,30,156.583643592742,476.713845146119,96.6685653800403,35.5389930426347
2015-04-27 21:00:00,30,168.891630399543,514.551957492704,75.5328430274932,44.9157937724577
2015-04-27 22:00:00,30,167.671019793026,526.75672190434,110.955810876019,29.7791576652759
2015-04-27 23:00:00,30,158.442087033419,456.714605368309,96.7592968045641,50.0309389757648
2015-04-28 00:00:00,30,179.015060832923,428.708976539668,106.92864380131,46.9495128869426
2015-04-28 01:00:00,30,175.998207065799,437.226086044211,99.7197033360662,33.463882385221
2015-04-28 02:00:00,30,139.230349398371,493.491854253857,116.567270291277,44.7088197231972
2015-04-28 03:00:00,30,153.488843956646,437.382005626491,100.315820849029,45.5053956957495
2015-04-28 04:00:00,30,173.459717341707,373.931102547848,100.344879429848,44.296342110487
2015-04-28 05:00:00,30,171.800023232178,425.554392541785,90.2629752008388,47.0891896829228
2015-04-28 06:00:00,30,174.618969012844,394.937957346294,95.1082157075824,38.400203655189
2015-04-28 07:00:00,30,169.264066332872,358.958482093318,94.6394954007873,46.1629547940151
2015-04-28 08:00:00,30,185.036379536052,434.977719935375,87.6405591796295,37.9434600741462
2015-04-28 09:00:00,30,179.904663796361,458.4147066184,106.017264247272,42.8179841216306
2015-04-28 10:00:00,30,175.250438039589,517.763856314027,106.833794130179,40.4661350591599
2015-04-28 11:00:00,30,183.004914644882,480.013138676979,77.8618661530605,42.1242545330477
2015-04-28 12:00:00,30,161.877806773948,464.40043300285,91.2811641044309,46.1858448148079
2015-04-28 13:00:00,30,167.765312502629,464.931205022817,94.3658210456477,37.3757284150183
2015-04-28 14:00:00,30,171.143085063264,417.33176581943,115.968157695939,38.319637649
2015-04-28 15:00:00,30,177.666111383703,441.181309506354,84.9245765308966,35.0805463261805
2015-04-28 16:00:00,30,178.540040960802,321.056091904481,95.9249909623204,40.5836120611165
2015-04-28 17:00:00,30,202.406593660848,471.125482380318,100.699736949232,29.9305825596711
2015-04-28 18:00:00,30,146.723286459369,421.797375230802,111.760792429147,35.0901706087897
2015-04-28 19:00:00,30,156.502919453879,347.513331600317,90.9843052774421,38.2281831023607
2015-04-28 20:00:00,30,180.436069013553,299.515864821292,107.372152172487,38.710886675096
2015-04-28 21:00:00,30,156.142076502273,403.34152466124,94.8209081387197,38.9681419512337
2015-04-28 22:00:00,30,150.26614243922,218.136995213265,101.165693987787,39.0803606413968
2015-04-28 23:00:00,30,202.947926564078,424.827952265261,103.014483404231,44.2437626843643
2015-04-29 00:00:00,30,176.240548062144,352.412393182379,90.8889111429407,36.7048548235483
2015-04-29 01:00:00,30,173.194783040027,380.503633998911,117.92318872444,32.3379200274605
2015-04-29 02:00:00,30,172.41738374103,333.467789616008,106.506649961956,46.7720051137959
2015-04-29 03:00:00,30,205.985349011721,342.96382078663,111.817610770812,43.3200428171151
2015-04-29 04:00:00,30,126.427866091087,411.722341816869,102.625885617467,38.9459832694236
2015-04-29 05:00:00,30,185.138872015849,380.830716488043,94.7839798396952,37.7870910384311
2015-04-29 06:00:00,30,158.216384618683,421.419138976097,68.6676791156673,35.9934811998249
2015-04-29 07:00:00,30,185.992160905443,356.014109650468,109.694000370143,43.5805393329386
2015-04-29 08:00:00,30,171.228065004311,330.413761075158,108.053742038316,44.0520045563873
2015-04-29 09:00:00,30,194.70395050043,487.829706429485,113.00152982424,35.2517612889628
2015-04-29 10:00:00,30,162.283994987401,410.989285468129,84.9580685218811,47.2249705508604
2015-04-29 11:00:00,30,157.942513778235,326.928754246792,99.4664680425992,38.7599796853202
2015-04-29 12:00:00,30,167.755447874958,333.587113753563,76.3262005866774,37.3270713399738
2015-04-29 13:00:00,30,173.419617701151,288.551817424939,109.705781245009,33.9676810247304
2015-04-29 14:00:00,30,154.979288409672,338.258573986143,90.2714160395057,47.6045058200444
2015-04-29 15:00:00,30,151.438431101235,422.722313044416,113.674845007223,37.5186450201507
2015-04-29 16:00:00,30,165.735651402669,298.085962302433,86.2523780095512,45.3016388851492
2015-04-29 17:00:00,30,189.447799190802,369.874808426767,103.681244700755,28.6992198221831
2015-04-29 18:00:00,30,184.536688063662,331.004669228216,100.524505510606,46.8586929089565
2015-04-29 19:00:00,30,178.009919044648,344.847470443409,106.488039373305,48.6657017569198
2015-04-29 20:00:00,30,182.981425757497,275.196827487877,91.9186227360267,35.9474287761324
2015-04-29 21:00:00,30,170.434918075737,354.015659021463,106.201637516443,43.2742231109193
2015-04-29 22:00:00,30,145.752852023539,448.567100659386,96.5729917306564,47.7468751233171
2015-04-29 23:00:00,30,151.481080187643,369.208037886814,84.7093576755587,38.0491120006429
2015-04-30 00:00:00,30,163.091132947296,344.234847499673,87.7885190227889,42.1275662726257
2015-04-30 01:00:00,30,159.450427817309,428.524249014142,95.428046229675,42.2239522164075
2015-04-30 02:00:00,30,175.634072994888,327.239830893472,95.4057905939029,33.8312676974928
2015-04-30 03:00:00,30,189.612610570022,418.839841403397,106.689573082707,48.9211383385598
2015-04-30 04:00:00,30,174.405907277242,364.296752944353,94.976413496369,37.455451835406
2015-04-30 05:00:00,30,190.393040832455,367.466342641015,106.140187255608,50.7493031021046
2015-04-30 06:00:00,30,174.212512625256,393.94260179251,104.68945950648,37.0382942585153
2015-04-30 07:00:00,30,190.080965723201,421.528090804381,101.314091325989,39.9035152170257
2015-04-30 08:00:00,30,178.921053502029,318.193780685403,92.473903131899,46.8795047345141
2015-04-30 09:00:00,30,173.564562634853,324.457431664724,93.1076814667901,38.7304249721014
2015-04-30 10:00:00,30,145.339571199976,309.817008860512,99.5706991772082,40.0987312545857
2015-04-30 11:00:00,30,164.820759009913,428.852639575494,96.5403725170697,34.8955795600897
2015-04-30 12:00:00,30,152.813836904203,391.371206528685,102.429322097897,32.7545745377466
2015-04-30 13:00:00,30,173.253070186103,387.989824209283,102.025604393069,41.691632499015
2015-04-30 14:00:00,30,183.001692812859,394.250901696959,100.192625421008,42.22629933006
2015-04-30 15:00:00,30,166.481999647413,371.666888016548,104.908503055852,28.115948754308
2015-04-30 16:00:00,30,169.12730081778,399.20349285657,94.2231973191377,38.0958309783358
2015-04-30 17:00:00,30,154.94200101827,336.587317092755,91.4237247586329,38.0401210652343
2015-04-30 18:00:00,30,179.794348959167,323.396205006074,103.327416812363,37.4146770073417
2015-04-30 19:00:00,30,175.767196772447,404.228541289826,108.764004968421,37.8983420072548
2015-04-30 20:00:00,30,184.373488343073,405.968624527301,124.157861212762,43.4977317087915
2015-04-30 21:00:00,30,179.19468239845,439.462008968506,99.8559320685969,39.1367440575065
2015-04-30 22:00:00,30,191.282129640527,452.399224442052,102.41968164761,39.2421746735004
2015-04-30 23:00:00,30,188.318649948629,385.042170904583,101.380086382377,38.1197415728237
2015-05-01 00:00:00,30,176.952672554132,506.337343994502,102.494648406757,37.2284998828134
2015-05-01 01:00:00,30,167.495628485296,453.293772068068,83.7353935336727,46.4576370061698
2015-05-01 02:00:00,30,193.093200482961,382.631963131539,95.7707884337186,36.4775721909853
2015-05-01 03:00:00,30,150.335272732659,499.47520966734,92.8320271447159,43.0550496976374
2015-05-01 04:00:00,30,172.839589570837,433.564357776232,94.4819681016458,38.5931830462849
2015-05-01 05:00:00,30,143.876520491696,489.473753166375,78.7907002008317,40.982365136478
2015-05-01 06:00:00,30,175.172910809151,430.588889575841,89.8144780070593,45.2273200751575
2015-05-01 07:00:00,30,192.557054212842,477.971432911109,97.1646976927389,37.207103635226
2015-05-01 08:00:00,30,171.121046168278,534.020923787,97.6131342038027,34.0917737889427
2015-05-01 09:00:00,30,137.623972862342,431.071583876995,84.5381511562282,34.462179815356
2015-05-01 10:00:00,30,160.510923551163,419.342518795337,91.2910617094149,42.6552711847674
2015-05-01 11:00:00,30,159.092041148292,443.026386223357,99.4947147920536,43.9262746352833
2015-05-01 12:00:00,30,171.723668798163,465.105071872805,96.1328279176523,49.5037944935535
2015-05-01 13:00:00,30,173.180967534574,462.974096164702,109.360322610294,31.446804832239
2015-05-01 14:00:00,30,167.110816695391,400.587579173922,116.234180207651,46.7438977150777
2015-05-01 15:00:00,30,193.255553578865,488.552280945876,102.499671371655,38.6138858142476
2015-05-01 16:00:00,30,158.374789963601,494.472555543234,94.6802074841098,41.4584524775659
2015-05-01 17:00:00,30,171.19533760378,380.042842237093,85.6513349141953,30.6641677260197
2015-05-01 18:00:00,30,166.519934373841,395.469154457321,114.167877755167,40.6922929049607
2015-05-01 19:00:00,30,190.069563443778,430.031865750696,104.716868137739,41.303695966101
2015-05-01 20:00:00,30,175.610186181542,399.759175608382,94.9860220923661,37.2084135920228
2015-05-01 21:00:00,30,184.992144289293,505.814434027119,99.0633970622483,36.0154203057794
2015-05-01 22:00:00,30,198.423044136193,422.742962760503,98.0420218448311,35.0955049489423
2015-05-01 23:00:00,30,156.467716652016,536.358108507609,106.5944009459,37.4785331536779
2015-05-02 00:00:00,30,150.206472316088,340.162920242417,104.636843359923,32.8191726884843
2015-05-02 01:00:00,30,174.004124659634,422.244774906484,99.0843140451257,41.8853186777754
2015-05-02 02:00:00,30,167.807722416828,463.822783923837,73.9312212320423,46.1863222770843
2015-05-02 03:00:00,30,160.448663255193,478.282327984665,111.838175732364,30.5027278194945
2015-05-02 04:00:00,30,183.11683645506,477.982508945532,90.7861942545355,42.3602258505685
2015-05-02 05:00:00,30,172.400917224738,453.041468479215,80.8172466636151,32.3969087454111
2015-05-02 06:00:00,30,169.905392587861,423.79232221408,84.6335590055681,42.2639336422362
2015-05-02 07:00:00,30,158.366481465788,526.187622415596,107.887103380041,37.6885183703035
2015-05-02 08:00:00,30,141.716032359613,527.389072407013,115.568355812548,47.3736688974694
2015-05-02 09:00:00,30,174.462033473579,500.158831825872,97.7378953639818,49.0910895360505
2015-05-02 10:00:00,30,155.337514087917,413.026624632322,94.581376669466,37.8796601165902
2015-05-02 11:00:00,30,177.301958701189,482.76943258886,93.972371964026,38.0528447086014
2015-05-02 12:00:00,30,157.563234666013,349.32709779592,89.1593370417631,31.5807875528049
2015-05-02 13:00:00,30,177.987985576189,415.081525846052,93.7460966115612,44.4712743533336
2015-05-02 14:00:00,30,166.418857530557,481.225459600075,102.640494958975,39.1719160446205
2015-05-02 15:00:00,30,173.167043580259,460.872069119201,105.417877248158,42.1333088165118
2015-05-02 16:00:00,30,182.829511551951,475.712515329222,103.526047628541,38.3944126582515
2015-05-02 17:00:00,30,174.087953258371,394.026843043829,96.8152778174642,49.1476058709487
2015-05-02 18:00:00,30,174.232774764438,478.751600191767,106.10847535066,43.5363189772847
2015-05-02 19:00:00,30,157.347476002342,384.775075767679,108.813101419343,38.0676403848601
2015-05-02 20:00:00,30,166.782987368546,489.477303679805,98.1076753739269,43.6670610334418
2015-05-02 21:00:00,30,173.425657946551,347.701074411203,75.1146784516474,38.1414149798142
2015-05-02 22:00:00,30,154.50549879225,391.759947243383,101.644206725054,46.2065175767759
2015-05-02 23:00:00,30,178.773782342087,404.759560575622,104.279135523881,47.7286894163487
2015-05-03 00:00:00,30,170.547049945904,519.27137496888,95.2824777889601,39.5734875121413
2015-05-03 01:00:00,30,152.46849147453,446.224963306945,99.2032283554972,39.4024296918383
2015-05-03 02:00:00,30,176.356722674098,428.809966438849,91.0728298588161,32.6416269221562
2015-05-03 03:00:00,30,187.423723876139,510.967951872575,106.791024179153,44.4422341964028
2015-05-03 04:00:00,30,171.597591383011,432.722661285862,109.400948604868,40.5415088271603
2015-05-03 05:00:00,30,172.981823004284,526.502359961581,102.537538814015,40.9007741973271
2015-05-03 06:00:00,30,167.848450375491,347.618419299846,95.6679569098979,45.7134236828045
2015-05-03 07:00:00,30,139.012688808491,574.833652570942,97.2542632709076,36.9487994820462
2015-05-03 08:00:00,30,171.674101520378,425.669071983941,108.160205777275,40.8550732174031
2015-05-03 09:00:00,30,182.950991133674,455.934151420463,104.575210892898,33.2980700246862
2015-05-03 10:00:00,30,162.345275223299,414.405121996157,87.2857092743335,33.2688192640109
2015-05-03 11:00:00,30,182.747375554575,510.860825491343,85.5730105309823,32.807753420506
2015-05-03 12:00:00,30,176.007366635478,423.095830135451,93.2669593529599,41.1991272922628
2015-05-03 13:00:00,30,184.889515830714,475.461711067426,105.5159471397,39.2357537767282
2015-05-03 14:00:00,30,182.827957597332,381.198328884311,104.559154022969,38.5316164884447
2015-05-03 15:00:00,30,187.518536167586,434.680412375758,98.4158471030279,45.9749419119904
2015-05-03 16:00:00,30,156.042927471407,398.707215092363,82.9781982494027,37.957133033814
2015-05-03 17:00:00,30,199.822441064307,488.009015523897,100.20592112796,45.033306712943
2015-05-03 18:00:00,30,157.692272343516,387.702571071864,79.5091487721332,34.7895796006263
2015-05-03 19:00:00,30,192.696170663831,359.002836837324,104.424921531482,44.0216516815617
2015-05-03 20:00:00,30,180.525357561196,424.964583299874,97.6128066994158,42.998345928857
2015-05-03 21:00:00,30,182.378346489745,441.837165650601,103.766371113537,54.0687701125675
2015-05-03 22:00:00,30,184.146777729217,410.815741289454,90.8113810201788,43.6333391977856
2015-05-03 23:00:00,30,161.905001479596,348.869149507869,108.400789553908,47.6687260345146
2015-05-04 00:00:00,30,193.676857758511,401.016253086627,96.942759010091,48.8623667229227
2015-05-04 01:00:00,30,169.178937054886,427.910597752648,89.6658886085224,36.3780607404632
2015-05-04 02:00:00,30,150.296200897169,513.11420410434,99.6076849680088,41.8049403842646
2015-05-04 03:00:00,30,176.853512725504,476.678711605949,107.264508279081,39.8780612961862
2015-05-04 04:00:00,30,192.147963960373,398.746880833565,97.9096558765317,41.9852422551169
2015-05-04 05:00:00,30,174.444159801905,466.808753130986,107.818001933675,37.4658739079631
2015-05-04 06:00:00,30,155.313933251518,557.895015715674,90.8659788863216,42.3033456976259
2015-05-04 07:00:00,30,194.22256418751,480.892059627441,104.07124277041,44.7732889942272
2015-05-04 08:00:00,30,154.675868237985,448.945144985149,111.981820132621,38.6599057283081
2015-05-04 09:00:00,30,170.931899593648,442.72141976533,112.171576837936,45.0858567425025
2015-05-04 10:00:00,30,167.434160350514,425.954556159277,97.3406088346508,37.0521720562064
2015-05-04 11:00:00,30,187.33967783064,451.497955754646,105.950894359009,47.4507285517603
2015-05-04 12:00:00,30,153.881432487295,463.606822707016,104.034584756193,38.2510204825415
2015-05-04 13:00:00,30,177.134253815989,506.749204773362,99.3721492292699,42.509794348025
2015-05-04 14:00:00,30,177.516263177922,441.046224769901,112.876563866484,37.8843320125487
2015-05-04 15:00:00,30,170.20179759061,423.006642080659,105.476103496834,44.6684854090012
2015-05-04 16:00:00,30,165.875239226843,432.781785596833,78.3194224996258,41.1396312584846
2015-05-04 17:00:00,30,177.947164155188,434.136718740476,100.592741516875,40.6535773356457
2015-05-04 18:00:00,30,144.815729218156,475.299176116549,83.0993154610794,40.1798716270083
2015-05-04 19:00:00,30,182.843921178857,396.219030800378,99.5540412383671,43.8471322937267
2015-05-04 20:00:00,30,187.2093798807,415.042742228988,97.7427835440575,35.7307416674078
2015-05-04 21:00:00,30,174.940836400017,459.499954804973,113.973121272763,37.1333125192195
2015-05-04 22:00:00,30,188.032001450257,449.569501814017,110.154788242537,46.7885123641899
2015-05-04 23:00:00,30,175.145731241646,389.859345604261,93.9484240983125,38.2534202936251
2015-05-05 00:00:00,30,186.658816028578,492.924038413743,78.6599161461578,43.5459726420213
2015-05-05 01:00:00,30,152.913209017773,422.802748518394,105.65727820979,42.8346645740101
2015-05-05 02:00:00,30,205.854062319981,462.46886535923,99.9943121659876,45.9808662873265
2015-05-05 03:00:00,30,173.156651754232,341.537848413076,99.3040152769096,42.3557901561126
2015-05-05 04:00:00,30,183.251162339485,431.660117509473,96.049469015097,33.0307327461598
2015-05-05 05:00:00,30,165.493125802342,437.650290977353,90.9784119597803,37.0398295130661
2015-05-05 06:00:00,30,169.726141387278,471.087631270736,95.6363850010672,41.2893646649112
2015-05-05 07:00:00,30,151.112236672014,349.460661575138,102.070186558534,39.4096605767865
2015-05-05 08:00:00,30,162.808250179301,473.577920137294,103.445518529749,39.4294628474765
2015-05-05 09:00:00,30,173.202750295254,457.557580970132,101.497915823515,31.6484290849876
2015-05-05 10:00:00,30,181.172826305444,418.352808457044,86.2032920501228,35.4203210251296
2015-05-05 11:00:00,30,138.227780490591,550.443054377714,110.164878413448,42.6912784841751
2015-05-05 12:00:00,30,174.923887954347,425.467298841923,104.945471741828,45.4428733648546
2015-05-05 13:00:00,30,172.586952876637,474.325490891376,110.200632155639,46.5230238999986
2015-05-05 14:00:00,30,193.031433200069,419.696211419447,106.111076899369,30.3371175576268
2015-05-05 15:00:00,30,188.745102693623,530.174242047206,93.0928368242282,41.8586085885013
2015-05-05 16:00:00,30,170.809583042841,452.348723157569,100.945763579873,37.7528057088088
2015-05-05 17:00:00,30,169.38791831094,437.280885933414,108.792266249576,49.4794085325783
2015-05-05 18:00:00,30,176.677448934634,335.401418095432,126.821020317925,33.4087903704429
2015-05-05 19:00:00,30,223.054565993831,421.568107384899,104.444052422048,40.6341538995265
2015-05-05 20:00:00,30,163.34597429135,384.023912157503,86.7771816717944,49.526459630999
2015-05-05 21:00:00,30,181.345739642158,592.935156531276,115.464134352181,41.4426536419114
2015-05-05 22:00:00,30,162.740984749125,473.75994261063,103.473032046642,43.2616180652155
2015-05-05 23:00:00,30,157.478773046705,558.297907979554,115.145213089779,41.5000224858276
2015-05-06 00:00:00,30,187.626256624997,486.482995796391,115.172073745278,46.152446394201
2015-05-06 01:00:00,30,175.274771302976,397.937167651415,83.8560482756798,38.3076355331247
2015-05-06 02:00:00,30,193.424361405395,433.33525623016,100.484979826831,49.8908588528911
2015-05-06 03:00:00,30,183.203782472114,383.507345580086,117.786813296592,35.7670730407409
2015-05-06 04:00:00,30,159.256696038589,406.026801947097,83.3915807868586,37.1138939494082
2015-05-06 05:00:00,30,176.41741673667,411.243085998027,94.9269099368191,38.5649630720977
2015-05-06 06:00:00,30,178.875772412245,457.704313159523,83.4252865522922,42.4293520211497
2015-05-06 07:00:00,30,194.644427075696,354.056219318795,98.8040198750427,35.4014461405447
2015-05-06 08:00:00,30,167.185162724436,564.828116295626,104.428595096159,40.2275033368972
2015-05-06 09:00:00,30,179.54273634738,437.822840524395,99.1889223255708,30.4205256814984
2015-05-06 10:00:00,30,168.923664134347,429.965921642695,104.171746541828,33.5039807419448
2015-05-06 11:00:00,30,172.90617095564,360.218144577673,101.07288347294,36.1163200152766
2015-05-06 12:00:00,30,162.217923512842,422.145943744936,107.819165334978,39.7618815125038
2015-05-06 13:00:00,30,168.187017615051,456.586446813758,85.4280399491228,40.1843936890961
2015-05-06 14:00:00,30,197.496879011504,482.787543156032,104.746516551314,39.1443489534506
2015-05-06 15:00:00,30,165.591605013779,465.460117705836,103.915650023548,43.2075820378075
2015-05-06 16:00:00,30,155.334258965549,499.635750180215,89.0647509932148,44.3667136623265
2015-05-06 17:00:00,30,177.906414211244,498.181947219028,99.296219065274,34.8452889454838
2015-05-06 18:00:00,30,195.17140662095,488.724262376389,112.853651024586,39.8688351955314
2015-05-06 19:00:00,30,138.791207375371,488.548123316007,117.912737517159,40.966795325689
2015-05-06 20:00:00,30,173.877465208677,449.185141601706,103.598410182055,39.2996661696023
2015-05-06 21:00:00,30,186.208367909985,433.974367209687,92.8585010899738,40.0199285455267
2015-05-06 22:00:00,30,178.031216249715,393.373256265832,103.445810739587,38.0482517495077
2015-05-06 23:00:00,30,148.298339083842,466.698947228324,102.339431970151,37.9683935427232
2015-05-07 00:00:00,30,166.723899201683,441.510122735808,100.180827027107,45.8250846936954
2015-05-07 01:00:00,30,177.080253532524,490.270688314075,109.404110521857,44.6467937243201
2015-05-07 02:00:00,30,158.012356583201,476.275594767033,84.5529880015018,37.3797348915339
2015-05-07 03:00:00,30,166.586696905694,423.891859670946,90.617065448647,36.4404880942627
2015-05-07 04:00:00,30,153.335530017399,461.173015003669,107.371606131572,30.5411889615967
2015-05-07 05:00:00,30,196.529201258796,468.143905075054,109.705991490647,42.2302955503587
2015-05-07 06:00:00,30,172.708258438216,355.161549386637,103.210019911022,42.5596537037965
2015-05-07 07:00:00,30,187.626507654318,466.619280038884,96.2450630644437,42.6528016313909
2015-05-07 08:00:00,30,167.750750950746,426.372993719119,111.638292502626,42.9489558040315
2015-05-07 09:00:00,30,150.082175812061,451.334802714017,93.5139419609186,33.9965183226995
2015-05-07 10:00:00,30,162.837382313146,459.008298427012,119.010271292285,35.4605649542025
2015-05-07 11:00:00,30,188.554760486172,415.555268207825,98.0613669043197,43.6553212140574
2015-05-07 12:00:00,30,149.80152080085,441.852964362287,101.659607452492,44.8823762634766
2015-05-07 13:00:00,30,165.357097408414,428.226335371251,111.278348330533,45.2845626013133
2015-05-07 14:00:00,30,180.832481165194,368.547896287101,93.1390116586449,42.486483319793
2015-05-07 15:00:00,30,192.67967965843,466.969323251895,87.720508111529,37.4468223315706
2015-05-07 16:00:00,30,164.577944873197,454.396838810339,107.253017167663,39.8868060393636
2015-05-07 17:00:00,30,178.736984422001,402.112414189528,90.9108740379265,29.1087732232615
2015-05-07 18:00:00,30,171.537849596692,529.984183047324,82.5260277578856,40.0170402810182
2015-05-07 19:00:00,30,170.2862939387,397.714075621893,95.5236947632842,41.3104950794273
2015-05-07 20:00:00,30,146.420291982566,334.62294679003,103.616655461126,38.0769810038847
2015-05-07 21:00:00,30,209.009470756047,461.734386208106,102.444743670212,42.7302946608371
2015-05-07 22:00:00,30,191.768050812376,484.180372601378,97.7713714853514,45.1284834397687
2015-05-07 23:00:00,30,166.65101777347,423.828475392442,106.772457757068,40.9729316166397
2015-05-08 00:00:00,30,182.628278579931,350.38181699026,89.4149307638003,26.4060377974408
2015-05-08 01:00:00,30,175.853950636517,406.193212587235,100.436287002044,42.7790822153704
2015-05-08 02:00:00,30,149.975823032487,332.656186805202,120.500654455003,42.0084207991
2015-05-08 03:00:00,30,166.064635291794,395.435695027603,94.8452306639075,40.2633862290375
2015-05-08 04:00:00,30,166.920550126766,431.89370940152,106.223331037233,41.8782076102564
2015-05-08 05:00:00,30,156.055916285064,420.71413959083,100.20571894941,35.0751021602537
2015-05-08 06:00:00,30,173.31713533027,474.273077416818,106.046915536486,35.6953209366168
2015-05-08 07:00:00,30,187.397352613633,442.607984235299,107.208444279062,51.8856717176341
2015-05-08 08:00:00,30,170.358215118373,438.482761420755,107.803883858985,34.2632533751279
2015-05-08 09:00:00,30,183.839372931828,395.358308934269,104.394903452327,43.5159257248532
2015-05-08 10:00:00,30,176.850952749403,525.445481860497,106.717284571314,37.5504210382362
2015-05-08 11:00:00,30,174.496982190808,449.697059458068,94.6488045291391,44.9936892665674
2015-05-08 12:00:00,30,164.27137623458,366.669305029512,92.4294267417593,38.4844007208087
2015-05-08 13:00:00,30,132.791682086984,530.869039649987,106.982769253532,36.1597007769081
2015-05-08 14:00:00,30,148.67946746207,530.256048646163,106.037570624533,37.6772223873118
2015-05-08 15:00:00,30,190.343810910603,472.859912673802,101.889075580231,34.4735154366351
2015-05-08 16:00:00,30,146.919218264423,435.577945566938,95.4297094828305,47.120359936497
2015-05-08 17:00:00,30,207.578185928929,424.235623698198,83.9897973869673,30.259844979659
2015-05-08 18:00:00,30,184.109847898041,410.621486665999,113.68192586037,36.7944739155461
2015-05-08 19:00:00,30,163.325636886499,381.944377365691,89.9766113305987,42.3838643074113
2015-05-08 20:00:00,30,167.079125266538,466.295481918183,133.014943910145,35.6767746264962
2015-05-08 21:00:00,30,174.329011520635,392.29853414772,103.63246163701,38.5774373894921
2015-05-08 22:00:00,30,174.181325797276,439.441039798441,114.957876525219,36.6565998778793
2015-05-08 23:00:00,30,174.377959794006,396.67026193697,89.0292025071616,35.2926154002954
2015-05-09 00:00:00,30,148.711580771746,483.70531719865,97.7901720456586,36.8098091152666
2015-05-09 01:00:00,30,167.92991374511,377.13871788535,111.894411253062,41.1216212708898
2015-05-09 02:00:00,30,178.950686192289,443.476936283978,106.423119025802,42.1728284360874
2015-05-09 03:00:00,30,165.33473295693,526.760491717436,83.468894602197,39.6735659919896
2015-05-09 04:00:00,30,188.028843744619,414.668618926963,89.0120179826838,42.3534513956314
2015-05-09 05:00:00,30,188.026458624445,396.94274586675,108.81170344236,42.9199642968623
2015-05-09 06:00:00,30,168.732278704054,522.705976765195,90.059886297145,34.1804842499808
2015-05-09 07:00:00,30,185.302716147383,429.673618434557,97.8292396298696,36.65963497349
2015-05-09 08:00:00,30,168.266492389418,446.101777584531,97.8447283396357,40.6972380240713
2015-05-09 09:00:00,30,178.784611817074,419.006206726066,109.88363122616,40.7546007142867
2015-05-09 10:00:00,30,174.050258148264,544.704264872064,81.8100427072853,41.4975050884228
2015-05-09 11:00:00,30,190.180857956908,441.293493134306,120.969392509081,40.2867430851375
2015-05-09 12:00:00,30,185.786819392517,441.303393108006,90.5122360147834,38.1045089186426
2015-05-09 13:00:00,30,182.436910762443,401.43896304671,101.546264841968,33.2838398384584
2015-05-09 14:00:00,30,186.024770636479,456.111415568409,103.391925840294,43.0012734686457
2015-05-09 15:00:00,30,172.49869542076,401.945136781555,79.7429116414276,29.5845090472659
2015-05-09 16:00:00,30,176.845808400305,468.159075012569,79.7917852871374,33.9132841709973
2015-05-09 17:00:00,30,163.407182825218,374.574476160583,95.2077965435157,49.0167330734259
2015-05-09 18:00:00,30,162.150602741941,413.828038302801,91.1597791847582,39.1227733192313
2015-05-09 19:00:00,30,165.278604552665,481.818868868125,99.9722538225134,44.295828881597
2015-05-09 20:00:00,30,196.30328415788,449.213840392193,111.238163556028,46.6273923454372
2015-05-09 21:00:00,30,154.069170219596,420.617589211783,99.0361607203643,36.1465821780998
2015-05-09 22:00:00,30,193.682830156393,424.35259335229,103.008081489751,29.0930198004042
2015-05-09 23:00:00,30,167.206871230184,426.195150927126,100.794388726487,38.0235862084356
2015-05-10 00:00:00,30,167.497083441883,339.307064030871,87.0541308810498,41.3483704869562
2015-05-10 01:00:00,30,156.970537340154,391.688623948117,84.7868002112098,34.1241183182401
2015-05-10 02:00:00,30,184.509181351584,426.280526721818,101.489416109465,34.8438925548541
2015-05-10 03:00:00,30,161.154183789109,568.614621185014,75.9339345981982,33.3484916205205
2015-05-10 04:00:00,30,161.18143045299,327.602348223441,116.585013300995,42.2467103579623
2015-05-10 05:00:00,30,181.297247224858,516.196211328545,93.2893164742387,39.0672292342182
2015-05-10 06:00:00,30,166.732316853694,404.795733913243,93.672466489096,44.3846051451856
2015-05-10 07:00:00,30,189.613741946409,471.589260878058,117.443618597446,38.7560453507633
2015-05-10 08:00:00,30,154.226233946452,425.857399551444,112.238523496216,57.5181732204145
2015-05-10 09:00:00,30,154.014637177397,459.930408239253,105.981612874932,41.0236533827517
2015-05-10 10:00:00,30,156.329545506257,384.810569160539,80.4966353806344,40.5718865790156
2015-05-10 11:00:00,30,174.317307378888,428.199654810588,116.965035607424,41.9919684067305
2015-05-10 12:00:00,30,158.699301599655,367.071535625941,85.2055268430927,39.1633774616315
2015-05-10 13:00:00,30,172.501960589882,381.370538543857,94.9079288368447,36.5501157969103
2015-05-10 14:00:00,30,149.882723733504,486.608216128679,98.1726201163008,42.436629988783
2015-05-10 15:00:00,30,156.846618074502,498.502391987258,116.978912406347,44.2045047452971
2015-05-10 16:00:00,30,155.69153451848,476.696299408843,114.020549023376,31.3281195208635
2015-05-10 17:00:00,30,155.933401201173,424.675172721416,105.821671329403,44.0984149999619
2015-05-10 18:00:00,30,169.024745323541,404.197408266962,94.3423423623251,30.9614923805186
2015-05-10 19:00:00,30,146.099426696058,554.053772772533,96.0389482502264,40.2735456128832
2015-05-10 20:00:00,30,166.290780167519,476.011946585665,106.118287704486,37.9610633442242
2015-05-10 21:00:00,30,165.947158112057,433.811318797464,100.691300449349,43.7190091985436
2015-05-10 22:00:00,30,165.388859198234,392.83417991736,89.972230660409,38.1180454467205
2015-05-10 23:00:00,30,173.880826176295,464.792332632222,94.788073042126,37.3510315941564
2015-05-11 00:00:00,30,183.49716587913,403.822807044521,104.185509279479,36.0578831879152
2015-05-11 01:00:00,30,161.73363758129,417.295082845863,101.703485307607,46.9549969644209
2015-05-11 02:00:00,30,168.876053945838,364.644071769199,91.1641946669217,42.0237326519623
2015-05-11 03:00:00,30,146.905350657902,383.539982037649,101.951980261609,47.0607615555683
2015-05-11 04:00:00,30,180.815184514771,493.045818665108,82.9414853598705,35.3308151620205
2015-05-11 05:00:00,30,181.936770378103,490.034094160026,98.3064517266091,51.0422775597777
2015-05-11 06:00:00,30,179.917469281604,498.622343194246,84.2132366249554,36.6573546347619
2015-05-11 07:00:00,30,183.050873363088,514.890624412185,104.97597202104,36.6721175145033
2015-05-11 08:00:00,30,172.746613614595,491.947631478026,100.355066607107,51.794117663922
2015-05-11 09:00:00,30,160.769487866805,537.229090961764,93.8034759989676,41.9004259478045
2015-05-11 10:00:00,30,180.274440372554,435.81771337837,98.0650403642273,47.4379779656619
2015-05-11 11:00:00,30,193.801000602648,469.232066106585,102.45178922589,39.1734720054217
2015-05-11 12:00:00,30,166.330252032425,427.027013256829,111.023752716681,40.2097735509761
2015-05-11 13:00:00,30,197.800219014305,436.996849520582,115.123367045895,42.9411559915648
2015-05-11 14:00:00,30,205.705853155021,527.664493712719,101.131328085212,40.6769232358124
2015-05-11 15:00:00,30,158.972845132394,466.577277695339,103.120073866262,42.6252144804691
2015-05-11 16:00:00,30,186.427748578692,426.708384996351,110.780743340946,41.0413640458667
2015-05-11 17:00:00,30,172.133791434792,464.266070019,88.9157234995555,44.3272800221754
2015-05-11 18:00:00,30,176.943286248038,491.070048442828,88.8865424058125,48.1235938694351
2015-05-11 19:00:00,30,165.098588416687,359.762844935997,91.8152936673743,36.2258633741706
2015-05-11 20:00:00,30,179.437909299774,406.18157044584,98.4127935561565,25.5269109384567
2015-05-11 21:00:00,30,163.182375634735,536.124023635926,104.129053140871,33.1625194248449
2015-05-11 22:00:00,30,178.476693030437,454.472698113807,122.327222591206,34.2698254396094
2015-05-11 23:00:00,30,178.74010231402,488.575519680754,110.967173098313,38.6127151592812
2015-05-12 00:00:00,30,171.866676250441,431.457367897986,90.465545829866,36.8697898532858
2015-05-12 01:00:00,30,166.118254483435,428.856037347033,96.961543978286,40.5184447403683
2015-05-12 02:00:00,30,172.21387903764,424.749376577888,117.316890064991,43.8766234917012
2015-05-12 03:00:00,30,134.404921126031,465.514636806508,72.0056892347108,39.6043863509502
2015-05-12 04:00:00,30,148.462568841708,390.569502828709,104.822787805987,40.1038195359146
2015-05-12 05:00:00,30,176.589649626003,495.246077413474,101.760785294875,37.3733632660014
2015-05-12 06:00:00,30,170.283907663451,477.294295575435,108.945033553309,48.3748228971906
2015-05-12 07:00:00,30,182.620624502708,382.788923830692,118.300161484103,38.4185455298438
2015-05-12 08:00:00,30,196.942101067838,456.389141913344,99.2562296695613,34.7310601381399
2015-05-12 09:00:00,30,144.788586794625,427.535214030993,96.5197476428306,39.6770171346698
2015-05-12 10:00:00,30,150.472679932541,466.205285979617,97.6136415600234,47.4244414683808
2015-05-12 11:00:00,30,167.758105374107,489.071557917381,102.337988746575,33.4525152976253
2015-05-12 12:00:00,30,155.713401931842,436.888507797886,94.5598455656887,39.9318321548049
2015-05-12 13:00:00,30,164.958280412621,546.946487103091,109.755608366329,32.5960487661564
2015-05-12 14:00:00,30,179.166241918763,513.73877453579,103.006947047495,38.1848894121937
2015-05-12 15:00:00,30,189.642802735317,502.689315988636,95.7616628176166,29.4575542408122
2015-05-12 16:00:00,30,174.000974126223,480.545784874598,103.553779597392,35.2830827973074
2015-05-12 17:00:00,30,171.413301804009,452.86268529884,102.33261383524,35.8182771432488
2015-05-12 18:00:00,30,163.14761711875,475.645942282452,108.744608013375,38.0324160690306
2015-05-12 19:00:00,30,174.861872652275,481.949542522258,111.22837873393,43.674609944994
2015-05-12 20:00:00,30,208.644676669911,555.518426947562,104.533222865458,43.462851015656
2015-05-12 21:00:00,30,191.552352355389,410.960731183404,100.100875742109,31.378458795835
2015-05-12 22:00:00,30,176.433169399852,431.256904271802,100.030389835211,39.0638661210189
2015-05-12 23:00:00,30,177.286145467256,387.838789486031,111.50527855959,32.2104026782234
2015-05-13 00:00:00,30,168.517010822111,515.691286319652,107.75663259624,34.7033768270437
2015-05-13 01:00:00,30,201.47222823323,505.412795711089,100.567505141687,45.733520718
2015-05-13 02:00:00,30,158.91411838551,477.266982474322,98.1133622061656,38.583407713426
2015-05-13 03:00:00,30,177.24148845987,429.331475393078,84.4687946456517,36.2905122384435
2015-05-13 04:00:00,30,186.973814313606,470.751296522474,101.279995396036,38.4327291778354
2015-05-13 05:00:00,30,156.06243723215,433.050630109239,96.7550537145315,41.0527677143501
2015-05-13 06:00:00,30,189.933635537926,485.154681484142,125.792462609517,26.4715433635879
2015-05-13 07:00:00,30,200.468317815464,448.446209803635,112.860367527155,43.6821096764003
2015-05-13 08:00:00,30,152.773393691626,496.204196979083,104.802826356283,39.4221195122077
2015-05-13 09:00:00,30,176.602767079845,371.431586673696,120.956603496019,34.9199589078273
2015-05-13 10:00:00,30,158.810381665521,442.102518541999,120.13100952059,29.6087208073047
2015-05-13 11:00:00,30,193.573445657412,393.051979990282,98.2929642816321,38.0319979896209
2015-05-13 12:00:00,30,154.734092504461,451.979893382855,105.239238886653,36.6765942923961
2015-05-13 13:00:00,30,175.572637966937,431.692971839112,100.409075693201,36.1200687992029
2015-05-13 14:00:00,30,170.754973003185,426.331555895919,112.644438512218,43.6068869034072
2015-05-13 15:00:00,30,179.734220377973,523.634423596387,101.114350625295,43.0092311757769
2015-05-13 16:00:00,30,168.903201693262,485.359191676301,84.8216353704202,46.4679923057283
2015-05-13 17:00:00,30,166.725453993761,519.124430174524,113.468690656246,44.7366432045203
2015-05-13 18:00:00,30,174.719278933723,406.248444329458,86.2230696653157,37.9901233899538
2015-05-13 19:00:00,30,170.36778992349,412.141124778833,87.4333530638824,40.9683182319958
2015-05-13 20:00:00,30,176.034258365414,488.687881802827,96.6925918636081,46.3851728133881
2015-05-13 21:00:00,30,162.579689909739,425.932327414962,90.3709382695943,42.0358660022574
2015-05-13 22:00:00,30,144.928636218915,422.04022133194,88.0952212766669,38.9285797946903
2015-05-13 23:00:00,30,174.825305875699,422.092097757323,99.9457587844374,38.5456043694934
2015-05-14 00:00:00,30,157.99081342275,446.283703532337,91.8407092184738,42.4879440556445
2015-05-14 01:00:00,30,165.703738103709,411.360350854811,110.069828160569,44.0481976029338
2015-05-14 02:00:00,30,189.373147829891,402.841673592785,107.56947630882,41.159664667176
2015-05-14 03:00:00,30,153.783704124277,472.807613595172,77.6084566920478,35.4487466407041
2015-05-14 04:00:00,30,177.592229247452,400.41487262898,104.139599855888,33.2045212233149
2015-05-14 05:00:00,30,176.522478541408,370.412503043255,79.351049905733,36.0905061629144
2015-05-14 06:00:00,30,165.776595526505,396.85465465082,108.146593807196,37.4350741222545
2015-05-14 07:00:00,30,204.635835094441,447.864145458922,81.3695536962165,35.1698376867533
2015-05-14 08:00:00,30,138.104358044864,462.623988185761,112.655153482057,43.788728747247
2015-05-14 09:00:00,30,154.401046730022,424.090005209445,91.3703488955455,42.8091509075097
2015-05-14 10:00:00,30,167.333208250789,487.334575160897,86.8227513603064,43.4374906206597
2015-05-14 11:00:00,30,144.005487930792,396.819801547176,109.605864185987,37.5367699765969
2015-05-14 12:00:00,30,171.575282782627,389.230769603959,99.6061955074999,43.5368681609387
2015-05-14 13:00:00,30,175.963212018822,402.530483193208,93.1441697284354,43.8943407779668
2015-05-14 14:00:00,30,175.659832940273,487.664948262423,89.9054028147588,30.5670951700283
2015-05-14 15:00:00,30,161.354400957737,454.9142612854,116.39002942589,35.1226372530296
2015-05-14 16:00:00,30,174.388508454358,412.421882640036,83.3326052120273,48.5819569190719
2015-05-14 17:00:00,30,146.119708976936,551.082907572414,105.948332845375,39.2527717622977
2015-05-14 18:00:00,30,139.248914616291,471.422963039123,112.735444175229,42.8022888243276
2015-05-14 19:00:00,30,179.741092251422,493.170648085497,96.5384757832531,44.282959885293
2015-05-14 20:00:00,30,184.713661173002,434.784991826966,112.990122259297,44.4537109120236
2015-05-14 21:00:00,30,158.817668711219,516.375842421882,114.475806663688,43.052634784195
2015-05-14 22:00:00,30,151.714408497747,453.122673425482,106.285293153465,44.1908059411499
2015-05-14 23:00:00,30,156.721836104241,423.479929764646,104.302739501088,43.0272715007739
2015-05-15 00:00:00,30,184.235636687651,422.499357982842,107.835093719793,42.0464161773946
2015-05-15 01:00:00,30,164.024280596829,527.6009422648,79.6948040967504,35.5697948211637
2015-05-15 02:00:00,30,167.519478705957,476.382508296593,114.238823921833,34.3862664211777
2015-05-15 03:00:00,30,166.524565607689,477.965626545291,102.947167726754,39.7379888716034
2015-05-15 04:00:00,30,173.720834008975,308.825151458494,99.0775380080599,33.9159493682792
2015-05-15 05:00:00,30,179.281814153059,501.168348712983,108.443543610072,38.0628795714884
2015-05-15 06:00:00,30,177.091372762998,385.540286357007,98.1302703536869,37.3545573975274
2015-05-15 07:00:00,30,187.468990538323,424.264282201093,111.575603475825,43.5209754538671
2015-05-15 08:00:00,30,181.224224573806,408.910833355398,95.3532942170584,33.868130567928
2015-05-15 09:00:00,30,180.522852713089,443.464594554555,92.4142782461331,46.8124185266533
2015-05-15 10:00:00,30,182.835118974593,434.827338493119,98.0495563463842,36.6560169437726
2015-05-15 11:00:00,30,197.093140366548,373.863533842219,100.339387817804,38.1826249034206
2015-05-15 12:00:00,30,168.378452728177,481.625771995949,111.340920024628,39.0016155834318
2015-05-15 13:00:00,30,181.267574852278,483.171408800634,89.571256210121,44.7128007737954
2015-05-15 14:00:00,30,188.951680907521,473.170117373474,81.0678852998665,41.7886375347561
2015-05-15 15:00:00,30,179.664150663022,467.298012336818,84.192016497338,42.7865002035117
2015-05-15 16:00:00,30,171.667058413511,467.003601434412,93.9072872352182,44.3375163198594
2015-05-15 17:00:00,30,171.944626405425,406.417690448509,114.982021405157,34.4286853671652
2015-05-15 18:00:00,30,158.786587057269,507.982942048032,109.979485705257,44.566396338953
2015-05-15 19:00:00,30,174.776602356361,420.557846608689,84.6843791672099,47.5577999632326
2015-05-15 20:00:00,30,177.003405471721,456.980688865222,99.3855148202725,45.4341837410431
2015-05-15 21:00:00,30,203.49589255784,476.323473458657,87.0371889692596,39.8960909965527
2015-05-15 22:00:00,30,160.022462014308,481.960903197387,99.4112245583898,36.7336034781746
2015-05-15 23:00:00,30,139.532109624792,454.695279009901,103.764656099628,41.7843034005158
2015-05-16 00:00:00,30,160.393769734571,405.262840301122,112.037867383437,38.1445906425999
2015-05-16 01:00:00,30,185.742368422439,385.986303043668,94.4539683498632,42.7129910469989
2015-05-16 02:00:00,30,155.836000901021,401.918017987185,81.3461247507211,44.5449615375333
2015-05-16 03:00:00,30,167.79695997251,461.403886529127,100.325764644614,44.8260678274512
2015-05-16 04:00:00,30,155.955113249967,486.197133317492,105.937026517198,41.4844173569165
2015-05-16 05:00:00,30,175.63003749362,436.782399938952,89.6455613085716,40.8490319278897
2015-05-16 06:00:00,30,146.044145044749,407.114500607347,88.610862143725,33.4426006177501
2015-05-16 07:00:00,30,157.064494592785,403.510402614431,102.573538566142,39.8180096928876
2015-05-16 08:00:00,30,169.213584208608,457.343466202674,117.94625701939,43.1407111793864
2015-05-16 09:00:00,30,156.392422286838,373.04796249685,117.656517889519,38.7008789401455
2015-05-16 10:00:00,30,170.777602383661,521.798962122064,100.098879130337,33.6761854114818
2015-05-16 11:00:00,30,158.361964414128,395.060655842765,90.2832272718405,48.7740388055115
2015-05-16 12:00:00,30,183.341990114976,408.849936871465,95.4441625668859,51.1351996159868
2015-05-16 13:00:00,30,149.88169044868,455.441012222244,96.1963674741132,37.098181281395
2015-05-16 14:00:00,30,143.103417415701,476.205455844972,84.9887868072038,40.4310220586787
2015-05-16 15:00:00,30,169.191022642253,480.984574890935,104.218447728089,46.0507385363799
2015-05-16 16:00:00,30,180.551709160262,516.756344418474,95.7396762863972,36.8776627799405
2015-05-16 17:00:00,30,173.355252971283,394.867270821687,108.693751173399,35.8826332701157
2015-05-16 18:00:00,30,184.384667793983,548.754148434733,84.3179179966903,44.3559830941423
2015-05-16 19:00:00,30,190.448451216964,402.012242761967,77.7109864614724,32.6131217245025
2015-05-16 20:00:00,30,178.136291951424,458.357561430573,95.5144861803612,43.0807618134338
2015-05-16 21:00:00,30,165.204527516732,524.035956581043,111.770165825271,49.4779004572738
2015-05-16 22:00:00,30,170.515261803537,397.780375388117,90.6071981062313,44.2110858459896
2015-05-16 23:00:00,30,180.604279546796,469.727289316246,97.9172286128337,45.9477016630665
2015-05-17 00:00:00,30,178.022432411923,453.530182646692,89.1796297861656,49.515628877425
2015-05-17 01:00:00,30,162.688228602804,421.145605312046,102.798291108177,33.1596127327047
2015-05-17 02:00:00,30,178.689054657287,394.414187285737,94.3859562500556,44.3048885552409
2015-05-17 03:00:00,30,180.229140869628,455.116299319218,86.079103304151,39.5462330441277
2015-05-17 04:00:00,30,191.976919941848,426.043565479752,113.114019727753,27.7775786032783
2015-05-17 05:00:00,30,158.777428668461,598.602636399473,84.6155101892296,34.5619978603881
2015-05-17 06:00:00,30,171.063705914502,552.214375960535,110.758237696764,37.9443720135275
2015-05-17 07:00:00,30,174.148139966253,394.759478529686,95.3526521153664,40.8614244731619
2015-05-17 08:00:00,30,170.766688452476,528.856486294299,98.1354328553508,33.8411910757333
2015-05-17 09:00:00,30,189.598324863169,430.539765950082,120.821382397063,36.8805693850071
2015-05-17 10:00:00,30,181.104722539983,385.564005596802,105.240668914818,44.4690888939058
2015-05-17 11:00:00,30,169.078098607714,393.73827411006,79.3658204832891,36.9977160606199
2015-05-17 12:00:00,30,163.683974035329,442.829660219541,113.733240083932,47.43414383601
2015-05-17 13:00:00,30,149.93324474205,487.166848757687,74.6761997562149,37.4034788460938
2015-05-17 14:00:00,30,186.022360722865,503.089875817967,88.2049612116347,35.9524291829283
2015-05-17 15:00:00,30,201.997185824151,529.382504988123,84.4510864794598,44.5329660231455
2015-05-17 16:00:00,30,191.6779124721,397.890834773959,94.9717792383092,41.3865577578105
2015-05-17 17:00:00,30,194.307392410593,412.934529391581,111.337078263355,49.2466606908709
2015-05-17 18:00:00,30,176.942533094647,413.152233213072,97.2700322180667,37.2143226797725
2015-05-17 19:00:00,30,173.305651744118,492.556988124203,101.927469282094,39.5548775840904
2015-05-17 20:00:00,30,162.182780525027,430.188138924605,80.2892405094581,47.6707405010251
2015-05-17 21:00:00,30,169.809486417456,393.07019908382,97.6768473795158,38.1199033419811
2015-05-17 22:00:00,30,167.478568932848,488.357238522374,89.992942103822,44.6635903512878
2015-05-17 23:00:00,30,158.744207554203,452.423834225035,115.933864656358,48.5117008170677
2015-05-18 00:00:00,30,158.784668880567,386.492463875639,98.4423351050477,37.1926827618377
2015-05-18 01:00:00,30,171.436301548163,449.958715012743,97.6425762571148,39.7632473730385
2015-05-18 02:00:00,30,179.066264547986,452.006617511671,116.618916035129,39.4907490424096
2015-05-18 03:00:00,30,122.739140968697,406.244332782802,84.0174809373159,36.5497617817031
2015-05-18 04:00:00,30,188.020459992894,383.191235314683,111.073076529652,43.0966591372697
2015-05-18 05:00:00,30,151.130538017435,406.782497740593,104.087779251344,44.128005714867
2015-05-18 06:00:00,30,195.101715913329,481.324251578208,107.487463066229,36.0648308978945
2015-05-18 07:00:00,30,190.210719684851,425.923123469436,97.6080370208,45.946541516573
2015-05-18 08:00:00,30,175.232410927984,408.441267194408,101.325992785461,31.817365849466
2015-05-18 09:00:00,30,155.086444288721,404.826103041196,91.189563476895,43.8131746273758
2015-05-18 10:00:00,30,169.143238238122,398.241826666891,114.953593724321,43.1508925505777
2015-05-18 11:00:00,30,180.546078333772,395.786282351667,93.8040321716105,47.5691939098408
2015-05-18 12:00:00,30,180.288906306711,424.056999173124,98.882878380929,45.4589547856444
2015-05-18 13:00:00,30,181.035366745287,389.03060581168,115.089810533544,45.0675577337455
2015-05-18 14:00:00,30,170.809920271821,399.446777271514,92.5059364813161,45.8575743940561
2015-05-18 15:00:00,30,175.015913964689,442.669564133524,118.60760630348,42.4403116034635
2015-05-18 16:00:00,30,182.432772943697,476.217243221639,108.586769473855,44.1713262702015
2015-05-18 17:00:00,30,149.104113608653,469.877369735773,86.9769424454006,39.6359402987577
2015-05-18 18:00:00,30,180.623820557113,400.064883339235,104.833132903439,40.7544092835741
2015-05-18 19:00:00,30,173.361271184635,479.987684956363,110.586738147235,31.6987099744153
2015-05-18 20:00:00,30,166.334235075025,472.284564116117,96.9382253471939,39.1703800229905
2015-05-18 21:00:00,30,162.023456762409,493.39485818006,94.6446585998868,37.7193419663912
2015-05-18 22:00:00,30,151.603477244342,441.821210483218,122.512802906063,37.4204164140047
2015-05-18 23:00:00,30,160.687986238348,543.039247640381,106.594912342286,49.1960178052032
2015-05-19 00:00:00,30,165.345812959294,475.313300918986,105.981124266486,42.3945932038107
2015-05-19 01:00:00,30,174.44349910612,484.631175556623,126.707459144977,47.1048835920984
2015-05-19 02:00:00,30,185.649576391859,540.139779294404,95.0549790199165,42.2634819657252
2015-05-19 03:00:00,30,168.520610608895,338.0045070818,90.6529407811803,50.2177053375415
2015-05-19 04:00:00,30,161.410212311753,416.591679857106,84.0246935880598,41.1530459517604
2015-05-19 05:00:00,30,165.373077662223,418.259288859625,92.9901078188178,43.6865918485186
2015-05-19 06:00:00,30,180.656923742257,375.194974236295,117.489986040882,33.036876520415
2015-05-19 07:00:00,30,153.354760825521,448.095166986219,94.028383693123,42.039478528515
2015-05-19 08:00:00,30,177.554677835968,530.205523550347,91.7916078038317,44.1865544025838
2015-05-19 09:00:00,30,179.0462261811,457.056634704877,104.183952259282,40.6148080310113
2015-05-19 10:00:00,30,178.290046988883,500.531198201471,77.1191446896486,47.8957328848763
2015-05-19 11:00:00,30,146.751961643881,453.693402327488,112.536197506004,31.5163371568672
2015-05-19 12:00:00,30,151.420798585307,363.524938801392,93.4981538762759,31.9337682121781
2015-05-19 13:00:00,30,184.217058537291,418.390242321924,99.24440803938,46.585701352833
2015-05-19 14:00:00,30,167.201173909742,552.293767267852,84.6150405220072,41.3890407951445
2015-05-19 15:00:00,30,166.1065656176,469.625930066825,94.6929472752447,37.0874733575302
2015-05-19 16:00:00,30,154.284331590471,491.39613393439,85.0739576978899,41.8299799672468
2015-05-19 17:00:00,30,161.615326690101,410.358730108094,103.62777439826,31.0370116106723
2015-05-19 18:00:00,30,174.548251029238,358.634425872343,123.78340471515,43.0475144209923
2015-05-19 19:00:00,30,192.583623337701,409.522615216814,92.8006912001637,30.4094361098115
2015-05-19 20:00:00,30,186.121935964758,444.474686780569,84.2966220281138,40.8500006236244
2015-05-19 21:00:00,30,171.696259687758,468.972036260466,93.8065548086547,25.9321459380892
2015-05-19 22:00:00,30,160.183010717767,441.615276472961,92.7477344112438,44.7831882813879
2015-05-19 23:00:00,30,206.432174979649,415.313565245018,96.6321450712681,39.6053994889146
2015-05-20 00:00:00,30,173.525866971505,547.98655785684,98.820932325418,45.9644884417118
2015-05-20 01:00:00,30,146.33744896127,457.463100293545,96.07179023178,43.4693812631523
2015-05-20 02:00:00,30,176.780228157746,459.686965708588,111.254315152533,39.7746606872728
2015-05-20 03:00:00,30,166.126460867576,450.075863318138,99.5683401443732,37.7896995062009
2015-05-20 04:00:00,30,159.45471111045,490.291751357618,117.52612581118,44.9558608566699
2015-05-20 05:00:00,30,196.773615344556,411.164184279578,103.562068078775,37.2040461024834
2015-05-20 06:00:00,30,175.19207980683,442.710775397461,109.960988810792,45.6886512512865
2015-05-20 07:00:00,30,177.602530197206,466.885802463389,92.8819541849408,49.984408902006
2015-05-20 08:00:00,30,169.249616285554,526.13050000708,99.2787052174005,47.8124879757115
2015-05-20 09:00:00,30,181.094653870442,427.810754277513,111.517032290879,32.3292359024278
2015-05-20 10:00:00,30,187.560061367336,504.677521538451,102.538413425208,34.0838490916265
2015-05-20 11:00:00,30,173.393921384829,497.742881954815,110.555052001637,36.1705993189951
2015-05-20 12:00:00,30,158.375355215022,487.782551407583,96.3997468739673,39.1999656023328
2015-05-20 13:00:00,30,180.832508749164,479.80455009574,111.047952064114,42.372949966098
2015-05-20 14:00:00,30,159.055886160154,403.559481757471,103.76761453915,43.4847335887127
2015-05-20 15:00:00,30,155.349792253207,481.860180164911,96.7866471845145,24.4858597982727
2015-05-20 16:00:00,30,167.73017347897,512.072650244402,106.134333950275,40.0065908559847
2015-05-20 17:00:00,30,173.867593217447,360.617498319006,112.736653987937,36.2467447112916
2015-05-20 18:00:00,30,170.951322771278,384.966404035668,91.0739114267065,48.2151699510622
2015-05-20 19:00:00,30,186.304153550315,436.602312902111,92.5984449584889,26.9390510343376
2015-05-20 20:00:00,30,174.128543331569,483.090907336949,86.2241577092683,46.2340523755964
2015-05-20 21:00:00,30,146.944480347319,465.029623030505,98.6934916230492,34.3473792573581
2015-05-20 22:00:00,30,164.710636388062,438.391013644948,96.9864642226544,38.7746507370635
2015-05-20 23:00:00,30,170.996251890986,491.146875452759,93.5994703396663,38.49948099104
2015-05-21 00:00:00,30,199.516486504756,418.575104811187,81.5341546636072,40.379541958002
2015-05-21 01:00:00,30,172.662103256232,511.7596825201,82.001572212898,43.4553765218952
2015-05-21 02:00:00,30,169.595468074212,512.157340869422,92.3882888673936,39.6895878621151
2015-05-21 03:00:00,30,176.3310802773,445.819577729542,111.672951486134,43.0452863279738
2015-05-21 04:00:00,30,163.389710028542,462.704909499325,106.038194624877,43.8396978540133
2015-05-21 05:00:00,30,166.842397794872,479.461421008237,108.928711790561,36.2088942153673
2015-05-21 06:00:00,30,170.714792680003,418.850294802168,98.8622303949363,44.7541545573062
2015-05-21 07:00:00,30,155.222812541863,516.150084444373,105.213722874628,45.0787147635433
2015-05-21 08:00:00,30,172.294244652211,513.256287048951,97.094386186511,40.4671222951455
2015-05-21 09:00:00,30,189.940769462406,470.338445836164,92.2398814976827,43.9146387165286
2015-05-21 10:00:00,30,172.303223271725,459.080875030714,109.602619390088,35.1892187027122
2015-05-21 11:00:00,30,186.370024959893,545.122157739998,104.473038804088,43.3605251742943
2015-05-21 12:00:00,30,184.457835970482,471.780255121291,105.589405415852,40.3655468482147
2015-05-21 13:00:00,30,143.540794994811,429.219708551068,101.80826010578,37.6652508705928
2015-05-21 14:00:00,30,173.959219392688,371.924405357121,114.410333852353,38.0033334447554
2015-05-21 15:00:00,30,162.181932636326,438.882579083367,85.1839787995252,39.8678576994345
2015-05-21 16:00:00,30,158.940227665151,413.937569390679,74.118223349344,29.5127111302314
2015-05-21 17:00:00,30,185.135409087185,462.022586321775,94.6011554988595,45.1685484326072
2015-05-21 18:00:00,30,186.429540041088,407.036975402446,94.9404377605929,50.1336403795057
2015-05-21 19:00:00,30,145.920638318387,397.757339467077,110.249104805342,47.9553009548876
2015-05-21 20:00:00,30,173.778032210903,415.667538072326,107.616296827003,40.7690133756819
2015-05-21 21:00:00,30,187.673925243698,472.366442915597,106.858852779626,47.050220275168
2015-05-21 22:00:00,30,153.063849734567,335.920879781688,95.1699712295456,32.4385754618134
2015-05-21 23:00:00,30,165.005913860845,537.79741387919,95.4421789352299,42.1250789578038
2015-05-22 00:00:00,30,179.260793698908,368.230156640782,106.528846323286,41.9882899012512
2015-05-22 01:00:00,30,148.533124914729,494.454377307838,111.440038901726,35.7224075604251
2015-05-22 02:00:00,30,177.48863274298,431.532073449393,114.151955723389,40.4354973893997
2015-05-22 03:00:00,30,180.78880489587,437.585813551605,105.882235380547,34.9046268172088
2015-05-22 04:00:00,30,170.995443773136,400.901221554436,105.718440043999,41.3812361594061
2015-05-22 05:00:00,30,171.111678289554,441.966387405371,118.574055770338,34.6866489146815
2015-05-22 06:00:00,30,205.122454641269,323.985360828693,95.0070733739079,39.3443229080738
2015-05-22 07:00:00,30,177.162692180304,456.65454749393,120.415937751876,41.5804570912879
2015-05-22 08:00:00,30,176.167723319672,476.903418366139,77.6359331170308,46.2344543248885
2015-05-22 09:00:00,30,178.809883735674,533.493524423637,102.736587784487,37.3260667741498
2015-05-22 10:00:00,30,160.023367198875,415.318606594887,80.8138690216264,41.2303045652225
2015-05-22 11:00:00,30,168.793414309529,415.553634633435,90.6955557463903,41.9222615805103
2015-05-22 12:00:00,30,170.242246940117,421.188308676438,91.2674395475219,41.0884745475025
2015-05-22 13:00:00,30,174.800958835553,427.783249828273,98.0728076869043,43.4134474887845
2015-05-22 14:00:00,30,160.846078681151,414.44685653696,94.7007399960528,36.822367933885
2015-05-22 15:00:00,30,151.700441539222,494.40950498692,97.8949631458741,38.8627145053
2015-05-22 16:00:00,30,157.991784414447,377.870307280445,107.733587782598,35.8109327466663
2015-05-22 17:00:00,30,168.028243798295,360.871426812494,110.608471534879,40.2409164424558
2015-05-22 18:00:00,30,133.328778484587,394.56310594146,110.302806294627,39.6510133354733
2015-05-22 19:00:00,30,172.578333407909,363.896314965551,90.4168616650743,30.1425945172611
2015-05-22 20:00:00,30,170.151585120644,412.263296226332,115.523378508455,35.0438967918066
2015-05-22 21:00:00,30,151.825739764935,509.164365403753,105.944277558818,44.6645466771691
2015-05-22 22:00:00,30,160.975283954452,430.989700637666,116.894629527723,39.5812208802092
2015-05-22 23:00:00,30,182.493869973431,445.201198098716,89.3926886323069,47.3994222762249
2015-05-23 00:00:00,30,186.065815342566,440.093758676758,92.3960781724196,42.9243498478758
2015-05-23 01:00:00,30,182.009165814482,476.068938788692,90.9946886525388,51.9987914318344
2015-05-23 02:00:00,30,174.491929959345,400.11245652905,97.6451477928487,43.5412252894393
2015-05-23 03:00:00,30,179.800583675159,413.332059602107,102.108227271376,41.1728628917813
2015-05-23 04:00:00,30,175.909612699056,394.628061520031,98.1679389208643,39.859688804176
2015-05-23 05:00:00,30,163.090634400099,401.630318385454,115.310114671829,47.0140957546943
2015-05-23 06:00:00,30,174.298618292825,469.239181894653,114.06730026598,45.898988218187
2015-05-23 07:00:00,30,190.919644580164,505.122046506666,90.2373427237051,33.8205722323439
2015-05-23 08:00:00,30,172.428219916989,428.715799807946,101.770653359396,44.0969790580111
2015-05-23 09:00:00,30,179.838910106288,488.536802727809,108.052032898024,33.9055777624012
2015-05-23 10:00:00,30,169.093366041002,467.213359502291,92.7879637172064,34.0247332219004
2015-05-23 11:00:00,30,171.532946465374,473.213848919101,111.428388742605,42.3347296537619
2015-05-23 12:00:00,30,179.722293495424,497.083162532748,91.0180989127077,37.3853678689926
2015-05-23 13:00:00,30,193.15354433834,397.074447630671,104.123231135402,40.6453473433302
2015-05-23 14:00:00,30,148.076746546011,343.268343885804,116.021274540765,47.1155597966628
2015-05-23 15:00:00,30,173.210123741438,414.024856499698,99.6372602778231,37.4335701384442
2015-05-23 16:00:00,30,183.078489538184,549.648638348321,99.0658181553385,39.197784654985
2015-05-23 17:00:00,30,172.295913481726,488.833654958785,97.3644649198105,40.9862645379185
2015-05-23 18:00:00,30,149.797991277443,421.629944710063,106.029907692736,35.2214922913046
2015-05-23 19:00:00,30,189.375620092162,545.201615565914,81.6908376160217,40.9511904458072
2015-05-23 20:00:00,30,157.709388359973,391.295720202108,102.364616435247,47.0624531305566
2015-05-23 21:00:00,30,207.900554334624,462.357969723295,102.628130541478,44.0921631342075
2015-05-23 22:00:00,30,152.628912656298,494.561885663461,100.532585506734,39.3505330160381
2015-05-23 23:00:00,30,139.615402231866,441.25458493516,90.7333868312023,29.7620740609374
2015-05-24 00:00:00,30,161.284087640509,470.979230102984,115.859236899397,41.472996616332
2015-05-24 01:00:00,30,183.429405483769,476.285083468221,96.0654538794465,43.5105721474938
2015-05-24 02:00:00,30,150.231934617995,416.889767841625,90.6417462746111,42.247618780146
2015-05-24 03:00:00,30,158.815460300589,553.786938631158,95.7965124984794,43.8859589876919
2015-05-24 04:00:00,30,178.595495418683,437.351150504055,97.7212027936708,43.1852549334061
2015-05-24 05:00:00,30,150.813050122749,499.25271797473,119.51380174066,32.2639492891569
2015-05-24 06:00:00,30,171.749684900747,550.528527462964,103.920449419886,38.2137439006449
2015-05-24 06:00:00,30,171.749684900747,550.528527462964,103.920449419886,38.2137439006449
2015-05-24 07:00:00,30,159.023659550025,485.884344249505,98.3398586034138,32.7184083665213
2015-05-24 08:00:00,30,169.272231855046,496.460510291746,115.659117361255,43.3330583420334
2015-05-24 09:00:00,30,171.298732849498,472.769425212853,105.184480569317,39.6845213799466
2015-05-24 10:00:00,30,155.6398435301,360.111916073021,102.784718616707,36.7289738118362
2015-05-24 11:00:00,30,168.551982009985,425.601372376785,94.1371099766937,39.4249129386553
2015-05-24 12:00:00,30,175.734437208513,532.174772826969,97.9255979870779,37.7059989837442
2015-05-24 13:00:00,30,192.241410028122,455.41824733158,104.710285288887,48.8880765250913
2015-05-24 14:00:00,30,162.268303283517,417.925151577926,101.783912724825,38.8681666909837
2015-05-24 15:00:00,30,168.801004007621,473.139804360655,114.786369714576,32.6079928826364
2015-05-24 16:00:00,30,172.001754343746,363.332299659208,99.2624396303585,49.5088386287798
2015-05-24 17:00:00,30,145.114796657252,470.13670421836,108.965898296746,49.8443100384056
2015-05-24 18:00:00,30,173.353050576686,455.237902660677,89.7912932475655,39.1483884175981
2015-05-24 19:00:00,30,159.13778869869,485.147570595244,87.8111550006019,45.3185086837665
2015-05-24 20:00:00,30,170.967799461982,496.031650319289,95.9659477513418,43.590566555216
2015-05-24 21:00:00,30,166.015948907888,419.565796170944,109.055061638154,39.0675955654209
2015-05-24 22:00:00,30,168.136750648204,443.843177342142,95.3128459474144,44.7293399121301
2015-05-24 23:00:00,30,181.763721707647,453.102376720422,110.684974566319,42.8692773599077
2015-05-25 00:00:00,30,180.202306384276,409.528162631246,103.339339239957,46.2631922006786
2015-05-25 01:00:00,30,148.20639382866,455.327797731127,98.7984062903979,35.3359458599955
2015-05-25 02:00:00,30,153.710365735744,408.676649128814,108.824311501093,31.9483117757865
2015-05-25 03:00:00,30,152.922907878633,421.928828179867,110.218445501222,37.6895835173718
2015-05-25 04:00:00,30,150.606804212548,405.486856479147,91.6271712927069,46.2111376239272
2015-05-25 05:00:00,30,160.999383744632,519.128771182511,101.45945221356,44.0107418964074
2015-05-25 06:00:00,30,191.658456481828,463.768973308156,119.82557416782,38.8358194827699
2015-05-25 07:00:00,30,182.361334720806,365.292704685379,97.9378026796044,43.9082590107742
2015-05-25 08:00:00,30,165.732646331251,506.363065823935,110.51932153471,42.5479249649082
2015-05-25 09:00:00,30,201.065185477159,504.040124438845,98.9509348931399,60.7518899824282
2015-05-25 10:00:00,30,172.119604714959,508.1914801884,106.758801138392,45.8270353504032
2015-05-25 11:00:00,30,191.071757296501,436.977080573256,102.996619588682,52.7323776688288
2015-05-25 12:00:00,30,168.551039522926,457.444404975008,92.4825813025054,36.7922619734157
2015-05-25 13:00:00,30,185.867400866107,418.736221057973,88.2309641627857,65.1590973582734
2015-05-25 14:00:00,30,155.616973623686,414.44454594728,113.720234976775,50.2137169364505
2015-05-25 15:00:00,30,151.231981740008,482.154396215409,101.008740400611,51.3699477247923
2015-05-25 16:00:00,30,164.827935263513,411.412464851818,99.1466990879231,53.0851587266802
2015-05-25 17:00:00,30,177.715069298724,392.021257572938,108.712347513884,51.3030329479136
2015-05-25 18:00:00,30,181.479761884897,467.246499666824,109.352721403716,54.0666494672515
2015-05-25 19:00:00,30,162.46168178323,473.064977347472,94.1280631724837,51.1553313203439
2015-05-25 20:00:00,30,165.642925807729,420.933074471281,92.0036056986074,46.8089269189125
2015-05-25 21:00:00,30,181.499157189311,488.360413835681,93.2741267152385,53.0064051146644
2015-05-25 22:00:00,30,191.470846278729,451.705330148439,94.5169741217401,49.5828207014877
2015-05-25 23:00:00,30,133.743337385068,348.045767966945,91.6141793111985,44.2773349270658
2015-05-26 00:00:00,30,153.56050574839,440.91383018878,98.7019653142507,52.6730790320697
2015-05-26 01:00:00,30,167.249511938197,412.919595181936,98.9792901276329,58.3948002716414
2015-05-26 02:00:00,30,176.157559768728,435.105743400104,114.119173632707,51.9515090050029
2015-05-26 03:00:00,30,145.242826481465,439.419158647693,96.4211924058306,45.8511720997685
2015-05-26 04:00:00,30,163.665964541241,439.143404548446,109.476851639147,59.7866479124805
2015-05-26 05:00:00,30,189.18860437178,374.756384541671,97.2307294284638,46.0916897997725
2015-05-26 06:00:00,30,165.648426922153,533.237222640314,96.4316980626916,52.1227697924571
2015-05-26 07:00:00,30,172.257203242149,505.5204126272,116.448988003509,49.9251529207557
2015-05-26 08:00:00,30,149.551529800646,398.660533278126,79.0253120297122,50.6906389083948
2015-05-26 09:00:00,30,170.832974416828,531.194697718037,91.4832676719075,48.59340301974
2015-05-26 10:00:00,30,178.101461731835,517.904394547995,108.154992923301,42.1109749031083
2015-05-26 11:00:00,30,191.839099783523,449.726421683288,105.388125684876,51.1693268699286
2015-05-26 12:00:00,30,173.513419294922,430.786459689602,87.325340846467,58.4426791686321
2015-05-26 13:00:00,30,139.026317435353,401.367838179897,90.3440463200673,48.3223430475033
2015-05-26 14:00:00,30,136.777940499123,510.783704280836,89.1459239600523,47.8740918090855
2015-05-26 15:00:00,30,165.369692078765,407.600304818866,102.524233589092,53.1838546232506
2015-05-26 16:00:00,30,166.980234765379,460.922459327374,97.9352292370866,53.1885815513877
2015-05-26 17:00:00,30,203.054029820184,474.070863228205,108.514159919999,43.616181203032
2015-05-26 18:00:00,30,169.373377735638,341.602601207461,96.7538697713257,55.7554669499728
2015-05-26 19:00:00,30,146.182166916986,462.562738176697,94.8798936659977,54.5609313496271
2015-05-26 20:00:00,30,173.103956306912,520.767374795443,96.8603150016135,44.1944081044745
2015-05-26 21:00:00,30,127.087264116852,532.789120312843,101.086761868004,53.0176571018148
2015-05-26 22:00:00,30,167.931266572206,490.87982755542,97.2362102415451,43.5891953254376
2015-05-26 23:00:00,30,164.237087472264,407.096395189921,102.614689949737,47.5414059568104
2015-05-27 00:00:00,30,157.250777060031,469.75839458441,98.2819450309545,52.5139360075897
2015-05-27 01:00:00,30,175.339424392225,511.496490996883,103.68256516285,49.7458761451647
2015-05-27 02:00:00,30,168.563473124093,404.216204860267,106.325389812231,53.0916214950942
2015-05-27 03:00:00,30,160.284310694929,408.567057833061,87.952012666646,52.3912823457964
2015-05-27 04:00:00,30,159.647372662691,477.477033019686,97.9856098791626,53.9540599502829
2015-05-27 05:00:00,30,142.526685106738,347.594591652161,96.5408409355664,43.7367156518342
2015-05-27 06:00:00,30,157.413422206363,427.170408138519,108.988751204036,46.360336489254
2015-05-27 07:00:00,30,152.657334078629,446.952207488067,88.5922020646657,49.4926799138053
2015-05-27 08:00:00,30,192.821520274093,373.594214535895,107.652776513712,57.0253611146438
2015-05-27 09:00:00,30,152.638939239643,427.88299002796,99.5381218807813,57.305414209175
2015-05-27 10:00:00,30,164.365940373222,463.678807902105,90.7985017206608,42.2650444123727
2015-05-27 11:00:00,30,162.883106703122,499.621118681445,81.0420114421273,47.4216622527457
2015-05-27 12:00:00,30,182.618708621567,526.844329128243,107.101103400397,41.6693357395395
2015-05-27 13:00:00,30,187.035817852751,452.416292016198,123.57260011204,37.6140477394508
2015-05-27 14:00:00,30,185.736107909738,439.977462918199,101.433109348177,36.6961545420341
2015-05-27 15:00:00,30,173.132125318384,455.967422766681,87.2530825548612,42.9715540020182
2015-05-27 16:00:00,30,163.396213157614,468.455119085833,84.4970461385049,42.1927669505779
2015-05-27 17:00:00,30,146.567456041957,383.557836305395,100.290682320021,35.2207121738545
2015-05-27 18:00:00,30,173.713252985908,465.015579121984,89.3704404228593,41.1688445905154
2015-05-27 19:00:00,30,154.255442312679,402.358987846865,93.1993227241062,38.8409387056212
2015-05-27 20:00:00,30,158.028702893713,492.762584287717,110.032697264806,36.3982166065506
2015-05-27 21:00:00,30,194.85770301727,466.485879794689,85.9130011237718,44.067586186654
2015-05-27 22:00:00,30,149.8659352786,460.300715763035,83.6500181310732,53.0931773304003
2015-05-27 23:00:00,30,169.072455901723,456.270298207505,104.368115912842,43.7723706860477
2015-05-28 00:00:00,30,156.207044723341,414.586628383805,112.797575176669,36.6223164565752
2015-05-28 01:00:00,30,157.924827050992,440.447161008646,100.53729215318,36.7195937744379
2015-05-28 02:00:00,30,149.100230722134,383.835051166536,108.042881256065,46.8529166607471
2015-05-28 03:00:00,30,189.419703584086,473.249091906223,92.7705485793781,41.6073805088006
2015-05-28 04:00:00,30,167.788857679199,458.502985590769,108.310946801169,47.7607870954226
2015-05-28 05:00:00,30,168.038566733992,394.275342713923,109.914965989014,37.9906156413174
2015-05-28 06:00:00,30,152.903448041288,383.572269222315,90.211031413464,36.0259648998349
2015-05-28 07:00:00,30,190.670700844906,482.699666691702,113.997022330305,33.6062892330719
2015-05-28 08:00:00,30,151.787117916948,548.6466846307,96.6409621286769,44.681337572648
2015-05-28 09:00:00,30,140.946539570611,445.072625332369,116.033496931804,35.3175083147667
2015-05-28 10:00:00,30,181.216008401076,511.508823856573,117.66474785721,35.6003120361336
2015-05-28 11:00:00,30,189.556156856545,550.949032658838,99.860853991052,36.7677505391844
2015-05-28 12:00:00,30,193.049406294017,471.840073924009,112.116556148442,41.2538116938644
2015-05-28 13:00:00,30,142.994214999092,461.82089247391,97.0623679595947,46.2001496582028
2015-05-28 14:00:00,30,152.844757926643,526.000617227916,94.4316947005377,43.369191116681
2015-05-28 15:00:00,30,164.523367275296,395.111641030361,92.4172932954688,43.8834748875232
2015-05-28 16:00:00,30,167.329980492617,463.774982768599,104.332047533057,47.5731272688362
2015-05-28 17:00:00,30,153.539471335166,426.340977455349,101.383890974142,40.7253624545631
2015-05-28 18:00:00,30,192.690178145468,442.898985704233,86.2347321318578,36.2040973943483
2015-05-28 19:00:00,30,155.022811450396,461.855874435308,95.9984045445396,42.0969517674194
2015-05-28 20:00:00,30,167.27374945367,397.530099575547,94.2067333058127,38.4387829195168
2015-05-28 21:00:00,30,178.969653258474,350.558999504931,96.2415741333854,43.6951437852501
2015-05-28 22:00:00,30,187.511044010409,505.802972300616,80.5715411986283,42.47142234856
2015-05-28 23:00:00,30,172.665882555664,458.353642403966,97.0681972851235,50.0683331235716
2015-05-29 00:00:00,30,190.355484217835,427.680841873414,101.884498349581,50.7428501464216
2015-05-29 01:00:00,30,176.231493178229,522.149146523687,109.009998604959,40.0591947704001
2015-05-29 02:00:00,30,173.786483825488,414.764476304704,92.5075077059535,38.712984466529
2015-05-29 03:00:00,30,179.440893210705,446.554740986596,102.192604576012,44.4461729535769
2015-05-29 04:00:00,30,185.626639695827,418.806865375827,96.1192653346661,31.6091771090035
2015-05-29 05:00:00,30,208.811282328478,454.869316837617,109.516533406798,43.7863626067479
2015-05-29 06:00:00,30,174.176530250954,456.096435282958,99.0158590989442,43.1886685269601
2015-05-29 07:00:00,30,148.499646005017,531.076847316105,91.4842633533003,42.973554815255
2015-05-29 08:00:00,30,166.580491053659,495.456448712197,105.349981240173,42.7883847462831
2015-05-29 09:00:00,30,151.970146389401,415.05940229355,121.739327617907,41.2042301945238
2015-05-29 10:00:00,30,150.212467575997,484.167941369787,96.0394242798054,39.0723129491749
2015-05-29 11:00:00,30,181.804298063213,422.617990784263,85.5109544501029,39.6464547941993
2015-05-29 12:00:00,30,193.740149832242,486.187218400708,113.500170658627,47.237077719787
2015-05-29 13:00:00,30,155.576799379841,558.838628309539,101.702742297385,38.0386049802804
2015-05-29 14:00:00,30,171.239367632047,445.142841252995,88.3302309949581,42.4309878255653
2015-05-29 15:00:00,30,191.142118889997,451.458269051473,94.127076951028,38.6092340875739
2015-05-29 16:00:00,30,163.587678203516,502.812380137216,98.7338454243134,38.6780197701681
2015-05-29 17:00:00,30,168.861075636935,458.887342704798,92.970096389486,51.6058056579638
2015-05-29 18:00:00,30,169.529161348466,478.651539195013,114.685567151747,40.977176584911
2015-05-29 19:00:00,30,201.447955573289,473.641318501001,114.863779448334,31.2762647763348
2015-05-29 20:00:00,30,172.383769005529,385.631430089396,101.384345822091,48.5777004501009
2015-05-29 21:00:00,30,169.630455819096,370.511865738631,89.9158087850684,47.76864549286
2015-05-29 22:00:00,30,189.556478138986,401.296395977935,94.4485805441489,38.3591181792401
2015-05-29 23:00:00,30,150.497971646527,431.56162625494,107.488881561271,43.2678488428085
2015-05-30 00:00:00,30,209.730567212501,448.464526794486,93.2195665311303,32.9569151902907
2015-05-30 01:00:00,30,195.846762143679,468.792538459511,98.6759317268109,33.7427339523729
2015-05-30 02:00:00,30,200.132142263724,484.448755864236,95.8317050144011,34.7852376451613
2015-05-30 03:00:00,30,189.847946601191,432.014796674997,89.960325575389,37.5427000262356
2015-05-30 04:00:00,30,176.316951487655,442.437752055853,99.6927803692831,45.8505524924125
2015-05-30 05:00:00,30,178.050725678955,455.804552893209,103.033256101906,30.3896459773153
2015-05-30 06:00:00,30,158.885823833786,459.135390952012,113.590609430363,37.9357848328982
2015-05-30 07:00:00,30,181.688898336406,432.408829775739,88.2373038462631,34.4195758346698
2015-05-30 08:00:00,30,168.583679168459,521.630107445395,108.232199649804,37.8382384605396
2015-05-30 09:00:00,30,153.563123151749,409.090296520595,95.5474380185007,41.1401035304336
2015-05-30 10:00:00,30,151.951303050999,441.87245432839,102.162182788854,38.9050440418558
2015-05-30 11:00:00,30,151.680896624319,520.866594476448,88.0492181848286,44.6754801569502
2015-05-30 12:00:00,30,199.0570113254,484.659429084256,92.3085942410114,41.9847978060097
2015-05-30 13:00:00,30,158.220444885828,413.47289005708,118.762399750821,43.6213250359887
2015-05-30 14:00:00,30,175.098900682582,463.449771211099,85.646877163926,44.2853231505974
2015-05-30 15:00:00,30,194.687832198441,504.564427959819,88.7600883210224,39.3230396703927
2015-05-30 16:00:00,30,178.048176776586,475.324848385713,87.9489449248431,37.8808474412416
2015-05-30 17:00:00,30,171.405133438773,387.992047577573,105.224423870484,43.5992188484638
2015-05-30 18:00:00,30,157.745155473678,476.003609290935,98.0172312061598,51.1690728635956
2015-05-30 19:00:00,30,184.517426935375,501.362401474079,84.578316421386,41.7489650591981
2015-05-30 20:00:00,30,148.092769469159,443.055456760374,86.9567037667735,33.8106765330593
2015-05-30 21:00:00,30,167.313650452015,443.818050395839,96.2683861018997,45.6755021202561
2015-05-30 22:00:00,30,174.584710420757,498.248979919993,83.7176609104022,53.1446747301283
2015-05-30 23:00:00,30,177.489656534702,460.119695121599,97.9710288698754,43.8532658855637
2015-05-31 00:00:00,30,180.74453815587,456.635932276773,106.286926118409,53.7439367810753
2015-05-31 01:00:00,30,191.819225446101,506.154413562496,93.7490404654471,41.2418063498177
2015-05-31 02:00:00,30,159.763344284081,402.42756483781,94.3891985634275,41.4508665187452
2015-05-31 03:00:00,30,161.657166354891,417.711197998133,111.182508842983,41.5614739361974
2015-05-31 04:00:00,30,163.130008976733,530.16844064874,103.214427810512,34.4074318212801
2015-05-31 05:00:00,30,152.107237986493,412.642114619085,96.1568664601235,30.9296301765064
2015-05-31 06:00:00,30,155.302084404746,488.52631817547,99.3445488419568,37.8757532881062
2015-05-31 07:00:00,30,169.6080890798,490.728282365604,98.6980643933075,41.4074740454941
2015-05-31 08:00:00,30,154.024317152754,456.495479161174,101.98787871081,43.2257850429436
2015-05-31 09:00:00,30,176.048458849478,401.370978656885,108.111560917245,46.1031021683143
2015-05-31 10:00:00,30,209.784924075905,539.126660134298,104.705719784316,39.9603060812407
2015-05-31 11:00:00,30,195.633064025429,525.811677126325,80.7509169647896,39.609181945772
2015-05-31 12:00:00,30,156.998985650212,447.99397659586,107.254480091513,38.7519122613207
2015-05-31 13:00:00,30,162.670939577711,386.631712073289,107.959367350689,41.3149776662437
2015-05-31 14:00:00,30,162.840751030603,379.602400402509,92.7330484301298,32.7595947785071
2015-05-31 15:00:00,30,171.029833236887,394.035144957717,112.424097036231,28.1710316285048
2015-05-31 16:00:00,30,179.988723303135,397.574341815778,96.4895966321074,46.1678193098497
2015-05-31 17:00:00,30,181.239403448225,502.13149876018,107.977739374833,34.393985979365
2015-05-31 18:00:00,30,156.827043462888,469.57419414841,102.425500160301,35.8195314163999
2015-05-31 19:00:00,30,182.55239771995,488.89832892014,92.0798917849523,38.7426263012356
2015-05-31 20:00:00,30,171.578759637611,453.026571720358,113.570263539224,41.0701598770014
2015-05-31 21:00:00,30,158.468656794411,502.096318957567,86.3623846732987,42.6891445509602
2015-05-31 22:00:00,30,161.623815979973,445.071717724624,89.6309994281376,37.6855980823964
2015-05-31 23:00:00,30,158.699121009362,466.365204338798,91.8170763665644,44.1270742032429
2015-06-01 00:00:00,30,158.728828743211,410.199926949447,103.48893521871,45.4156520934858
2015-06-01 01:00:00,30,148.243840149065,351.311577977548,86.0188828538947,36.0044208414997
2015-06-01 02:00:00,30,210.277009341053,404.585716236455,102.560288741391,34.0217252158025
2015-06-01 03:00:00,30,161.823361639611,540.648710605749,127.453053774375,33.9702161454738
2015-06-01 04:00:00,30,177.68990102413,525.066972116438,95.0057995664881,37.4201930317529
2015-06-01 05:00:00,30,173.853343655414,404.267894448367,107.508037020672,45.97482226773
2015-06-01 06:00:00,30,163.771759590651,438.461306158483,100.967933613698,44.5943848587406
2015-06-01 07:00:00,30,167.586780212123,427.894476939787,103.8647184396,43.1850857907592
2015-06-01 08:00:00,30,128.233592907684,489.286937069959,94.2734337563657,33.9681047039396
2015-06-01 09:00:00,30,172.42064407235,456.127855259759,102.990085171592,44.9373301143782
2015-06-01 10:00:00,30,148.928327927627,435.271250925701,100.993892268215,35.9547379177844
2015-06-01 11:00:00,30,156.402052981019,372.579649500246,94.631433830309,35.855273974564
2015-06-01 12:00:00,30,179.298897366012,432.574180649753,110.300793372439,39.2865516852484
2015-06-01 13:00:00,30,180.66215893603,434.663699457425,116.931690023364,38.3988418824419
2015-06-01 14:00:00,30,162.818556974556,394.212156725046,107.671161068482,38.2742854653166
2015-06-01 15:00:00,30,187.66489732423,431.938753649983,95.0243378289743,44.2588680506539
2015-06-01 16:00:00,30,190.999373065104,456.631900197703,109.670488594871,40.0741771247797
2015-06-01 17:00:00,30,163.34247826336,397.373683025852,105.698627306088,32.0429599607773
2015-06-01 18:00:00,30,145.955518751751,324.922249565455,105.384313852849,39.8276263951901
2015-06-01 19:00:00,30,182.802793376293,528.440173874009,119.520860055246,46.7612224534353
2015-06-01 20:00:00,30,181.599538603707,404.269439521011,107.342047109318,41.909722996143
2015-06-01 21:00:00,30,169.981876017482,452.048459796688,107.104225464608,37.3380173197707
2015-06-01 22:00:00,30,161.072716664578,491.511732205784,96.907037194081,40.5472617568766
2015-06-01 23:00:00,30,157.507429096363,464.992024863509,115.243172586057,35.6184690191795
2015-06-02 00:00:00,30,171.043717340565,405.371860481735,112.879033710016,37.8000680383327
2015-06-02 01:00:00,30,149.826568971851,420.276262122504,83.886934731914,40.0920127294649
2015-06-02 02:00:00,30,145.507298261432,369.581036395868,88.1526679662308,49.0532503273077
2015-06-02 03:00:00,30,180.291957365652,413.263067555698,93.269781349349,32.4950249843416
2015-06-02 04:00:00,30,167.013441026349,455.496013169577,112.764592432391,30.0115890678313
2015-06-02 05:00:00,30,178.523563262935,362.601961655438,99.1299417206282,34.2330922173951
2015-06-02 06:00:00,30,184.464323025962,416.046705461397,112.466950781545,39.140435327888
2015-06-02 07:00:00,30,169.382039058154,448.488867745605,112.290390172884,49.9683248298643
2015-06-02 08:00:00,30,165.693552218297,544.859871144829,104.104381134114,41.6155718387597
2015-06-02 09:00:00,30,179.999162726468,380.263975524496,118.613826071829,47.5249569355881
2015-06-02 10:00:00,30,166.425202391016,395.297437113036,92.6173139622931,29.5080558812137
2015-06-02 11:00:00,30,140.776158272969,430.679721114523,102.538221351804,32.0197455269357
2015-06-02 12:00:00,30,158.626028858571,492.581956250384,83.9746312302725,38.9863707645195
2015-06-02 13:00:00,30,188.749947279831,377.956957356855,111.75800753073,39.0081409692473
2015-06-02 14:00:00,30,174.79872113594,431.457668650751,108.651557963929,35.0214984613592
2015-06-02 15:00:00,30,147.611276007131,414.475895539012,102.935730961793,39.734124616449
2015-06-02 16:00:00,30,177.404936096894,445.22854395809,119.065063613388,46.0987099037462
2015-06-02 17:00:00,30,158.02502457118,484.417030641915,104.112818699732,36.6566190567435
2015-06-02 18:00:00,30,175.534565472465,508.765244273936,109.435564199743,46.2521537589323
2015-06-02 19:00:00,30,176.076524161617,391.581030630513,93.682739419454,40.8576151630939
2015-06-02 20:00:00,30,171.238357418518,396.128733079734,88.8489051413279,45.4730271637159
2015-06-02 21:00:00,30,180.768564494733,471.706899884382,101.252147178125,42.1482206483223
2015-06-02 22:00:00,30,185.780765731384,427.375781886976,97.8137829143232,40.7894381162084
2015-06-02 23:00:00,30,198.865139039956,397.561736585281,94.5386853958821,40.5240181980862
2015-06-03 00:00:00,30,181.388409958411,518.090374257441,94.6112633880395,45.8723187840301
2015-06-03 01:00:00,30,164.708474588,472.818636615805,95.0100316201054,37.0745524893011
2015-06-03 02:00:00,30,160.567770180025,518.890464224149,98.4080653096343,44.7044476595488
2015-06-03 03:00:00,30,173.341839480915,408.262249387665,88.5377693286694,34.9866773353449
2015-06-03 04:00:00,30,190.438170863597,473.0124960119,103.462415881177,33.2111174244726
2015-06-03 05:00:00,30,168.346878645574,511.668225544146,95.7241103470907,40.8298165362055
2015-06-03 06:00:00,30,173.001138743277,467.599296671756,104.282519127267,35.6864215218805
2015-06-03 07:00:00,30,170.933841224417,466.165498671267,87.181811084235,37.513818415555
2015-06-03 08:00:00,30,163.784143439573,401.768457259347,98.0837080999656,28.9200587468097
2015-06-03 09:00:00,30,145.339878370251,418.329774871346,102.311896698442,40.7395575620204
2015-06-03 10:00:00,30,183.838974416582,512.57077421464,100.7157426328,50.8090374044491
2015-06-03 11:00:00,30,161.598001562944,372.077064831258,105.101689767736,45.0034454214336
2015-06-03 12:00:00,30,163.196568265108,471.119550639901,86.096914113037,28.2427676653625
2015-06-03 13:00:00,30,187.20790614796,446.328986154306,107.879256048409,37.6111639646879
2015-06-03 14:00:00,30,164.467098048132,381.85419965605,94.320481118378,38.6909613772493
2015-06-03 15:00:00,30,186.972255100646,460.197554756859,112.078591486718,36.6387523966359
2015-06-03 16:00:00,30,170.60747998581,426.503951835287,101.87177891054,45.6501654950298
2015-06-03 17:00:00,30,151.611344791705,515.237653563922,83.0667448730651,45.7196110653986
2015-06-03 18:00:00,30,185.631431708824,396.625896021992,107.56099530952,46.3265043238035
2015-06-03 19:00:00,30,170.590551022362,434.140146994494,99.095795144795,37.5219607534361
2015-06-03 20:00:00,30,154.83428303601,451.43702488594,90.8975564494237,37.3774792655421
2015-06-03 21:00:00,30,181.079233991032,479.602420191827,121.500458620162,55.6227052672751
2015-06-03 22:00:00,30,168.41099845285,542.563992348527,100.640164884142,41.543521370759
2015-06-03 23:00:00,30,188.457130272042,466.276574277603,96.8547926233759,32.8952692406053
2015-06-04 00:00:00,30,164.387166952963,433.113182991857,84.0813357433726,32.7601752482349
2015-06-04 01:00:00,30,145.303534501964,545.153370313548,81.6005091696494,45.4400688902419
2015-06-04 02:00:00,30,161.26635258391,429.427119215522,104.938003879745,32.42957559796
2015-06-04 03:00:00,30,156.881210994678,467.678863525114,94.6414714107724,40.6632797762089
2015-06-04 04:00:00,30,144.710610000866,461.974468936237,80.8526284862902,36.9772134566723
2015-06-04 05:00:00,30,188.176706188775,409.328364983691,86.29087143116,37.6950014327867
2015-06-04 06:00:00,30,169.559580998237,360.709561203087,106.940617550661,33.9109514018272
2015-06-04 07:00:00,30,169.280017674671,511.099927403046,108.728449531535,33.7910317416726
2015-06-04 08:00:00,30,147.442085190413,420.419878387731,126.546854656553,38.7734387708086
2015-06-04 09:00:00,30,192.220337766296,491.609463797238,91.6055986426486,33.5952963152238
2015-06-04 10:00:00,30,165.189811971648,400.850458951936,74.4358375620839,38.1569584686504
2015-06-04 11:00:00,30,179.061186371203,499.301221053613,93.3121279341897,36.8614285173989
2015-06-04 12:00:00,30,133.569529728315,439.054162607629,106.447834583429,45.2516574576038
2015-06-04 13:00:00,30,147.777735843787,451.434348383506,112.65549495621,39.2474142555298
2015-06-04 14:00:00,30,193.434134968533,390.401759993266,109.33856968908,42.2176018500657
2015-06-04 15:00:00,30,179.006658719857,428.320011587804,79.5003999548018,49.6877250676363
2015-06-04 16:00:00,30,161.103865769722,407.659936506436,88.0698231036787,44.4240150178085
2015-06-04 17:00:00,30,137.197143398834,494.248514385993,107.351605619431,42.8502830242601
2015-06-04 18:00:00,30,182.266767841002,367.690776767339,100.80362086557,40.9184734960806
2015-06-04 19:00:00,30,199.409733191911,425.342640287871,99.0512561027056,34.00137649383
2015-06-04 20:00:00,30,166.210407724095,358.057884138091,92.3660083550943,39.1790625908924
2015-06-04 21:00:00,30,184.788304201901,545.435834828266,91.728735013134,41.1878586696048
2015-06-04 22:00:00,30,199.679266281716,427.031248183368,98.7942883876595,41.4436782974829
2015-06-04 23:00:00,30,165.933836918805,346.960335747173,106.76681809652,46.2143139693456
2015-06-05 00:00:00,30,151.69325817519,440.244506874044,119.246835419091,27.5987062897919
2015-06-05 01:00:00,30,178.286413707429,518.33627109028,95.7020240637317,41.2838214669622
2015-06-05 02:00:00,30,161.914406734041,364.373459304397,91.8321531759619,34.0798743080947
2015-06-05 03:00:00,30,192.592525954459,454.774277194307,95.2419096593877,42.099436320773
2015-06-05 04:00:00,30,144.368314866476,431.227573107595,98.6904477894426,39.9155401411211
2015-06-05 05:00:00,30,171.045810461389,474.086953056743,89.7974628741602,38.6826667808749
2015-06-05 06:00:00,30,164.588596150197,468.168101703833,104.638778699929,44.0638253004139
2015-06-05 07:00:00,30,157.365739786736,402.4028276199,98.6641942112789,37.971890277936
2015-06-05 08:00:00,30,168.632448137275,316.377379187814,79.9179108668841,35.1570370596798
2015-06-05 09:00:00,30,169.831471419327,403.173821062954,102.851197439354,42.7553401210756
2015-06-05 10:00:00,30,158.666522546315,521.201922470084,98.0411184273953,36.7012936152474
2015-06-05 11:00:00,30,162.328818544308,492.522408170831,96.479380753376,31.1433991021172
2015-06-05 12:00:00,30,168.956778356509,451.416661781929,99.5545181180375,44.1493111306696
2015-06-05 13:00:00,30,178.953360871523,489.492338780487,86.6864530023106,46.6703410587471
2015-06-05 14:00:00,30,138.608908305648,552.994784124003,100.41375239309,36.4341536551191
2015-06-05 15:00:00,30,167.836031517931,525.605109776065,101.35140118057,38.5689798027149
2015-06-05 16:00:00,30,173.085822969704,411.060147723885,111.396687135972,39.7823877585228
2015-06-05 17:00:00,30,157.004120376943,505.514981389786,113.648084582108,34.8910176007719
2015-06-05 18:00:00,30,167.958601654254,465.024296709074,109.925580708954,31.6412183831789
2015-06-05 19:00:00,30,170.818417587507,482.469498098467,86.5074815455384,44.3396985681225
2015-06-05 20:00:00,30,157.933198212245,464.174620308525,87.68687861082,37.6477436899952
2015-06-05 21:00:00,30,162.014725270107,484.247239681497,106.242378966577,40.3511981784884
2015-06-05 22:00:00,30,160.319360364074,481.596403713723,99.5931780754251,48.9989465989357
2015-06-05 23:00:00,30,127.621052092911,351.65883031377,89.8801738215317,33.1573573496768
2015-06-06 00:00:00,30,161.439712802734,494.342026333965,104.052061603996,39.1523820793273
2015-06-06 01:00:00,30,165.617751655421,436.477357090114,97.7218686691769,45.748558256065
2015-06-06 02:00:00,30,181.890630850978,391.28892428106,92.1960394092071,38.1832967286333
2015-06-06 03:00:00,30,188.948377859663,507.940437428389,114.412478842659,33.4512383218703
2015-06-06 04:00:00,30,134.282429322424,387.949740902028,90.5658770921671,33.9121071363755
2015-06-06 05:00:00,30,154.898181332152,447.182669259896,115.271961581416,41.5648486745209
2015-06-06 06:00:00,30,164.483445857429,437.313578438177,105.00095677205,38.7994464767669
2015-06-06 07:00:00,30,157.579955591001,443.802654527982,100.133446822698,36.6650108746328
2015-06-06 08:00:00,30,173.57228040228,467.251982267386,95.7750900637114,44.1339733873839
2015-06-06 09:00:00,30,169.266083514073,369.953058801111,100.00337622339,39.6642287787173
2015-06-06 10:00:00,30,152.640430633379,491.937371284148,91.2078448584295,34.1225212393
2015-06-06 11:00:00,30,180.399839431942,438.007111728073,86.5721864491843,46.6079319703124
2015-06-06 12:00:00,30,167.565896732706,473.343011300972,99.2400182538141,40.177310613644
2015-06-06 13:00:00,30,176.556081246491,479.11283291707,94.0111778508683,38.8209466196002
2015-06-06 14:00:00,30,143.090883523783,424.276513584704,117.67596195126,34.6969795086093
2015-06-06 15:00:00,30,168.525881409464,365.351980337178,108.763738365873,42.9819471686408
2015-06-06 16:00:00,30,178.347898721245,432.508328035689,95.4723673489897,40.5916722689866
2015-06-06 17:00:00,30,154.836428952006,517.539835424189,100.088036127948,46.0125703374143
2015-06-06 18:00:00,30,188.029198798651,429.302980181473,118.555712083497,41.1159682927751
2015-06-06 19:00:00,30,158.90991703061,422.334961656815,90.5758668576383,35.9506207651079
2015-06-06 20:00:00,30,170.300430743478,410.013952900655,94.5517966784499,39.7009874802984
2015-06-06 21:00:00,30,190.173922318445,473.744572527682,85.2411763218746,36.4216780570833
2015-06-06 22:00:00,30,171.401783109663,528.052597534907,108.872045446622,46.5545374199377
2015-06-06 23:00:00,30,167.819524424875,447.176179392998,101.421216952049,55.1601353224048
2015-06-07 00:00:00,30,172.235105986885,459.189768677983,102.054288546209,36.0424753597538
2015-06-07 01:00:00,30,173.848633651336,439.538546676094,84.588535172708,37.0471972365408
2015-06-07 02:00:00,30,176.909826885754,450.606332437112,103.653424848318,35.9762603710347
2015-06-07 03:00:00,30,165.943348244414,506.042631607094,102.234210884709,42.8564515924868
2015-06-07 04:00:00,30,155.746414596567,496.304702766241,113.723684757377,39.3240400257443
2015-06-07 05:00:00,30,147.174871382365,439.220788131652,106.261413023606,39.6430920628948
2015-06-07 06:00:00,30,167.392586499308,448.615115589227,118.629095302549,39.0598466641122
2015-06-07 07:00:00,30,176.091231078978,424.645175486726,102.521620678261,39.7969184914037
2015-06-07 08:00:00,30,160.880700733564,495.888765680929,101.87753248762,34.1422479758737
2015-06-07 09:00:00,30,182.216306694425,402.337026763851,91.7450768825056,41.4491150655569
2015-06-07 10:00:00,30,172.798497895786,381.306909232767,107.117329445435,45.0755774875293
2015-06-07 11:00:00,30,183.813222465385,300.761057533858,101.1514397937,40.8780745170234
2015-06-07 12:00:00,30,174.317267094734,428.021510489346,103.152960619303,35.9889615294962
2015-06-07 13:00:00,30,162.901348996206,386.684242299936,92.942504504873,36.9624614124871
2015-06-07 14:00:00,30,147.753460838721,404.517216639354,93.3466475442268,50.1678288107307
2015-06-07 15:00:00,30,183.652703924824,488.685314204829,101.857918643794,38.9920831062179
2015-06-07 16:00:00,30,178.555743280299,416.949056003651,104.644963392901,45.5464518876732
2015-06-07 17:00:00,30,174.011482481226,399.431786736921,101.942383163795,43.7297299778854
2015-06-07 18:00:00,30,165.205262178465,536.779593977892,102.692348216685,41.6449667934239
2015-06-07 19:00:00,30,180.163713805687,460.923576838847,102.241262474807,40.8427872591014
2015-06-07 20:00:00,30,154.310566396308,505.304857902437,95.4568732253534,38.5500287123162
2015-06-07 21:00:00,30,198.122857363732,436.339294961878,101.761750495294,45.2792862884996
2015-06-07 22:00:00,30,179.249101621988,405.093151406062,108.865187832522,46.941776677984
2015-06-07 23:00:00,30,168.75653029388,354.380787999894,98.8231957805993,47.9561096399517
2015-06-08 00:00:00,30,137.128749106743,430.26953485903,97.0462298806876,45.5733289537788
2015-06-08 01:00:00,30,171.651536605607,496.052877416317,91.2245452313603,34.3662303928529
2015-06-08 02:00:00,30,191.623117059569,385.553083881018,102.811888729315,41.2671732519586
2015-06-08 03:00:00,30,166.811852638263,482.721898064968,114.780505797304,44.8259070095365
2015-06-08 04:00:00,30,144.147002896891,380.472918527138,103.396346430509,52.2235107294226
2015-06-08 05:00:00,30,137.920416033585,480.417441530425,102.549937276234,36.7319033400687
2015-06-08 06:00:00,30,179.56238796056,448.199721298437,87.4208841406993,40.9857584102412
2015-06-08 06:00:00,30,179.56238796056,448.199721298437,87.4208841406993,40.9857584102412
2015-06-08 07:00:00,30,147.551731303805,442.446196439242,87.1089090103264,46.7367049116177
2015-06-08 08:00:00,30,177.387944046373,417.347198256904,111.683567212154,42.3338143425919
2015-06-08 09:00:00,30,188.828403918103,452.810401501133,91.707843038843,35.1767801160334
2015-06-08 10:00:00,30,135.591413039324,416.735296387797,103.780940570903,40.1816638296915
2015-06-08 11:00:00,30,188.526283290836,468.665184748281,101.254344373788,40.9272051847694
2015-06-08 12:00:00,30,120.439798567712,405.168053369963,106.510084039084,36.2111001888865
2015-06-08 13:00:00,30,148.218812437277,501.822177130833,100.385847515211,40.4649729770244
2015-06-08 14:00:00,30,179.458598976416,364.62118664004,108.21241213487,39.3031111574337
2015-06-08 15:00:00,30,145.550397974435,403.619664048215,109.838676644364,38.9152611895387
2015-06-08 16:00:00,30,192.121894292102,513.198110253227,85.0492955510264,34.7198600060079
2015-06-08 17:00:00,30,168.667119633387,516.641749076124,94.9438706007049,35.4445767080788
2015-06-08 18:00:00,30,162.228271022957,389.873777623953,94.6975175882867,38.3228796256005
2015-06-08 19:00:00,30,165.023962101971,539.157021617051,99.2253116386856,44.967350907842
2015-06-08 20:00:00,30,156.312350438066,456.728638870736,97.0985991284908,46.5493422932063
2015-06-08 21:00:00,30,172.748971107457,433.653003678303,106.544457616174,48.7025345697572
2015-06-08 22:00:00,30,149.239396802096,427.024613522421,81.4556394085563,37.4155028765585
2015-06-08 23:00:00,30,154.643173493123,392.398634066518,102.708577864497,37.4131803036869
2015-06-09 00:00:00,30,170.222252243901,375.498645548805,102.189182457526,28.0837659968673
2015-06-09 01:00:00,30,189.751037342625,423.803212918589,105.926822448716,37.4338447773309
2015-06-09 02:00:00,30,177.335859221381,470.697783357752,94.8326578311587,37.2680715094321
2015-06-09 03:00:00,30,189.369075636837,523.622108460751,108.222053405303,42.0525455703362
2015-06-09 04:00:00,30,159.128309823658,414.501732399053,105.921512838828,39.0584997936289
2015-06-09 05:00:00,30,187.368896571275,406.39963321935,90.5003442606108,37.5133265715333
2015-06-09 06:00:00,30,153.203521285297,519.3703126312,95.6726438326638,42.1143027014413
2015-06-09 07:00:00,30,167.536282139651,548.666173344805,102.057777672648,42.9390414375221
2015-06-09 08:00:00,30,187.297276715853,397.979252662842,107.437876724601,34.7713142204477
2015-06-09 09:00:00,30,171.918233081418,449.873595428619,96.6442032687475,33.539722930205
2015-06-09 10:00:00,30,165.387698405237,413.713519257766,105.869422651708,41.9961585077034
2015-06-09 11:00:00,30,171.641191976335,433.75721216872,117.497551541196,35.0761568004599
2015-06-09 12:00:00,30,149.104043804718,518.747883311259,94.6484361219281,43.9214814694831
2015-06-09 13:00:00,30,172.137327870058,485.298678831893,97.0386309896002,35.6919708583692
2015-06-09 14:00:00,30,196.429668581013,516.522054274047,119.36215255211,38.6971172734147
2015-06-09 15:00:00,30,169.865238711879,491.059588687211,102.509083572556,39.5243888160275
2015-06-09 16:00:00,30,170.265667619191,430.638776776979,106.969534633004,37.1400161130149
2015-06-09 17:00:00,30,181.613014616564,468.831499542164,118.954285624394,44.1878545524402
2015-06-09 18:00:00,30,187.237020672167,528.822042690683,105.469752600067,37.6468694495999
2015-06-09 19:00:00,30,188.705698877934,410.909118273002,96.179098142893,41.3995162720751
2015-06-09 20:00:00,30,162.026465208423,468.456575535498,99.7855180062751,42.4781657413661
2015-06-09 21:00:00,30,175.153923549892,471.26680780397,100.41611420201,51.4656157505283
2015-06-09 22:00:00,30,179.688830648988,475.744727101121,115.39857628024,34.2430406721606
2015-06-09 23:00:00,30,172.357227990871,452.483135519375,93.4930873414601,38.4316848957024
2015-06-10 00:00:00,30,178.477899638835,406.872908278846,100.840760027167,39.3892403187618
2015-06-10 01:00:00,30,167.910924454487,443.088683387027,102.229425690866,40.2184571897947
2015-06-10 02:00:00,30,189.069883298146,481.464594007174,99.1996267523972,46.1318622808047
2015-06-10 03:00:00,30,175.159785984935,482.120431866901,99.683596608445,43.5551691940294
2015-06-10 04:00:00,30,153.637478830495,496.04957596947,108.722175833518,39.2815662078335
2015-06-10 05:00:00,30,138.100239936985,415.433235892601,113.377021356167,46.3360633141594
2015-06-10 06:00:00,30,156.514536964274,396.468643649929,106.167677587542,36.0078719067157
2015-06-10 07:00:00,30,166.583833814445,431.301056258216,99.3934974563716,48.8529481464499
2015-06-10 08:00:00,30,153.418683726898,454.632250121555,94.5076102073902,35.7653672747375
2015-06-10 09:00:00,30,177.930456345433,419.983397802655,97.789043582949,32.063268572664
2015-06-10 10:00:00,30,173.955426813727,437.743807387243,107.071360254312,44.1221572478931
2015-06-10 11:00:00,30,187.70450111573,430.219058878181,109.058775932252,38.1741120822419
2015-06-10 12:00:00,30,165.916838604205,370.523173987623,108.354146434457,46.839804523106
2015-06-10 13:00:00,30,164.660535746416,382.665805392014,106.905772947015,28.5982493629923
2015-06-10 14:00:00,30,159.060817941981,418.614407819845,87.0756832683676,46.9681786248468
2015-06-10 15:00:00,30,163.529643105243,334.128393777966,100.414314301369,47.1111042201149
2015-06-10 16:00:00,30,183.896453004737,484.351405257323,101.466837276142,44.295852361778
2015-06-10 17:00:00,30,168.595429154033,471.084361869603,96.5625656906177,42.6123367719971
2015-06-10 18:00:00,30,203.810441368238,500.584860148812,102.607653147612,38.8511853718436
2015-06-10 19:00:00,30,174.729307891049,488.894879212539,91.8740172231253,43.2144691234619
2015-06-10 20:00:00,30,162.89103970655,452.994311522949,88.5940837575892,35.4725379707833
2015-06-10 21:00:00,30,168.829043709945,507.368847594646,99.6768726019707,38.6407137847223
2015-06-10 22:00:00,30,182.251956732469,432.143811188398,115.153902880383,41.4010883894301
2015-06-10 23:00:00,30,176.527209173264,375.690116488904,82.7226635909537,37.3288039625364
2015-06-11 00:00:00,30,176.89548930097,359.051681389552,101.863567599876,40.2298023463179
2015-06-11 01:00:00,30,171.711124084171,447.035469774291,97.7143516598932,41.1072707757395
2015-06-11 02:00:00,30,179.554000942131,403.822583342761,103.464042058152,42.2957723863331
2015-06-11 03:00:00,30,168.175185175012,419.862584643023,107.645981701275,33.3075249998784
2015-06-11 04:00:00,30,185.888332308529,485.214069784747,105.253879022483,38.4111780559159
2015-06-11 05:00:00,30,149.227673588466,519.838450509678,102.392466237862,37.8429790141782
2015-06-11 06:00:00,30,167.318857367762,468.496030457151,96.2380389108877,33.7801305648589
2015-06-11 07:00:00,30,160.469599841283,439.219302443909,101.241825885317,39.099819411618
2015-06-11 08:00:00,30,149.231159888201,347.398182210243,102.078182320097,40.9018308825037
2015-06-11 09:00:00,30,167.690722859796,526.58844780576,90.9749360571282,39.0602750596214
2015-06-11 10:00:00,30,165.786841795506,506.098758618795,96.2950894984498,36.347284071609
2015-06-11 11:00:00,30,182.73075215753,578.879978088902,101.777808162935,35.9932714229526
2015-06-11 12:00:00,30,158.756125938774,555.275866685188,108.738660485016,38.2620608029946
2015-06-11 13:00:00,30,184.15430346775,428.984020728475,104.127377199944,42.6634789028124
2015-06-11 14:00:00,30,178.128623904142,360.443408769783,106.244381820247,43.4735942371617
2015-06-11 15:00:00,30,176.901267000831,396.856961399799,106.052144949832,35.477330915833
2015-06-11 16:00:00,30,194.652616435504,409.117674355155,117.517793910665,33.224615219946
2015-06-11 17:00:00,30,181.581329621516,458.75750615741,126.151165019042,41.7803645130875
2015-06-11 18:00:00,30,168.234705060987,516.777627835627,100.459612868909,36.0637598782316
2015-06-11 19:00:00,30,165.062756839045,449.368362662992,98.3034052150797,40.101244336364
2015-06-11 20:00:00,30,149.896338977463,351.780270201672,107.621315504681,40.8002709567934
2015-06-11 21:00:00,30,202.28109043462,458.493103944426,92.7056625057314,39.6905775584409
2015-06-11 22:00:00,30,141.482274884284,428.724253709767,101.908658672903,41.7227807726563
2015-06-11 23:00:00,30,198.772588064933,439.657930976547,89.5875087679182,32.0968702525002
2015-06-12 00:00:00,30,189.508817627196,532.162657333333,95.8960842534686,37.7440131166164
2015-06-12 01:00:00,30,191.306606954067,491.52929479029,86.351374212551,43.6274440373346
2015-06-12 02:00:00,30,184.336005256861,545.198098703056,98.4624746990808,47.4837468659551
2015-06-12 03:00:00,30,168.049283815493,425.774994907726,92.2810311271197,41.0247395378322
2015-06-12 04:00:00,30,178.938535880493,392.459966327482,93.0795271551786,40.7957455647897
2015-06-12 05:00:00,30,133.597858476809,461.731237621612,95.5369887206979,44.4776443465103
2015-06-12 06:00:00,30,167.914020561124,372.667130048914,104.314518294591,38.0795812008371
2015-06-12 07:00:00,30,164.128730227678,520.915870520656,87.3298536629762,34.3002875071009
2015-06-12 08:00:00,30,178.939847484061,434.485680899414,102.72298579525,37.2967442847379
2015-06-12 09:00:00,30,174.091015604061,516.977100871082,116.9072868096,44.5673454375434
2015-06-12 10:00:00,30,166.641982605172,444.357476581498,107.681542112665,43.6055285351362
2015-06-12 11:00:00,30,169.657560919377,434.441421028536,95.8755546088236,36.0569918075917
2015-06-12 12:00:00,30,175.293943471622,452.684185157789,82.4233066590056,38.1631446276692
2015-06-12 13:00:00,30,149.230122716727,447.645057877749,107.463358609395,35.207652495534
2015-06-12 14:00:00,30,176.524865913194,500.665864445898,85.7450744109553,37.0205890569307
2015-06-12 15:00:00,30,186.301672113972,336.727410616753,89.5695114678653,34.3623649892268
2015-06-12 16:00:00,30,186.733208457743,367.495149332456,115.553841572631,34.1710983165986
2015-06-12 17:00:00,30,173.810970487414,365.881926809011,110.678076152978,37.1858356940016
2015-06-12 18:00:00,30,163.378310662984,486.588705018128,91.1912978609337,40.5772884358648
2015-06-12 19:00:00,30,161.282547190248,438.998534469451,106.222623632137,33.3505146056883
2015-06-12 20:00:00,30,160.997377254618,416.351511432063,100.935009133761,47.8948712736579
2015-06-12 21:00:00,30,187.309385255097,355.940532370644,108.641865190821,48.6490993247629
2015-06-12 22:00:00,30,181.556816004622,372.866954479734,107.885876585842,37.1336961476939
2015-06-12 23:00:00,30,194.315221008816,472.618625430196,106.757504402017,38.1662526700019
2015-06-13 00:00:00,30,200.895948953494,458.875188128034,103.210370562547,35.4837595876854
2015-06-13 01:00:00,30,154.198103593682,484.142535242931,100.498074066852,29.9444702954489
2015-06-13 02:00:00,30,164.9035372289,491.277273049799,108.981753424194,40.6645439135279
2015-06-13 03:00:00,30,176.238076904196,418.841977051174,87.5151480174876,43.6952975880048
2015-06-13 04:00:00,30,169.335452655659,435.533048867709,97.0532542351775,39.7866846296854
2015-06-13 05:00:00,30,188.495494688548,341.936091938498,93.3593488672403,49.5423252628379
2015-06-13 06:00:00,30,162.527329012272,497.628767704753,109.793375081638,36.5658038112811
2015-06-13 07:00:00,30,174.230861713436,427.121114998024,89.5240151507458,43.1635113223678
2015-06-13 08:00:00,30,171.724710547288,413.543335014593,104.481699621544,41.5741991021746
2015-06-13 09:00:00,30,147.07024476687,489.843894373549,94.7006862377001,45.7373333384475
2015-06-13 10:00:00,30,160.791842253786,468.508601312512,89.6366549523148,36.6233033759006
2015-06-13 11:00:00,30,153.366400608539,449.03214352401,88.1474834725561,47.4347419404981
2015-06-13 12:00:00,30,196.760522294307,567.587411244095,92.2447202886144,46.0516324538874
2015-06-13 13:00:00,30,183.123430474454,421.776932490734,93.159580483421,31.3412911821785
2015-06-13 14:00:00,30,162.919886969525,488.344693656511,93.4299667419799,45.8396876756861
2015-06-13 15:00:00,30,156.93358986101,464.291988570264,102.844668859508,34.0687232972015
2015-06-13 16:00:00,30,169.457417246218,387.036505142969,86.3810110798298,33.9926917861663
2015-06-13 17:00:00,30,160.673441180023,503.88222273337,103.877025998405,42.745201461296
2015-06-13 18:00:00,30,170.576570214481,505.958566758075,86.083497801337,35.982006647928
2015-06-13 19:00:00,30,163.834445409461,455.225099482846,106.913503166321,35.1257265734634
2015-06-13 20:00:00,30,176.142142123068,482.564870806877,84.2668035370829,51.9889777384989
2015-06-13 21:00:00,30,145.60329551726,455.806336900138,92.8923634437065,42.074514373382
2015-06-13 22:00:00,30,149.825648057585,486.860750720356,108.600913552199,31.4065451853034
2015-06-13 23:00:00,30,178.087738060486,489.185066529137,107.378296589244,44.511027954195
2015-06-14 00:00:00,30,174.944708899643,453.509254574034,105.412923416242,34.6448827123414
2015-06-14 01:00:00,30,190.551276595228,513.468314367266,105.425182817884,40.577972903902
2015-06-14 02:00:00,30,144.165213685624,425.52451014048,101.817989357082,46.3809318817479
2015-06-14 03:00:00,30,193.563984960612,389.975165030933,96.5732122305188,40.2150786428028
2015-06-14 04:00:00,30,158.947769058999,534.385093795935,80.8031271945108,50.9041855245985
2015-06-14 05:00:00,30,151.623443615563,388.245612900943,90.2026408952282,42.3817374321287
2015-06-14 06:00:00,30,161.320906178127,470.407997220802,106.025098651937,41.8444126455974
2015-06-14 07:00:00,30,192.534742623012,399.921447842427,98.7098045248326,42.3286538209847
2015-06-14 08:00:00,30,162.612981334484,511.328308131721,90.9376167007506,39.2931117713254
2015-06-14 09:00:00,30,156.514789904199,373.237021407646,91.0277666817997,40.3100776398075
2015-06-14 10:00:00,30,159.803399437825,502.22897067931,104.997991552273,44.5527865809346
2015-06-14 11:00:00,30,229.006358752943,433.916707055267,105.011257095544,44.7635001988221
2015-06-14 12:00:00,30,163.775397737596,413.880839283581,103.426363540797,46.2123396880118
2015-06-14 13:00:00,30,176.635632808952,435.323451184083,106.177446403072,30.0852030736155
2015-06-14 14:00:00,30,172.388582281097,463.784399244522,109.642269417726,39.8603731082347
2015-06-14 15:00:00,30,180.438209539698,454.556441061332,101.738037435913,37.019701196237
2015-06-14 16:00:00,30,162.633772654289,490.20026063791,103.14262308728,39.8815744319229
2015-06-14 17:00:00,30,187.622975124431,515.482404072018,107.55998345384,35.401423170484
2015-06-14 18:00:00,30,156.845388522732,394.929495655619,105.316738372163,45.4403504476288
2015-06-14 19:00:00,30,172.275973288593,453.252325999818,99.9923133528659,43.3750155176316
2015-06-14 20:00:00,30,172.697295155289,499.908887352843,113.094609851644,32.6702921669672
2015-06-14 21:00:00,30,190.713605592106,454.496786057959,105.761093665895,40.1942928732967
2015-06-14 22:00:00,30,152.314504507657,481.197531045428,96.032796270315,37.0108821785217
2015-06-14 23:00:00,30,170.468652480148,426.15523906614,98.4488303926268,34.4310308790991
2015-06-15 00:00:00,30,181.924189680037,370.219690177595,92.9740624324737,37.8797580577318
2015-06-15 01:00:00,30,169.103880471491,490.318592315551,102.76890560953,42.4074543275026
2015-06-15 02:00:00,30,168.130645951411,520.27940211219,96.398624723001,44.0577948801436
2015-06-15 03:00:00,30,177.860816513418,480.304914470363,97.6979102000268,44.8475924233423
2015-06-15 04:00:00,30,167.557337628024,374.572133966763,98.6720170655664,40.7776896588463
2015-06-15 05:00:00,30,153.06009480659,398.215521777723,81.9006335591113,37.1801229928771
2015-06-15 06:00:00,30,181.313590017686,422.424355170127,101.813126418385,43.0399095576295
2015-06-15 07:00:00,30,164.448652890065,410.756006905299,89.1590679335337,44.2860950020675
2015-06-15 08:00:00,30,170.446042404356,461.728621743002,93.2464733169988,43.5988269611778
2015-06-15 09:00:00,30,166.819186774068,387.150415852298,93.8486273347612,32.8469236365791
2015-06-15 10:00:00,30,151.799227295589,371.436743372128,103.984991167039,34.0966604678505
2015-06-15 11:00:00,30,186.633751325622,461.822452780045,100.574268936025,34.8284796037052
2015-06-15 12:00:00,30,171.138022323588,498.340202426351,86.1460301398105,33.7742802340029
2015-06-15 13:00:00,30,145.17459056276,446.811154772523,94.7209944072065,36.5102378065909
2015-06-15 14:00:00,30,188.307843372702,397.248737427686,85.1936860950159,39.7164282595029
2015-06-15 15:00:00,30,170.937629762635,387.59650761836,94.9509935272539,44.5181546128321
2015-06-15 16:00:00,30,138.248966685422,441.436876524145,111.699658728172,40.6455835071125
2015-06-15 17:00:00,30,160.192285193072,308.699156550309,95.3291851986535,33.822866459587
2015-06-15 18:00:00,30,187.65881614499,506.176591613089,89.3794487579117,30.9582194783418
2015-06-15 19:00:00,30,165.342049505388,361.364659359277,104.279293393573,40.4299062338292
2015-06-15 20:00:00,30,185.842275113517,401.245534190616,111.637360394093,41.2206707044704
2015-06-15 21:00:00,30,170.600396419835,400.611684927129,97.5508389475655,35.7750388127601
2015-06-15 22:00:00,30,129.45134018415,487.584760972383,90.8535934822139,36.4857159789505
2015-06-15 23:00:00,30,166.70854484007,454.55272049295,88.2444045970814,38.2667084226458
2015-06-16 00:00:00,30,171.0457789558,430.082575576078,111.059070907078,42.6848236333695
2015-06-16 01:00:00,30,156.084495764178,451.985369165999,94.5165551065651,43.122170058
2015-06-16 02:00:00,30,165.606060638185,490.356537167008,106.256926259103,43.8388192535967
2015-06-16 03:00:00,30,167.760440544984,534.924510723644,105.008178712917,41.3454176672862
2015-06-16 04:00:00,30,165.968550069704,450.111581341378,97.0620275634091,38.0704246615636
2015-06-16 05:00:00,30,179.859078763992,465.450534749906,101.647656749381,44.0005703459754
2015-06-16 06:00:00,30,170.821498515563,525.161319938713,100.286001046658,40.808151384096
2015-06-16 07:00:00,30,172.683676444053,380.67766591915,105.729847574252,33.8800323087645
2015-06-16 08:00:00,30,177.502465387164,403.36583887416,102.279463086066,44.1150960423528
2015-06-16 09:00:00,30,167.046493567418,518.969276118451,106.497945986757,43.6707199995731
2015-06-16 10:00:00,30,158.878373866795,454.069142773408,95.9358861600141,31.0252718498632
2015-06-16 11:00:00,30,178.7104043155,454.974354918134,101.560097648276,44.7106644655547
2015-06-16 12:00:00,30,175.219950873179,421.942654772617,83.7668449044923,40.7547326550395
2015-06-16 13:00:00,30,141.272566916228,451.145920568078,97.4287810442026,40.6660049978242
2015-06-16 14:00:00,30,177.933892905974,446.689090506614,105.847082385977,36.9099425315107
2015-06-16 15:00:00,30,200.503290609843,527.496586871635,91.0003641246212,35.8965080059545
2015-06-16 16:00:00,30,162.325998178873,452.541510288731,100.079720521068,37.6741170522167
2015-06-16 17:00:00,30,181.361317359006,434.915849531147,96.6375450125765,39.1245376577433
2015-06-16 18:00:00,30,161.46133538216,530.671321757294,97.9156428701077,41.4792389805064
2015-06-16 19:00:00,30,155.737428421853,460.945144804121,83.6784877848256,43.5731730358028
2015-06-16 20:00:00,30,172.196653003282,396.18416044117,99.9667841738883,45.7843855994709
2015-06-16 21:00:00,30,175.704566852202,412.820592598003,93.9862292507755,39.704094137772
2015-06-16 22:00:00,30,142.130624125041,471.900164565957,92.572688445249,34.2851723045597
2015-06-16 23:00:00,30,135.480153739191,393.006009681717,102.99018397869,29.6402991935035
2015-06-17 00:00:00,30,177.650224308763,486.382362791089,115.020480051,39.4050331938971
2015-06-17 01:00:00,30,153.835303006276,447.661644222081,99.2351231873668,33.3267862297232
2015-06-17 02:00:00,30,174.418909559693,385.877968229949,91.8210528758397,38.7649761727465
2015-06-17 03:00:00,30,168.341196751285,425.981781033384,102.657337607896,38.4645736348811
2015-06-17 04:00:00,30,185.99602421249,415.277580259356,93.2588126477767,38.6369433772629
2015-06-17 05:00:00,30,176.103591756575,400.983395789726,118.771019087279,32.1034875895225
2015-06-17 06:00:00,30,140.694798026655,423.440105091393,101.00344340789,45.9213644280732
2015-06-17 07:00:00,30,169.385044347827,528.101159903062,106.781027609045,32.0251163412041
2015-06-17 08:00:00,30,168.936891479353,511.271213474161,96.7308721845356,41.4135241027636
2015-06-17 09:00:00,30,157.31544803007,450.609979849486,97.3940344370598,35.4274724751498
2015-06-17 10:00:00,30,149.393075211896,462.446707704225,113.631052352475,34.9438369730715
2015-06-17 11:00:00,30,181.863304878111,508.773264369905,92.840870252443,37.3461796485852
2015-06-17 12:00:00,30,162.973873553794,482.623898474372,111.433300763519,42.4514340389501
2015-06-17 13:00:00,30,174.119709020841,474.271554341216,101.520055263432,51.4115076418133
2015-06-17 14:00:00,30,191.602043610236,470.369502604912,111.819225062336,46.5804472377944
2015-06-17 15:00:00,30,168.13607363992,441.610456705861,103.217016928552,39.8220350771255
2015-06-17 16:00:00,30,158.049073769323,465.490717684143,97.4123447989426,36.6478027849748
2015-06-17 17:00:00,30,161.885782625282,499.168852502566,110.291251201187,45.3372534282825
2015-06-17 18:00:00,30,188.920530301717,441.360605235241,96.3588153648803,52.0341080425521
2015-06-17 19:00:00,30,196.56772165435,384.542034436414,93.6678835235854,35.1909983317353
2015-06-17 20:00:00,30,158.024213229464,481.886889009809,100.025128944387,45.9388031063906
2015-06-17 21:00:00,30,153.172096704527,425.866061298193,94.6212019068936,37.9623828390376
2015-06-17 22:00:00,30,195.899978662007,477.662220364309,103.948200694557,33.2939211931307
2015-06-17 23:00:00,30,210.672268548756,487.011100359035,95.8952450618603,34.1518737925104
2015-06-18 00:00:00,30,167.25017925168,438.216520291858,108.988065782021,35.1740197472771
2015-06-18 01:00:00,30,164.528092521763,510.281160212756,102.178453390764,40.5253852139787
2015-06-18 02:00:00,30,181.248446247433,456.440990884671,112.713155525195,47.8680055032393
2015-06-18 03:00:00,30,177.139024922983,410.196042983751,97.993196349965,40.4955381419197
2015-06-18 04:00:00,30,167.453541028597,430.466709319509,96.1152454543284,40.4805299366501
2015-06-18 05:00:00,30,160.234450033444,418.215953760283,94.3920801836761,49.5227893959191
2015-06-18 06:00:00,30,142.948513141854,431.895372062245,118.779927575016,36.7623046815631
2015-06-18 07:00:00,30,185.28274728425,481.881562782844,96.7483619642331,31.0687547460708
2015-06-18 08:00:00,30,177.773722692993,357.090623670703,95.821897510084,44.4239790244903
2015-06-18 09:00:00,30,174.400577576856,409.31310868809,105.536098891948,39.3145289829106
2015-06-18 10:00:00,30,159.574331132764,519.86910967121,95.8991490213641,38.6968752042656
2015-06-18 11:00:00,30,169.324838296222,496.060999225896,94.936092134136,40.7681593681911
2015-06-18 12:00:00,30,201.914874842283,360.559927376464,105.550861478828,34.8525253721331
2015-06-18 13:00:00,30,160.297745857761,408.337164828059,94.5573661286144,46.5004486318533
2015-06-18 14:00:00,30,167.417189015409,477.06948762457,99.3240917827356,42.294302340389
2015-06-18 15:00:00,30,167.547340652357,519.839255674238,107.006501992431,40.5811938611892
2015-06-18 16:00:00,30,176.71435912975,382.516834145955,100.905175540515,37.381985223549
2015-06-18 17:00:00,30,173.095319054175,465.148953990717,86.4158880947101,38.7583458582911
2015-06-18 18:00:00,30,157.09776926785,457.940135671925,101.770947645111,44.1075525973576
2015-06-18 19:00:00,30,193.056445892496,418.948787258847,98.9835906718346,38.3141178017319
2015-06-18 20:00:00,30,173.822105065409,334.535460145027,96.6313091694751,27.1942786955103
2015-06-18 21:00:00,30,150.839308859655,383.633201946757,112.976279131128,39.5539328912111
2015-06-18 22:00:00,30,157.427283106716,448.09410138853,96.9470234065241,32.964224163733
2015-06-18 23:00:00,30,168.868582268252,418.821095564098,95.4395514716485,45.1585814123086
2015-06-19 00:00:00,30,164.996317697679,490.346384740919,94.7083730940639,46.2346525398008
2015-06-19 01:00:00,30,145.293595259084,395.980406521958,103.012744327388,46.8172304305262
2015-06-19 02:00:00,30,140.815782791224,392.250972423394,82.3810000834088,35.3886854885526
2015-06-19 03:00:00,30,180.025668292993,494.999213304034,90.1173022392024,31.6471615014313
2015-06-19 04:00:00,30,158.774286524575,405.318685472782,85.8540627397897,39.0583991839159
2015-06-19 05:00:00,30,182.084395269744,407.140039410696,112.17491097944,28.7827027757559
2015-06-19 06:00:00,30,182.402304794901,427.244777545602,95.7161963403394,38.612412359526
2015-06-19 07:00:00,30,171.535993600006,416.799036267784,84.7827646041268,43.515083347998
2015-06-19 08:00:00,30,163.816175054924,508.40979419005,110.138726395739,46.3981653143814
2015-06-19 09:00:00,30,161.096833318846,428.393572914178,94.3630358710296,44.953133436545
2015-06-19 10:00:00,30,164.739336411814,438.400356652322,97.4745851360809,38.6887052256999
2015-06-19 11:00:00,30,186.736065509572,431.778885530712,114.933919513234,41.8205736258268
2015-06-19 12:00:00,30,179.568936676615,418.508116215434,100.444836282903,33.1573118193289
2015-06-19 13:00:00,30,179.73303437276,368.249317535401,109.789958116967,33.9737112299147
2015-06-19 14:00:00,30,174.740872659128,478.782498589982,103.31910162116,31.8814769437939
2015-06-19 15:00:00,30,159.450523598216,459.683769392166,103.532395176264,41.9301126510755
2015-06-19 16:00:00,30,172.229419367284,350.828328154112,98.5779940611853,30.0363285713914
2015-06-19 17:00:00,30,177.891440148257,405.773023891802,104.79177955703,48.518627891304
2015-06-19 18:00:00,30,173.790295460843,507.202420902332,90.343337640876,45.4344076139206
2015-06-19 19:00:00,30,165.063484189539,357.52783324755,109.354597234586,37.8656625217279
2015-06-19 20:00:00,30,174.174951277092,401.368778956724,88.6613308898156,35.8941122084332
2015-06-19 21:00:00,30,166.675691085178,403.227183883479,109.303068197198,36.5760407733176
2015-06-19 22:00:00,30,174.920827320854,467.663589297686,89.3646545802899,36.1806552762242
2015-06-19 23:00:00,30,180.10833381581,507.594837785011,107.449784465538,41.7805460421895
2015-06-20 00:00:00,30,169.43888560192,348.329042814454,100.034240560216,37.0386822202805
2015-06-20 01:00:00,30,156.159244568757,462.608852656218,84.5369152541212,41.593744491896
2015-06-20 02:00:00,30,194.981875203645,471.656434054648,108.089698839847,37.5676027727974
2015-06-20 03:00:00,30,159.529163690158,390.97070279422,83.4721540175067,38.7386438337562
2015-06-20 04:00:00,30,178.463698714778,393.711120469812,99.0838869220948,52.868551773754
2015-06-20 05:00:00,30,173.409043435436,439.125766784199,89.5808425602926,39.7618382646005
2015-06-20 06:00:00,30,181.448110140095,313.164150450469,95.6413289334499,39.670995717316
2015-06-20 07:00:00,30,164.753700234948,515.587525030287,93.4285217559277,46.2793468556504
2015-06-20 08:00:00,30,130.328269020548,405.441758529392,92.5961895055456,49.4151017781877
2015-06-20 09:00:00,30,168.674097807914,462.023462611664,92.8213865096489,39.3724360517705
2015-06-20 10:00:00,30,188.625715423801,495.869886058965,111.56721950238,43.0692725197885
2015-06-20 11:00:00,30,197.230338805357,448.745904126584,99.4527994590555,34.8441476737372
2015-06-20 12:00:00,30,166.15707110827,381.724790369487,99.4578942911553,40.5843091269083
2015-06-20 13:00:00,30,151.88425424193,466.018729197104,106.938795402396,44.7302664367526
2015-06-20 14:00:00,30,173.137903354323,593.393741898797,105.908039574244,39.6480562627865
2015-06-20 15:00:00,30,180.868724308875,378.901401638313,98.8331764817591,42.453042850565
2015-06-20 16:00:00,30,178.333720505259,373.222426856016,90.6967914941629,37.6523062997438
2015-06-20 17:00:00,30,203.682822131291,455.587341813831,125.408628298474,34.8924294882659
2015-06-20 18:00:00,30,157.459549266473,467.956078430779,83.3080104515433,40.4042846548519
2015-06-20 19:00:00,30,189.630104832689,448.084995957792,114.662399302632,38.5640740652708
2015-06-20 20:00:00,30,166.381985751411,538.348882612975,87.674951611383,46.2604906035324
2015-06-20 21:00:00,30,151.986052617271,441.132631316784,96.4384492171564,41.5072405849021
2015-06-20 22:00:00,30,168.006365900376,504.080491663476,107.260508929296,40.7823659298466
2015-06-20 23:00:00,30,166.202003342254,465.764399346574,93.4045303226036,39.9820341154836
2015-06-21 00:00:00,30,163.542416263837,406.614027201718,98.55929312039,32.4064850449367
2015-06-21 01:00:00,30,183.943741406245,476.476360032303,90.6494333184647,42.7865238532026
2015-06-21 02:00:00,30,166.977659961516,444.056166803731,96.7230657852442,40.3443988483036
2015-06-21 03:00:00,30,186.087936563201,350.975116622917,100.223570456792,38.4977948781113
2015-06-21 04:00:00,30,157.797907112749,460.560929687761,105.868488910519,38.932147601275
2015-06-21 05:00:00,30,161.923936429433,399.719029304377,101.979580867213,35.2980775762663
2015-06-21 06:00:00,30,157.568394857278,353.696647336764,96.4749484324266,35.1591284092062
2015-06-21 07:00:00,30,170.410082109443,353.620869912184,96.8279824976755,42.4666373630388
2015-06-21 08:00:00,30,213.015081450108,362.554111103477,91.7918485792667,41.9202397600971
2015-06-21 09:00:00,30,169.992684023675,387.304525563168,108.597596451495,40.2828029945699
2015-06-21 10:00:00,30,162.568232240389,440.517703087338,103.384652651484,36.5090970433263
2015-06-21 11:00:00,30,152.322681188766,425.264227689189,103.726035666279,40.2611337367723
2015-06-21 12:00:00,30,147.365149336731,395.499193403289,97.5222696243283,37.5665933531769
2015-06-21 13:00:00,30,180.602932310656,439.775088744996,99.6520296417646,48.4025467431895
2015-06-21 14:00:00,30,141.710223311476,464.655485661655,99.8960201616025,34.4547741318345
2015-06-21 15:00:00,30,164.088129665483,453.966374266887,91.0432529666526,32.5877455682837
2015-06-21 16:00:00,30,169.390515519061,411.573629384667,100.630726278572,41.8576776216825
2015-06-21 17:00:00,30,154.790634685977,529.618457879759,117.521459767599,50.2192470462939
2015-06-21 18:00:00,30,183.238233458975,475.541935409767,89.4556013616949,41.5736843390745
2015-06-21 19:00:00,30,194.936214038556,556.648380656403,89.8775912893918,32.5861450679339
2015-06-21 20:00:00,30,179.397524465945,490.11867697156,114.046660539279,41.7264731202033
2015-06-21 21:00:00,30,154.596494767024,437.802205538484,102.045992025501,49.4726408407466
2015-06-21 22:00:00,30,173.496826248073,515.240321398559,94.0382930353066,40.0110471569699
2015-06-21 23:00:00,30,167.177998363741,489.217982615465,92.6751428015924,51.8221395816108
2015-06-22 00:00:00,30,154.722601497754,461.023479172191,101.649012007946,45.3037506547001
2015-06-22 01:00:00,30,156.455786331884,414.275580265906,92.2844597890383,34.9744640393506
2015-06-22 02:00:00,30,178.730869370962,489.507602790806,94.9963883309374,36.2967525119844
2015-06-22 03:00:00,30,178.36824292259,393.212404798908,91.8262645526718,39.0375246572902
2015-06-22 04:00:00,30,143.265792228557,398.285075408405,105.579649513428,42.5174195902372
2015-06-22 05:00:00,30,187.034146321931,391.437573153216,96.4466014403683,36.9518753224723
2015-06-22 06:00:00,30,123.232054039517,536.929408464919,83.4326047598775,38.4477665716646
2015-06-22 07:00:00,30,149.80172935402,451.519925307544,93.6004493852277,47.2925391384594
2015-06-22 08:00:00,30,172.32644612374,479.300811279334,107.297618040212,38.3630930760107
2015-06-22 09:00:00,30,172.529065053171,450.864919318899,96.5768296280171,47.6030317391534
2015-06-22 10:00:00,30,166.281159448368,444.962033509406,106.972563634245,38.4748893939747
2015-06-22 11:00:00,30,171.838958953674,342.202379912771,99.64788441442,48.0119146035456
2015-06-22 12:00:00,30,159.934783241135,393.207253724881,92.2957105522638,33.3131014257212
2015-06-22 13:00:00,30,171.406641676369,428.352189756033,101.810608400986,38.5515794448836
2015-06-22 14:00:00,30,172.085516454581,447.69011645873,115.762990441216,43.533730620194
2015-06-22 15:00:00,30,169.460854762229,436.059152492871,99.1781984213936,38.4912971393821
2015-06-22 16:00:00,30,171.741587704355,404.716896190656,88.906479074882,42.4605738548225
2015-06-22 17:00:00,30,164.604727038073,510.724640522156,87.8278085856988,40.2335883273658
2015-06-22 18:00:00,30,177.102674813189,460.298741367683,106.586430941939,40.0458721248093
2015-06-22 19:00:00,30,197.041237604188,421.419269840773,74.0069462598714,46.3007555509702
2015-06-22 20:00:00,30,177.701200221131,361.606972094387,101.402408810043,39.0249684533321
2015-06-22 21:00:00,30,167.962563634185,503.014446541739,85.6987781714338,51.6545715328416
2015-06-22 22:00:00,30,179.749086623958,384.153694394667,82.891069146238,38.300506822902
2015-06-22 23:00:00,30,162.162356679986,455.281362188739,93.1072799955581,42.2956977494144
2015-06-23 00:00:00,30,172.47937844743,415.62726867057,96.9174269790372,32.4231468059719
2015-06-23 01:00:00,30,165.493156130669,560.878058917877,88.6627139256059,42.8583139966377
2015-06-23 02:00:00,30,177.263330793318,409.087183221494,106.783237003246,37.9825984801826
2015-06-23 03:00:00,30,131.743547156183,471.22084436972,90.3123006654056,38.8573848096857
2015-06-23 04:00:00,30,167.16878141375,519.372710586423,98.2872889703264,31.5415172916856
2015-06-23 05:00:00,30,157.991505249159,493.33655552174,85.0846958583799,42.8885780173534
2015-06-23 06:00:00,30,175.162442959954,438.176458272506,108.096377478277,35.6644423947242
2015-06-23 06:00:00,30,175.162442959954,438.176458272506,108.096377478277,35.6644423947242
2015-06-23 07:00:00,30,191.286095850944,459.274279442006,99.9195723205329,42.8592610520761
2015-06-23 08:00:00,30,178.590024032085,375.928054383327,101.595248851724,39.3368962173674
2015-06-23 09:00:00,30,177.389043090094,430.460451662368,112.295719215611,38.110296609082
2015-06-23 10:00:00,30,161.830206171893,557.074729462428,107.660189724417,33.2819384471134
2015-06-23 11:00:00,30,185.289556748819,417.467918065798,98.5298538427089,37.7719859018509
2015-06-23 12:00:00,30,151.323592812878,411.217712782223,90.477565664156,38.6649720068103
2015-06-23 13:00:00,30,177.799039577033,550.084722542965,104.225854886984,35.0740750533041
2015-06-23 14:00:00,30,161.294033843602,491.332618123996,91.9376088821806,41.8347872405874
2015-06-23 15:00:00,30,174.977921962415,394.910802359965,105.458400573822,43.600837807867
2015-06-23 16:00:00,30,167.781639753064,410.815514001184,77.1732277168992,39.3766677432023
2015-06-23 17:00:00,30,169.556261302722,417.050556395275,106.849184268017,40.8303535299721
2015-06-23 18:00:00,30,187.453993583457,477.362402355051,96.0617950761184,42.5274508759077
2015-06-23 19:00:00,30,154.907246326257,521.833763282993,99.3357771540277,40.6982941729957
2015-06-23 20:00:00,30,187.339457183073,395.699079100335,102.700926201823,31.34058897455
2015-06-23 21:00:00,30,157.924685724233,470.487941261089,94.2094378400445,44.2111132604233
2015-06-23 22:00:00,30,175.229876546989,433.733604950742,98.0760083553167,45.3689550057
2015-06-23 23:00:00,30,182.25810623663,482.902976106219,93.1789957913961,36.484567225965
2015-06-24 00:00:00,30,168.081980886329,428.300819659301,101.169613045783,40.6699258906529
2015-06-24 01:00:00,30,191.542589963404,443.620108158292,95.5887315103305,36.8114448724402
2015-06-24 02:00:00,30,169.330701020324,405.8381387512,85.5240727013249,39.8892906781987
2015-06-24 03:00:00,30,182.669216716778,403.077313413397,106.136313279028,37.2741494765327
2015-06-24 04:00:00,30,186.274488831176,393.307439220874,98.084032589989,36.2920312051993
2015-06-24 05:00:00,30,170.988510767877,445.357745943171,88.5529364116579,38.2143293437195
2015-06-24 06:00:00,30,216.854336581851,421.436405766526,94.0505229024021,49.4309433887579
2015-06-24 07:00:00,30,175.990335784044,359.156006657532,102.95782417268,37.5835392645243
2015-06-24 08:00:00,30,141.116600952818,485.786635918772,116.716736821527,36.5141874935789
2015-06-24 09:00:00,30,156.903432434091,426.206663327408,108.153999944049,42.0013754605881
2015-06-24 10:00:00,30,170.126425253935,451.622377764904,112.525350469833,36.7432066252444
2015-06-24 11:00:00,30,164.431353072848,372.560579877379,102.807139379661,46.1809615447596
2015-06-24 12:00:00,30,166.643405774079,373.116041806435,104.055157654909,47.0664713910003
2015-06-24 13:00:00,30,170.062593327134,538.799948304752,102.824371778416,44.4709925171722
2015-06-24 14:00:00,30,158.193496465138,409.897517286213,103.356383094687,36.6184915810628
2015-06-24 15:00:00,30,168.908112617546,484.41773121862,87.717814685311,27.7538697021519
2015-06-24 16:00:00,30,194.925014695853,338.093442325647,109.660372662233,46.5920422503827
2015-06-24 17:00:00,30,148.518746956348,382.505389319968,117.648593731105,46.1510828697459
2015-06-24 18:00:00,30,162.644872684593,395.137345928028,121.723493714878,40.7580704592614
2015-06-24 19:00:00,30,165.377493207931,428.87330665496,106.46109584745,40.2442949506546
2015-06-24 20:00:00,30,148.134755127429,419.020737715317,85.3251756605768,31.2816272281635
2015-06-24 21:00:00,30,155.505227447268,514.433563738794,102.955032355548,41.1025735986848
2015-06-24 22:00:00,30,169.985518925799,395.583853747407,105.784535865041,46.8324920220289
2015-06-24 23:00:00,30,173.014265603546,500.521645130246,106.066169392041,38.0976448062271
2015-06-25 00:00:00,30,165.645299481039,513.734096159962,80.6999908219191,40.4571565730358
2015-06-25 01:00:00,30,167.567281905273,487.786238164734,85.3738637301068,40.223696198288
2015-06-25 02:00:00,30,196.59352431023,382.842130559173,84.2880943922564,46.1366291206539
2015-06-25 03:00:00,30,170.65488614372,406.146058291413,88.0168717879617,28.6125943364724
2015-06-25 04:00:00,30,130.956383271517,522.784729169737,95.681887037838,34.1956550440998
2015-06-25 05:00:00,30,172.954563931998,410.953386413631,103.71640711872,43.4574209015795
2015-06-25 06:00:00,30,173.107173002671,376.658271132104,81.7134608386206,39.1864928215085
2015-06-25 07:00:00,30,162.842080069615,409.345739545265,98.7334632567878,42.7188348974394
2015-06-25 08:00:00,30,191.216890886551,405.233967559706,99.9326104444206,41.1089027808052
2015-06-25 09:00:00,30,170.460984572781,416.182133195112,96.6106010364699,34.597635088813
2015-06-25 10:00:00,30,179.043944216347,496.580731120458,104.178160973717,40.9654096753806
2015-06-25 11:00:00,30,159.982359688703,399.22431375698,99.4867523741546,38.1917265351079
2015-06-25 12:00:00,30,179.449894490215,478.423229565968,94.6194467333049,44.1696879798361
2015-06-25 13:00:00,30,188.313274473583,473.698620395452,93.3474337087882,45.7446957392018
2015-06-25 14:00:00,30,175.946450378506,430.339718602113,95.6753877707493,33.0271175841643
2015-06-25 15:00:00,30,194.884818477986,387.843580154998,91.522171243778,45.9790088457698
2015-06-25 16:00:00,30,188.540471804338,445.175524309833,114.495464441846,28.8760073985993
2015-06-25 17:00:00,30,141.959660033768,424.698482634902,109.872147387172,30.6033323206341
2015-06-25 18:00:00,30,158.964350715678,457.966221781988,88.0126196700544,40.1924982800026
2015-06-25 19:00:00,30,201.188272557828,441.736072137617,97.4107847606597,43.9221225610278
2015-06-25 20:00:00,30,176.574797598031,420.76829324299,102.200540232982,41.8083430167109
2015-06-25 21:00:00,30,173.045515413255,450.283436635954,95.6257038203628,38.7277049194861
2015-06-25 22:00:00,30,168.24232620868,445.747987012073,79.7494882478766,42.2082669276924
2015-06-25 23:00:00,30,174.55712882157,469.965808610087,80.8844573190112,40.9204469848706
2015-06-26 00:00:00,30,171.815733383215,393.996129814566,98.886549396483,48.1675680702228
2015-06-26 01:00:00,30,186.11898862205,507.733146815041,90.2985728144111,37.2960243573613
2015-06-26 02:00:00,30,193.457707135361,469.376502266695,84.8279069585037,43.7727217896693
2015-06-26 03:00:00,30,176.736846111932,394.241772443485,99.6570163748301,38.1496228936014
2015-06-26 04:00:00,30,152.728938686029,444.827345090615,115.878248867983,49.410452320446
2015-06-26 05:00:00,30,171.901987872584,399.720983995525,92.9954587297067,41.5115095439555
2015-06-26 06:00:00,30,175.906431857062,456.12679258231,107.752865108552,38.3579556959438
2015-06-26 07:00:00,30,171.107203563596,414.355254754786,90.9495272758973,36.6190264849858
2015-06-26 08:00:00,30,175.63378420586,519.057856631685,81.9709799942605,42.3892975148393
2015-06-26 09:00:00,30,173.081017554013,529.11223038397,83.0000732007366,41.0516671445944
2015-06-26 10:00:00,30,160.114922848669,507.056149123348,90.1934488558462,34.395953153691
2015-06-26 11:00:00,30,168.65642367864,460.233819610784,104.901946299263,34.5866389735458
2015-06-26 12:00:00,30,151.370338818625,359.185448701814,105.157650965409,32.9494074068806
2015-06-26 13:00:00,30,181.177914991736,420.080215427178,94.813075746903,43.205045627417
2015-06-26 14:00:00,30,166.784176424716,383.309945108466,97.3443325044483,33.826007298134
2015-06-26 15:00:00,30,166.880207800016,477.764745736986,100.308470208211,36.1114291666576
2015-06-26 16:00:00,30,153.787180258362,466.087201998907,97.6004204274023,41.3683106365025
2015-06-26 17:00:00,30,152.893264621544,376.275889226577,97.4315211828203,36.1511658555225
2015-06-26 18:00:00,30,147.287450451424,498.486793088884,111.087904443364,45.4303112730451
2015-06-26 19:00:00,30,171.01014978962,459.992498350204,102.575814135761,47.7383540090574
2015-06-26 20:00:00,30,170.913007969252,400.646645453189,84.4923492739488,41.7617193475416
2015-06-26 21:00:00,30,144.666522376668,432.417605044138,99.2621590835378,43.9552343317492
2015-06-26 22:00:00,30,178.401688264834,507.620178716155,109.241179540318,43.3166898506974
2015-06-26 23:00:00,30,184.64121820826,410.639185372315,102.95313679358,43.1203211121714
2015-06-27 00:00:00,30,163.79072801356,455.685884327342,97.8997049638847,39.8123441268036
2015-06-27 01:00:00,30,156.791844681939,414.82701021347,110.366550682568,43.3724079755376
2015-06-27 02:00:00,30,171.719189112445,403.362712261558,106.444155718147,46.8751874339187
2015-06-27 03:00:00,30,160.881562431391,474.338992274022,90.4443700042726,39.1017735866982
2015-06-27 04:00:00,30,179.858123770009,510.265533645985,84.6196808030325,32.8946077237463
2015-06-27 05:00:00,30,177.269834733725,480.894424954479,80.3973291886539,38.7330144274708
2015-06-27 06:00:00,30,163.006684833547,441.967580135783,93.0089895107437,41.6475492454681
2015-06-27 07:00:00,30,146.77068175004,463.806662846571,91.0510893541313,31.3586589609255
2015-06-27 08:00:00,30,166.404537388075,388.837355813442,89.0487962370594,43.6884090201174
2015-06-27 09:00:00,30,184.229340594533,391.269686299814,97.3539339472151,33.6525419561192
2015-06-27 10:00:00,30,169.445071373493,498.371958915011,107.38242632957,35.4574696306047
2015-06-27 11:00:00,30,154.046994509643,451.770947955971,97.3388548932439,45.2449353482555
2015-06-27 12:00:00,30,181.822370694726,466.075641916109,108.505802252832,44.2198013168299
2015-06-27 13:00:00,30,178.098770832904,485.970342954463,110.202308545593,33.9943281712052
2015-06-27 14:00:00,30,151.323495012046,520.034774475636,92.9335077479746,40.3562916150544
2015-06-27 15:00:00,30,186.578870179268,448.626249642017,92.3854019283754,42.3414774363441
2015-06-27 16:00:00,30,170.721796927253,474.363736582773,77.4872725211268,46.3835772771105
2015-06-27 17:00:00,30,155.425612619732,367.003539317262,116.564015009679,41.0237649912772
2015-06-27 18:00:00,30,178.99410733151,466.832940550265,112.580064820873,48.1163546147947
2015-06-27 19:00:00,30,159.506412697687,541.783167088407,103.358327634839,45.146732808114
2015-06-27 20:00:00,30,176.532990691602,453.997029287779,92.9429795434696,33.8204007308836
2015-06-27 21:00:00,30,176.433649216236,512.569178336832,85.0730744810561,33.9768524715515
2015-06-27 22:00:00,30,190.149548509041,327.324226087424,103.356930730305,40.7660203153182
2015-06-27 23:00:00,30,178.879887790946,472.658478186564,96.6646086579948,44.0087090443338
2015-06-28 00:00:00,30,158.80919173028,441.56750994135,111.388289551867,45.2084171773647
2015-06-28 01:00:00,30,169.603340050487,401.639148414523,99.1716168349228,37.9311729293374
2015-06-28 02:00:00,30,146.305870035412,458.7146549604,92.8213286327992,41.4511827798952
2015-06-28 03:00:00,30,171.202493831917,438.502949197326,110.589996704216,34.8700042285738
2015-06-28 04:00:00,30,196.142902250069,407.896137931317,101.573967855172,41.9464163526417
2015-06-28 05:00:00,30,183.75571388602,355.36801550031,92.124916017095,35.3618785339804
2015-06-28 06:00:00,30,164.491276277378,418.465626987742,96.6368833189361,38.1475600199376
2015-06-28 07:00:00,30,157.453268951799,517.89614983751,100.182430520683,42.2842163343654
2015-06-28 08:00:00,30,143.190614594536,426.42941588014,96.6448331394679,34.9531932391978
2015-06-28 09:00:00,30,146.408441729732,483.049916259049,91.7080232885363,33.1728758716333
2015-06-28 10:00:00,30,193.479382968925,419.621967392267,101.646126238939,43.0852247251059
2015-06-28 11:00:00,30,157.988638299127,456.01936847503,94.440797565619,44.8198259257462
2015-06-28 12:00:00,30,170.782789312604,473.551281413081,93.9316494970982,34.2077468929359
2015-06-28 13:00:00,30,164.135867632687,428.875623634535,96.23598966976,46.683033546423
2015-06-28 14:00:00,30,153.997995207111,496.927560036987,104.569174406577,33.8722320492487
2015-06-28 15:00:00,30,180.325945287292,474.452849818765,102.83586763431,38.3786837337496
2015-06-28 16:00:00,30,187.962702023132,447.252035491718,87.9602309607279,42.6202502549805
2015-06-28 17:00:00,30,174.0379573481,420.037196103563,97.2653329109521,40.0889678320426
2015-06-28 18:00:00,30,164.820142931618,423.189070038777,111.260223667928,35.4990070766969
2015-06-28 19:00:00,30,160.949456826791,435.085665591333,111.882047729402,35.7231793477619
2015-06-28 20:00:00,30,173.107929626881,521.215019076147,108.094531315705,42.4101446105483
2015-06-28 21:00:00,30,168.525847953369,497.620792680029,92.0267919075142,33.366269006707
2015-06-28 22:00:00,30,196.720482468699,397.932436354865,96.9246268671239,45.1917350940294
2015-06-28 23:00:00,30,178.406290863615,504.021818767709,121.615779999473,42.1997135392872
2015-06-29 00:00:00,30,163.560125420875,503.103578307867,111.984355164524,40.051024593281
2015-06-29 01:00:00,30,172.639150053802,420.919175933601,84.2271555508311,36.3023180570605
2015-06-29 02:00:00,30,183.259880410815,417.699384829271,95.6463712696008,42.1640809971427
2015-06-29 03:00:00,30,192.221622233005,503.591659684785,87.1915748519087,42.8545754143481
2015-06-29 04:00:00,30,178.831975488034,508.80703100172,116.54152346631,50.2493200560767
2015-06-29 05:00:00,30,172.273621289611,476.259395201129,104.432765869603,35.7524166326462
2015-06-29 06:00:00,30,169.372902746813,439.834090612674,106.980917324928,46.502770044342
2015-06-29 07:00:00,30,170.740922071306,505.674990631941,89.6063650706167,44.767484457702
2015-06-29 08:00:00,30,161.290595814171,479.600435351481,101.602012080483,42.5735488312965
2015-06-29 09:00:00,30,181.260823232239,411.797980786279,92.490232296271,36.050110146116
2015-06-29 10:00:00,30,145.847991050574,403.922622217098,89.3862447948999,39.4772648499762
2015-06-29 11:00:00,30,203.821506906337,477.635243133358,95.0756477161492,37.5881679742387
2015-06-29 12:00:00,30,165.286860462344,463.777159081993,121.633815018859,34.9443400112249
2015-06-29 13:00:00,30,170.083175333913,452.01573636694,84.3371024420054,32.5230700369946
2015-06-29 14:00:00,30,159.766224167539,488.216277672357,104.643587624055,37.8243568103559
2015-06-29 15:00:00,30,151.948308663036,508.792849182992,102.175693408624,42.6044643724043
2015-06-29 16:00:00,30,174.44877266089,445.447609804643,110.873216724343,43.5743377368557
2015-06-29 17:00:00,30,197.615064117677,385.11023130331,96.7285945512979,36.166793691142
2015-06-29 18:00:00,30,189.26954634268,476.492470741777,86.3265253461835,46.6517962248126
2015-06-29 19:00:00,30,177.516096941114,503.933163852236,96.1843965619343,43.2327206688693
2015-06-29 20:00:00,30,167.552993819013,425.443550044501,91.8916437850044,32.7604294645073
2015-06-29 21:00:00,30,179.055667939585,391.784493339097,114.821444815592,43.3177893834644
2015-06-29 22:00:00,30,173.039758807062,465.98365925905,88.8273232227655,40.5218563339088
2015-06-29 23:00:00,30,174.208125520902,475.985976288613,103.998376377105,41.7725461890278
2015-06-30 00:00:00,30,187.341240694078,485.729133164354,123.061083001616,43.7814692323117
2015-06-30 01:00:00,30,192.791059337065,401.574638227144,104.790649647782,35.7875548807101
2015-06-30 02:00:00,30,188.16333961217,463.735032271995,98.7703072889721,37.8437370375009
2015-06-30 03:00:00,30,177.132689217332,442.639730466585,107.795873186682,45.1110051867912
2015-06-30 04:00:00,30,188.407451581054,408.944466037597,90.532024066953,41.8033981631961
2015-06-30 05:00:00,30,145.267054466881,319.384940130441,93.6601775052365,42.0240301718548
2015-06-30 06:00:00,30,160.299865694587,362.232465354835,86.9008033387787,41.5171493247847
2015-06-30 07:00:00,30,158.506281393266,520.627197354796,103.8467762476,42.5522012214203
2015-06-30 08:00:00,30,151.812061315836,514.255972577795,103.829716430862,44.0662422000279
2015-06-30 09:00:00,30,173.174343237803,511.4317962433,108.099685587055,45.6615728730333
2015-06-30 10:00:00,30,174.41874211841,458.220828199034,112.298037919177,40.5897458830508
2015-06-30 11:00:00,30,181.490112587794,477.38633285394,93.2357892751739,34.5336596469952
2015-06-30 12:00:00,30,146.577628585275,444.140459031429,95.911887043433,41.198313693475
2015-06-30 13:00:00,30,151.616066044036,514.521140371469,112.023399420998,37.2425867237459
2015-06-30 14:00:00,30,191.847444939515,429.39806992545,89.7834635439647,42.3909172269994
2015-06-30 15:00:00,30,164.559906253079,492.084412000805,94.5596036851972,37.4589840191392
2015-06-30 16:00:00,30,158.504613681222,469.901912323483,87.4911062098406,40.6744251886897
2015-06-30 17:00:00,30,172.849817442225,457.285417276993,109.840930498959,44.5037011259439
2015-06-30 18:00:00,30,170.972401585773,394.046156488948,86.7290253361443,33.6613212799055
2015-06-30 19:00:00,30,151.47996878132,469.311425633455,102.087046949705,38.376307728318
2015-06-30 20:00:00,30,164.413600605928,455.669731081391,101.155452762898,39.0301019260701
2015-06-30 21:00:00,30,163.514063672644,426.005685086314,102.241653252497,40.159264828634
2015-06-30 22:00:00,30,177.016182528624,465.842768299924,93.4834332591731,53.0764732292053
2015-06-30 23:00:00,30,183.559606456298,500.954564754396,103.66010928811,38.266519656507
2015-07-01 00:00:00,30,164.356113445004,414.776471896513,108.545119216858,43.1911321065927
2015-07-01 01:00:00,30,171.639134111263,445.257666271195,104.375058307946,33.7064960858842
2015-07-01 02:00:00,30,160.123013852569,454.655292465586,102.855375787501,40.7552327193692
2015-07-01 03:00:00,30,171.966017698382,390.394388528462,107.643981503847,43.1006328479975
2015-07-01 04:00:00,30,166.754117930584,538.021030977058,97.3615023712297,41.6395326237243
2015-07-01 05:00:00,30,174.595571531824,365.855778791998,103.640937003169,41.4944671282007
2015-07-01 06:00:00,30,159.118935052694,480.021308983361,94.5507117243063,39.9980556215276
2015-07-01 07:00:00,30,141.650916970015,489.897781365353,103.270382944424,35.2344929037225
2015-07-01 08:00:00,30,149.508453826783,329.1988947754,90.6388155784298,36.5335499872169
2015-07-01 09:00:00,30,187.341990765799,373.994393974331,90.5723680576846,34.6964332292452
2015-07-01 10:00:00,30,176.742887598736,471.552947752652,115.269257107749,49.8930239906762
2015-07-01 11:00:00,30,173.624380190102,419.698125260724,90.0717954276429,35.9719472530785
2015-07-01 12:00:00,30,161.868153618732,417.388623918751,93.3625982232714,40.7285118867623
2015-07-01 13:00:00,30,177.643299835685,343.531876555094,105.621975916854,42.7572856410377
2015-07-01 14:00:00,30,141.950938665722,399.710021035764,91.2903431088405,46.1730523572071
2015-07-01 15:00:00,30,145.230293285268,444.349005678642,100.893011442481,42.8618930582489
2015-07-01 16:00:00,30,200.565294177418,428.676113394207,105.444548195066,41.6058434575814
2015-07-01 17:00:00,30,145.55668192276,430.508598990951,96.2140516331381,37.9232865848181
2015-07-01 18:00:00,30,176.750238169239,372.426111226172,116.95251325247,49.6054071074758
2015-07-01 19:00:00,30,171.086081878467,459.434661382165,113.78421137819,41.1860467751887
2015-07-01 20:00:00,30,172.379116337894,443.434431231655,102.070095175031,39.3125090230923
2015-07-01 21:00:00,30,159.221065439146,418.562965939087,98.1150239172553,39.8451449951089
2015-07-01 22:00:00,30,170.771824515268,464.744317373655,96.6782941313368,30.9775410291141
2015-07-01 23:00:00,30,177.10444807091,464.000173566362,117.10061315993,38.7433674572904
2015-07-02 00:00:00,30,161.686982518365,444.461275901147,105.849633037596,36.353650623074
2015-07-02 01:00:00,30,171.041402100485,403.837304128351,92.0123845765068,40.1705215084517
2015-07-02 02:00:00,30,149.997241771644,479.398014925751,108.317178895027,41.7814180566439
2015-07-02 03:00:00,30,170.391092739398,418.718492159379,107.889457341332,43.0485835483186
2015-07-02 04:00:00,30,161.058948693566,437.112900866586,103.11338303637,34.2352200288648
2015-07-02 05:00:00,30,148.227684160771,446.597378386172,96.5320976103511,52.2572090840047
2015-07-02 06:00:00,30,148.695805967318,367.08922264294,90.9346701661253,30.7384895026657
2015-07-02 07:00:00,30,220.933568277566,491.196426776964,96.8634168474173,42.5023039990337
2015-07-02 08:00:00,30,129.246065470917,475.824706385664,93.0993661920852,36.9553183036432
2015-07-02 09:00:00,30,163.305969849637,461.643992020355,104.208844558543,36.3363159879072
2015-07-02 10:00:00,30,147.297097161137,424.57801758596,105.286386779642,45.3855727042844
2015-07-02 11:00:00,30,167.969257754625,442.424289638244,92.6767067795621,42.3419765535488
2015-07-02 12:00:00,30,175.296150062603,448.545190988094,94.1364420601943,48.1965181996845
2015-07-02 13:00:00,30,170.683765456494,443.83400201751,107.9685696509,36.9116534131833
2015-07-02 14:00:00,30,174.869824801527,468.605814615361,92.5256134473367,35.3462133616145
2015-07-02 15:00:00,30,141.032690421237,368.287445638674,91.2068166204142,45.936894941081
2015-07-02 16:00:00,30,168.012735810104,414.522987137502,89.7631710764368,50.4303695292143
2015-07-02 17:00:00,30,178.045064298559,434.783145916853,89.4969800243219,41.7684348585775
2015-07-02 18:00:00,30,155.107815737401,559.811108519661,108.08027887566,37.9045508582242
2015-07-02 19:00:00,30,176.499461810864,445.427930067336,106.607335576905,36.09380585267
2015-07-02 20:00:00,30,168.424304278011,491.13258450499,111.617538812806,41.394161954277
2015-07-02 21:00:00,30,156.481142944817,406.53489876535,85.0317829533661,38.1743056037395
2015-07-02 22:00:00,30,170.561080798019,406.392566686769,107.103747072052,44.8128579363607
2015-07-02 23:00:00,30,167.047340627331,526.876366998023,100.194945873969,33.9945164722391
2015-07-03 00:00:00,30,160.593444183918,447.326492964287,91.0825752983201,38.8277623946868
2015-07-03 01:00:00,30,171.251281962176,430.740670339253,107.627062481783,34.0477386291248
2015-07-03 02:00:00,30,162.593979829643,501.312491129376,105.075133968432,37.0429681489335
2015-07-03 03:00:00,30,158.549206893937,432.260224684746,104.151676154976,50.7863673935997
2015-07-03 04:00:00,30,160.484054310822,416.952601883124,87.7171936745886,28.8046577863813
2015-07-03 05:00:00,30,145.506423357382,465.587521142255,102.011965853354,41.7651581639071
2015-07-03 06:00:00,30,180.959868453442,405.668816711147,90.4156880023051,41.1930627914166
2015-07-03 07:00:00,30,186.629227035506,473.186550736049,106.278550964515,36.0480939182084
2015-07-03 08:00:00,30,163.274180493401,484.335880678532,103.973001375995,43.9308152132236
2015-07-03 09:00:00,30,158.495500960911,473.815647610295,102.631021194178,38.6423975502198
2015-07-03 10:00:00,30,157.241950557777,495.708874874782,97.1060438360378,36.7499147563229
2015-07-03 11:00:00,30,196.414275545049,451.428692554969,93.2408648026824,40.549108097812
2015-07-03 12:00:00,30,179.084581815784,450.028001599506,110.986773337974,38.6204180598117
2015-07-03 13:00:00,30,156.66088128305,521.119228964314,89.8658436503736,43.6029424814275
2015-07-03 14:00:00,30,194.745729353981,500.706402198029,103.748292419284,44.6377301904846
2015-07-03 15:00:00,30,167.300713358297,502.435948469782,106.498958096998,32.7379589508173
2015-07-03 16:00:00,30,175.006230894461,495.08387707164,105.769019448793,42.6376468036928
2015-07-03 17:00:00,30,191.183204277764,484.376915599988,102.722981862513,39.31325814274
2015-07-03 18:00:00,30,183.628408524916,472.181907555083,91.3067628975004,38.4570223704255
2015-07-03 19:00:00,30,171.774590067451,376.527595288663,113.342302280028,45.8657510913957
2015-07-03 20:00:00,30,165.299236905643,476.174029278793,103.210822982591,41.2499553863879
2015-07-03 21:00:00,30,159.913766042778,421.882990301257,99.4156842398614,37.1358044147824
2015-07-03 22:00:00,30,164.604580405076,440.733924689785,122.612982728606,37.3765666811532
2015-07-03 23:00:00,30,183.170467180449,433.168737102819,85.3181007397604,42.2927565175944
2015-07-04 00:00:00,30,144.831212615363,468.497071677081,87.4379693824022,38.8367484517263
2015-07-04 01:00:00,30,168.426990913495,539.147809725879,106.810441782168,42.7025581800167
2015-07-04 02:00:00,30,179.783493895198,449.991226502697,124.176457445554,54.456866574362
2015-07-04 03:00:00,30,135.053474653232,378.403231748163,84.1058377943516,45.0132927527701
2015-07-04 04:00:00,30,162.851981871541,436.033142967714,99.2009858069857,42.9951361022385
2015-07-04 05:00:00,30,184.724215255924,477.517772159571,88.1858502228751,44.5362047129334
2015-07-04 06:00:00,30,190.470392884528,435.106357186835,102.412069649832,34.7255845736759
2015-07-04 07:00:00,30,187.907626531708,442.051160202409,115.641658101692,40.0946877596009
2015-07-04 08:00:00,30,178.929346758725,460.776719670348,101.990509837916,40.2708575831565
2015-07-04 09:00:00,30,154.308154198392,454.153156704973,87.2363453094552,31.975782444063
2015-07-04 10:00:00,30,178.869993983362,474.611112268046,94.1857122484815,39.7267834161271
2015-07-04 11:00:00,30,156.276342208378,510.140942747062,118.038144621887,51.8046034126514
2015-07-04 12:00:00,30,151.71294751792,467.240017207172,102.661754093661,33.8386774524191
2015-07-04 13:00:00,30,174.602230018703,424.203810871017,111.533422449941,39.9956161709959
2015-07-04 14:00:00,30,195.435805018015,407.548520635685,111.565324039355,43.8071318215438
2015-07-04 15:00:00,30,180.982331280174,446.042644344044,97.155582984916,37.162244335156
2015-07-04 16:00:00,30,200.327046618365,433.046914072091,100.83411766183,41.3561698629425
2015-07-04 17:00:00,30,167.927581144884,544.591842198185,104.410977630559,35.0394713750687
2015-07-04 18:00:00,30,171.38897638174,379.423366877941,100.429810628121,45.9120000416679
2015-07-04 19:00:00,30,182.730143941521,425.98963525418,103.00481819356,37.035228551082
2015-07-04 20:00:00,30,187.474727032,433.522845858808,96.9465432617856,41.5345725654584
2015-07-04 21:00:00,30,159.586944619235,481.572423315588,77.2329367920483,44.6632748568519
2015-07-04 22:00:00,30,155.165458797919,516.331103718533,98.9797980102246,36.5007675646986
2015-07-04 23:00:00,30,203.26771652552,445.321948644848,100.164913386393,41.2405310436097
2015-07-05 00:00:00,30,178.76734577825,491.879864538784,95.0072028900275,38.5285767529194
2015-07-05 01:00:00,30,186.997147480335,531.830955529534,105.21008309784,42.8267680105655
2015-07-05 02:00:00,30,178.816803246083,434.30948309911,88.5261358890767,41.4437622395515
2015-07-05 03:00:00,30,148.406263783498,387.627714142714,97.9738384731,51.6306680321249
2015-07-05 04:00:00,30,167.728351136094,481.387915987792,89.6953359918807,35.3620509360651
2015-07-05 05:00:00,30,163.738737556394,393.809235498774,100.007987510145,32.2919972087247
2015-07-05 06:00:00,30,194.399551176932,394.319363017173,122.532820046152,39.9396528514843
2015-07-05 07:00:00,30,167.750230381652,437.121890505141,96.8531972764793,42.5544478470818
2015-07-05 08:00:00,30,185.347844615378,536.709651826286,100.899233150796,37.4637580639916
2015-07-05 09:00:00,30,202.576526654036,493.900938638503,109.492229381229,42.788929721386
2015-07-05 10:00:00,30,162.167885915227,458.957777771405,110.88525387178,36.0951789835571
2015-07-05 11:00:00,30,166.031524608549,402.342895162111,104.40819251493,42.4267047435447
2015-07-05 12:00:00,30,187.740018339162,395.084129513568,94.4299194188965,40.2183894844003
2015-07-05 13:00:00,30,150.832165476219,422.612237226045,78.8862043790607,31.560597789965
2015-07-05 14:00:00,30,181.590992540042,428.770912266677,113.786843217564,36.1658685258009
2015-07-05 15:00:00,30,197.287323312248,532.507807435831,100.508957603513,52.2921823008773
2015-07-05 16:00:00,30,161.639445899208,418.876602589311,105.170099229964,40.9020523237483
2015-07-05 17:00:00,30,170.083820995781,387.065256947584,112.184087213047,37.6428028893028
2015-07-05 18:00:00,30,150.872844526656,432.369018625984,96.5703959563782,39.999217766762
2015-07-05 19:00:00,30,162.988908797084,490.59572501879,98.5658123175897,35.6661828641793
2015-07-05 20:00:00,30,166.366973324328,536.402112124819,103.752269595499,47.1386493489497
2015-07-05 21:00:00,30,183.352981631736,426.335009706153,87.4672918194616,33.2584276279207
2015-07-05 22:00:00,30,189.768613993494,447.120595485211,102.675217284885,51.7350036788159
2015-07-05 23:00:00,30,180.500710191297,477.211652957299,107.946078623735,38.8005084803642
2015-07-06 00:00:00,30,169.370479109003,411.824378265806,79.7379567832795,35.5417527042607
2015-07-06 01:00:00,30,154.330793726305,552.956873144413,108.875099744559,50.1944613701084
2015-07-06 02:00:00,30,173.413220960998,428.587163856669,89.5432267065686,35.0974610837603
2015-07-06 03:00:00,30,177.125560710096,500.684073905301,98.4716520598818,38.3509491220365
2015-07-06 04:00:00,30,201.589965716477,499.214922491214,123.36548756837,49.2484247931365
2015-07-06 05:00:00,30,184.479217223961,445.170094774142,89.7815040934881,36.8308139749007
2015-07-06 06:00:00,30,157.753359613505,521.353746411211,87.8721227284114,38.9596809433918
2015-07-06 07:00:00,30,180.918560489611,424.893925167941,111.245208044757,34.3046244333557
2015-07-06 08:00:00,30,157.344301454579,461.825821433691,108.275230017566,37.6814201593069
2015-07-06 09:00:00,30,176.221776772709,444.053190151158,88.0959722627543,42.0443098129363
2015-07-06 10:00:00,30,160.473038838811,418.584051558222,87.0145233562796,34.7233625729421
2015-07-06 11:00:00,30,164.034877611035,458.383077466311,108.506388882834,37.0336419766262
2015-07-06 12:00:00,30,169.472699449773,401.735435130302,112.174262349001,40.0796045351339
2015-07-06 13:00:00,30,191.044390269667,505.449112871983,94.7148196393763,57.0914537173914
2015-07-06 14:00:00,30,166.869354863232,460.739227969195,110.940650080808,50.9489014824214
2015-07-06 15:00:00,30,155.439088877874,353.292076652082,101.479800910327,47.8969936536835
2015-07-06 16:00:00,30,168.833812932366,411.753157704547,110.452121612481,42.0033688134653
2015-07-06 17:00:00,30,167.9359805679,430.042751642898,98.5242648696558,50.0588894052475
2015-07-06 18:00:00,30,189.580295401508,422.946339513133,97.7791976272178,55.0512772569786
2015-07-06 19:00:00,30,142.942559763486,491.245165770442,109.540342979811,46.7154816917309
2015-07-06 20:00:00,30,146.839577512125,410.712520718469,92.7119942749442,53.9132038712399
2015-07-06 21:00:00,30,157.834260555793,484.78097873076,84.1459136101723,53.957335768325
2015-07-06 22:00:00,30,172.712985478291,509.076947742601,97.9495924185535,49.3501100496878
2015-07-06 23:00:00,30,179.123234602989,464.19615993142,97.3166883392859,59.2895432777346
2015-07-07 00:00:00,30,154.7790165346,542.498980408327,98.3570125258093,48.8975073284754
2015-07-07 01:00:00,30,203.654418494567,449.902892341167,103.142382861765,49.2614245664119
2015-07-07 02:00:00,30,174.489101846068,484.507676667131,111.320597241232,58.2100644914388
2015-07-07 03:00:00,30,167.942849264834,493.059787406506,95.5626563371023,38.5635952995229
2015-07-07 04:00:00,30,178.97722957722,430.387287718391,102.264546838804,50.6926875072642
2015-07-07 05:00:00,30,193.143158299315,403.038488381031,86.7478285140841,44.7177171577334
2015-07-07 06:00:00,30,172.148607756769,453.560458085558,110.180514819008,57.4945540246478
2015-07-07 07:00:00,30,175.601262287748,450.826414029846,97.9356241902583,52.1359945679364
2015-07-07 08:00:00,30,158.854446398665,423.010532990979,104.206560551187,51.8444215000449
2015-07-07 09:00:00,30,150.461330146835,425.063511862273,83.8087354234798,49.0355211230527
2015-07-07 10:00:00,30,182.045196003417,522.322668890262,88.8365130444728,50.1978095027673
2015-07-07 11:00:00,30,170.873132442994,433.37323756475,108.976981493683,52.1985573731551
2015-07-07 12:00:00,30,163.522301926978,505.364084492523,107.746136392067,55.612042840359
2015-07-07 13:00:00,30,152.014430183868,480.124828957626,99.7626309449511,48.4478440150509
2015-07-07 14:00:00,30,147.423477929072,409.904497867168,85.3902626319734,50.3657181753983
2015-07-07 15:00:00,30,169.485355062332,424.674676349179,103.452839482512,55.7673503615924
2015-07-07 16:00:00,30,165.55475358398,553.250982982203,106.220283666078,45.1555571527516
2015-07-07 17:00:00,30,164.19157597604,582.706000993247,102.183391406972,40.5104595559521
2015-07-07 18:00:00,30,155.54098641905,464.010618150106,86.2785138684687,49.0493451579855
2015-07-07 19:00:00,30,160.615572668959,450.479161476234,84.1621583481935,55.4782164958905
2015-07-07 20:00:00,30,173.903154400162,429.335216718804,93.9765538828523,45.5290429173973
2015-07-07 21:00:00,30,186.978526347169,484.47427825248,98.7475646790904,46.9260592428791
2015-07-07 22:00:00,30,183.175137538856,436.952541824588,77.3384137480501,48.4239516194911
2015-07-07 23:00:00,30,170.679645799142,465.285858758546,93.1094875874021,54.4572377426636
2015-07-08 00:00:00,30,167.090072389301,445.936566129623,102.076078979672,56.670844330329
2015-07-08 01:00:00,30,163.721614406645,380.332077159402,110.370402861507,60.7816065230443
2015-07-08 02:00:00,30,153.396060384655,442.048683899279,115.869774895304,51.111126580402
2015-07-08 03:00:00,30,181.798285408912,366.568796591551,83.8510363256854,52.3651459761894
2015-07-08 04:00:00,30,161.810138263842,582.923068346733,107.522788467047,50.4127316172408
2015-07-08 05:00:00,30,162.165045614937,497.2213341047,89.0617490950972,47.9365229385612
2015-07-08 06:00:00,30,143.813471890197,350.334179713551,105.162257024626,46.518119734927
2015-07-08 07:00:00,30,164.489086299624,458.147902774718,100.336424141259,45.7772659859241
2015-07-08 08:00:00,30,139.755187195636,443.567356615545,109.369830948797,49.9693627808948
2015-07-08 09:00:00,30,182.648392540572,534.879216779954,88.860835694249,50.9298895096095
2015-07-08 10:00:00,30,192.965856862778,423.323392437673,86.9356343168853,46.0706708927802
2015-07-08 11:00:00,30,172.398839625733,422.687798614257,98.8574318542467,53.8605461118325
2015-07-08 12:00:00,30,154.900148814689,481.916729251887,102.947298378559,49.5071300859896
2015-07-08 13:00:00,30,184.581300833982,488.818030674674,93.2585143418072,36.4615788008035
2015-07-08 14:00:00,30,156.139673484469,448.063259728567,118.311266376632,30.3819915155962
2015-07-08 15:00:00,30,178.53783143268,411.263681774978,92.8000930204874,42.9155461191549
2015-07-08 16:00:00,30,145.444074406605,442.209744438382,93.2208593651197,39.8696603640581
2015-07-08 17:00:00,30,173.149659405096,398.870857148696,114.846914985836,37.5150413800376
2015-07-08 18:00:00,30,161.991941136127,444.445341193361,113.946265317387,45.3976486932936
2015-07-08 19:00:00,30,171.170084813248,417.49907138138,102.509048845132,43.3759523347646
2015-07-08 20:00:00,30,169.9638136653,395.265348731206,99.3703210250215,38.2484590579883
2015-07-08 21:00:00,30,175.288234441232,400.345373164895,112.841959182968,43.1930837519859
2015-07-08 22:00:00,30,173.950826596267,421.804936104633,122.903169073304,40.6097785692225
2015-07-08 23:00:00,30,190.193477725721,417.63748866326,103.237142429578,37.2417796978585
2015-07-09 00:00:00,30,167.092625176346,429.539947742217,104.493811585404,46.1651806542248
2015-07-09 01:00:00,30,185.731957663782,399.948817913657,80.0928955134592,47.2544380424313
2015-07-09 02:00:00,30,172.276481232057,432.129451918769,104.971572285595,38.1725878482532
2015-07-09 03:00:00,30,180.579586903406,331.594665706932,87.2121692867809,33.4198971888763
2015-07-09 04:00:00,30,175.685629849209,417.417362649525,109.314008872615,41.2998317630788
2015-07-09 05:00:00,30,175.962032614273,419.457632583608,101.218503555819,28.8370760929999
2015-07-09 06:00:00,30,174.593964234256,437.3381747931,88.3088546970963,42.1401542429961
2015-07-09 07:00:00,30,152.320653955307,377.654575491644,98.7573357788391,36.8335519304999
2015-07-09 08:00:00,30,174.579318475928,446.066781198568,113.757920178867,41.1754351239935
2015-07-09 09:00:00,30,157.311271881217,541.459100325597,92.3183386468569,36.5026032164945
2015-07-09 10:00:00,30,171.855978267808,416.081351714212,112.710832901509,36.3177201478975
2015-07-09 11:00:00,30,203.873362338392,483.545698789089,92.7166950290736,40.7533561583624
2015-07-09 12:00:00,30,182.360271214703,392.312849221794,118.131515964715,36.2135504282016
2015-07-09 13:00:00,30,163.232983599603,482.494064589213,115.008546236381,33.917054276345
2015-07-09 14:00:00,30,197.850602644561,539.100695779853,106.286470299756,38.0664339975782
2015-07-09 15:00:00,30,191.049797750531,383.86051106504,112.56384744987,33.8590491102494
2015-07-09 16:00:00,30,163.567422940159,415.395300928141,95.5543798714063,40.7021295360716
2015-07-09 17:00:00,30,170.280992459261,464.843450298804,102.289734630009,33.7714797246122
2015-07-09 18:00:00,30,164.994171666287,518.157565300148,109.936200314333,36.4392049165318
2015-07-09 19:00:00,30,189.339725332625,385.676544992319,101.996568518572,48.7455648361512
2015-07-09 20:00:00,30,158.195265480404,430.888201136329,90.0788040120401,34.7739085630237
2015-07-09 21:00:00,30,177.006722552592,444.47634082619,99.7328844908186,38.4688145633969
2015-07-09 22:00:00,30,177.895666355056,457.342082682936,103.154504636908,38.4110338324827
2015-07-09 23:00:00,30,181.213556439478,488.679055280686,114.896927538716,46.3221706427441
2015-07-10 00:00:00,30,192.112934272224,472.41763454161,89.437160565999,46.4432554455185
2015-07-10 01:00:00,30,163.579334996778,432.329402473267,100.053268565614,36.1723691435562
2015-07-10 02:00:00,30,148.178977379026,458.159783230778,108.820890833211,47.6475870245771
2015-07-10 03:00:00,30,155.46796500916,466.605773559632,88.6277220378854,41.9444490408784
2015-07-10 04:00:00,30,199.747391034384,399.309752294748,82.0421933133121,40.2973982801696
2015-07-10 05:00:00,30,168.228797333938,544.666301066223,120.32426447678,47.7457541591763
2015-07-10 06:00:00,30,168.607819126255,554.015081053137,110.803719083019,48.3209793874934
2015-07-10 07:00:00,30,136.991422437852,442.320933969929,94.2908492473662,47.8924040690626
2015-07-10 08:00:00,30,183.888105021444,435.18104360731,106.316595430513,39.0496287758169
2015-07-10 09:00:00,30,152.675567234899,440.443176762518,121.014289761605,43.6357986290928
2015-07-10 10:00:00,30,172.744284881484,434.439607186168,107.434475801537,51.810729313475
2015-07-10 11:00:00,30,161.712190580005,442.740138356848,96.4802653688678,38.4286256695484
2015-07-10 12:00:00,30,200.891471613602,488.596146599322,85.4947010954668,48.9091426522172
2015-07-10 13:00:00,30,186.764294649954,333.497157173199,86.8273972817638,48.8474825147413
2015-07-10 14:00:00,30,161.991792012605,449.296765573604,107.28627520777,49.5539016431604
2015-07-10 15:00:00,30,164.517569692787,363.443752929681,111.548055018822,38.1974120829002
2015-07-10 16:00:00,30,174.955630471261,467.713420320821,106.632920764494,54.3666927060221
2015-07-10 17:00:00,30,147.633562110417,378.57641586788,78.290426347553,46.7820530687905
2015-07-10 18:00:00,30,183.454250769047,424.445795469585,96.3307451273775,52.4463238003674
2015-07-10 19:00:00,30,177.587401478704,337.774657658766,104.698326416582,51.0621774259274
2015-07-10 20:00:00,30,158.459105235511,427.879758148933,89.1830036081201,53.8792189945447
2015-07-10 21:00:00,30,171.693826468305,419.857726660945,113.189604751971,54.7271555626006
2015-07-10 22:00:00,30,178.579051572593,459.095543292875,91.2800756157203,48.542607123443
2015-07-10 23:00:00,30,143.269388384415,423.768553062225,93.8131250221425,48.1322873699812
2015-07-11 00:00:00,30,156.334455769812,362.685153621983,84.413309750426,44.0003168821763
2015-07-11 01:00:00,30,190.427349481151,442.596230593268,103.074995085998,50.1695599892639
2015-07-11 02:00:00,30,155.25901142579,423.669143187453,88.9515078608282,54.2742369898919
2015-07-11 03:00:00,30,153.652579507823,415.352521984351,99.1299428752562,52.3077237947517
2015-07-11 04:00:00,30,166.726378995369,398.298480684622,86.3519660804834,31.2451584563663
2015-07-11 05:00:00,30,184.128506052231,416.036667034208,114.707340065572,48.5906385086154
2015-07-11 06:00:00,30,180.91675431518,351.486455716081,86.3631157055895,62.8287900348188
2015-07-11 07:00:00,30,146.980338231427,566.755524047759,81.7599518802238,55.9967820204301
2015-07-11 08:00:00,30,142.567501582616,491.744170087619,113.882545570569,50.6600667833638
2015-07-11 09:00:00,30,181.809209861078,544.616690011023,106.83557599437,47.2618171329297
2015-07-11 10:00:00,30,159.433346257682,504.053373402082,87.5443538171801,49.7416529252389
2015-07-11 11:00:00,30,155.219854647997,467.086334451973,106.119652615142,49.2979629017694
2015-07-11 12:00:00,30,172.873764233394,501.721721722411,109.875732489526,49.9632006668108
2015-07-11 13:00:00,30,130.843727942837,458.125066237654,98.3480216323007,50.3351146526189
2015-07-11 14:00:00,30,151.296104095063,443.638736694803,114.981516487824,49.7482777954457
2015-07-11 15:00:00,30,171.988033651207,507.387353571651,114.844140823821,59.3461444876491
2015-07-11 16:00:00,30,149.423169654188,406.522236563426,85.7056905574785,48.8144961973356
2015-07-11 17:00:00,30,158.626364964122,437.915764512951,90.9196167286146,57.6978893428906
2015-07-11 18:00:00,30,167.664042450452,406.267464191666,102.696772465451,41.2136579111455
2015-07-11 19:00:00,30,188.750326379562,624.410117111115,111.275453356223,55.4682076670032
2015-07-11 20:00:00,30,193.960384956952,406.104401679746,101.228033035752,62.4642987407971
2015-07-11 21:00:00,30,136.953848204166,473.786103813572,103.367632998186,49.396398893694
2015-07-11 22:00:00,30,163.38436123531,454.353285510748,123.562544546716,47.5306269144867
2015-07-11 23:00:00,30,177.391297324947,537.414980418968,94.0345434203813,50.0421150669878
2015-07-12 00:00:00,30,169.325152988812,466.982714530967,103.008615136646,54.04843842143
2015-07-12 01:00:00,30,156.974264606052,435.23629596787,111.521213493291,45.1112223154039
2015-07-12 02:00:00,30,196.199633183967,498.369856743212,118.633552486962,50.9632690966062
2015-07-12 03:00:00,30,185.431046412832,378.02548773783,101.503160903445,50.4784570748924
2015-07-12 04:00:00,30,163.599725587183,374.487719713138,100.765788022889,46.9510108617581
2015-07-12 05:00:00,30,175.056838343373,438.993319257565,101.409394334923,54.4332551673251
2015-07-12 06:00:00,30,178.187328317131,454.837529804208,106.199342084951,37.7211271581035
2015-07-12 07:00:00,30,175.670264404254,548.730971321781,92.1189892504965,47.0390724010137
2015-07-12 08:00:00,30,187.729494615382,405.367123251769,103.341986085536,36.5068695682651
2015-07-12 09:00:00,30,173.127108550214,463.499649842821,108.864682556912,43.1004527413592
2015-07-12 10:00:00,30,182.243704266766,406.502435321948,98.0300147163727,40.6276113059161
2015-07-12 11:00:00,30,183.995846536942,485.416726083421,102.846354207837,38.11571839013
2015-07-12 12:00:00,30,142.183013182494,472.580840924065,103.658260320768,41.5379857567313
2015-07-12 13:00:00,30,185.984396338475,425.223289608848,82.9178360568192,34.717098856539
2015-07-12 14:00:00,30,163.114696542791,389.771629722615,99.1421397449934,32.7805105728805
2015-07-12 15:00:00,30,162.04027706065,485.802461097015,96.2535945914804,36.8664420281509
2015-07-12 16:00:00,30,168.62627421026,385.034104923539,93.9347976783241,40.3825759417538
2015-07-12 17:00:00,30,158.872104511323,396.290332058761,93.910208121074,44.0256979776048
2015-07-12 18:00:00,30,174.793854365857,396.716719599229,81.9843297066761,44.3053537948226
2015-07-12 19:00:00,30,212.502714673988,504.42474301409,102.066832636903,40.6705983773595
2015-07-12 20:00:00,30,162.824338938126,414.102524533534,113.838021789762,34.7236745364813
2015-07-12 21:00:00,30,167.350295103951,497.361343300221,109.337890715023,45.2186448369795
2015-07-12 22:00:00,30,181.314227118723,393.367060886222,113.826140165402,37.857296173623
2015-07-12 23:00:00,30,151.175789772695,472.022471156205,95.4096377187063,37.7509887577707
2015-07-13 00:00:00,30,178.383817452961,448.748296719316,89.7047077574542,39.8246756029344
2015-07-13 01:00:00,30,163.602781595568,449.168498960762,95.961278501822,36.5315927122155
2015-07-13 02:00:00,30,165.559658625656,482.553651255755,94.5609255399202,44.2035985950228
2015-07-13 03:00:00,30,186.629862283176,458.143972326768,109.189518853611,43.6492933411919
2015-07-13 04:00:00,30,153.478904223333,391.806790072694,93.0402975246314,43.2253793664458
2015-07-13 05:00:00,30,167.218448532926,526.248231223838,99.1517108099824,36.6436947035042
2015-07-13 06:00:00,30,164.615347504652,525.192012487725,97.516177758897,36.3283967794677
2015-07-13 07:00:00,30,171.551622327257,464.456201478826,88.3295938724105,29.1382028229111
2015-07-13 08:00:00,30,183.798974661245,385.059278462728,90.9619855632791,32.8815794530949
2015-07-13 09:00:00,30,185.221997184317,419.280698015155,98.79745264992,40.4504698070605
2015-07-13 10:00:00,30,136.063515248977,479.373338820589,83.8646304297482,31.7338331324234
2015-07-13 11:00:00,30,171.633078237093,456.885135235881,104.563008736409,30.2233840052925
2015-07-13 12:00:00,30,193.021879177326,445.526695129183,88.5244338927986,49.8087414971107
2015-07-13 13:00:00,30,176.404856451959,491.028723655207,109.823528076195,41.0365274944041
2015-07-13 14:00:00,30,162.802763351534,464.425967870874,106.395814636866,46.6506387384224
2015-07-13 15:00:00,30,180.351752090717,432.280572863,88.90068505324,31.1499846738992
2015-07-13 16:00:00,30,173.380930783785,383.919282808418,98.6965492139297,42.0087099784274
2015-07-13 17:00:00,30,180.38995555981,428.485155747266,90.4407437297458,38.3104523960005
2015-07-13 18:00:00,30,167.704515537851,437.08593001294,90.0013675085903,37.8183570628822
2015-07-13 19:00:00,30,145.914907571172,455.622850085541,103.532178937826,34.740762523356
2015-07-13 20:00:00,30,172.184981587943,402.233714300669,91.9021298641313,45.9195355451741
2015-07-13 21:00:00,30,193.02997464067,448.431241566954,94.073676571588,40.7772117030218
2015-07-13 22:00:00,30,161.875532780034,392.761918762551,92.8640657056639,41.5431810213355
2015-07-13 23:00:00,30,177.163660869718,434.010323492306,91.6688682238707,41.2666532600246
2015-07-14 00:00:00,30,152.794536451561,424.441667210148,77.2359326215114,35.3457433437213
2015-07-14 01:00:00,30,157.174829826983,478.178555932422,99.7018431418409,39.8519123736422
2015-07-14 02:00:00,30,171.261485912313,486.504977050613,84.660380467902,39.6585357909852
2015-07-14 03:00:00,30,159.535908709232,440.600510392511,101.415048891263,47.6906965842779
2015-07-14 04:00:00,30,161.781505475683,476.015429147053,83.6329354383138,36.0155309896276
2015-07-14 05:00:00,30,172.453953389423,471.187162699455,85.2613645093894,42.3670587168529
2015-07-14 06:00:00,30,173.400541301393,400.522849519139,89.6777390882326,42.18352476377
2015-07-14 07:00:00,30,168.564057788653,499.995597041103,102.496351322819,39.3194277845559
2015-07-14 08:00:00,30,168.046482867331,434.551784502677,108.53775710813,36.9880253726881
2015-07-14 09:00:00,30,164.063403491503,539.559821455104,102.625142292111,37.8546160533472
2015-07-14 10:00:00,30,196.510052169706,462.134491353931,117.881371647976,32.9003014814312
2015-07-14 11:00:00,30,187.049134702504,384.454227178875,99.676674801537,36.90744115397
2015-07-14 12:00:00,30,167.667842658776,483.457160103666,116.345421076897,39.7512886160332
2015-07-14 13:00:00,30,150.967064953754,467.498876091242,95.9229372360607,43.4623475095056
2015-07-14 14:00:00,30,186.721592078475,502.751045049218,102.298231260651,33.386823852627
2015-07-14 15:00:00,30,166.234135908236,339.581103997407,86.8683907171776,36.7311689533115
2015-07-14 16:00:00,30,156.085303662474,461.169263277706,102.190897830598,36.8199997767089
2015-07-14 17:00:00,30,157.933941127946,459.97755375001,82.2297004141058,45.4466233931961
2015-07-14 18:00:00,30,158.787362969128,434.820645502393,96.5423586467428,33.3159353261466
2015-07-14 19:00:00,30,161.775256560193,432.238843843744,96.8749267800606,40.1533892735316
2015-07-14 20:00:00,30,187.756722680693,427.548454577527,93.2158340024468,47.9737059265779
2015-07-14 21:00:00,30,146.111144062522,451.233937752731,90.9754787846422,40.0989005736454
2015-07-14 22:00:00,30,148.578594310979,452.281283538501,96.3966412158899,39.3757177865212
2015-07-14 23:00:00,30,181.327921167443,453.672711619363,87.8381481652606,36.2061970215495
2015-07-15 00:00:00,30,184.374171502422,422.862306083194,97.7185840007678,35.2984448633805
2015-07-15 01:00:00,30,148.770113008164,394.487935239186,110.422402781267,44.5428899430406
2015-07-15 02:00:00,30,190.587479069406,441.539179068211,107.733186689373,33.6856194416283
2015-07-15 03:00:00,30,174.104927561178,470.73938022367,81.4271031246141,32.4714721061681
2015-07-15 04:00:00,30,164.247135119098,397.884305711333,81.9614812531884,36.7695515054552
2015-07-15 05:00:00,30,194.902180778036,502.57855181182,87.0534321687415,35.9551973173842
2015-07-15 06:00:00,30,168.578945069758,565.212430041545,106.408598147816,43.7215495092014
2015-07-15 07:00:00,30,175.956086286098,438.857600613985,108.295406395238,40.4922320720128
2015-07-15 08:00:00,30,182.800881951214,418.403805502669,112.288085528514,39.6405231508537
2015-07-15 09:00:00,30,152.987915770405,500.250362662209,101.182087328318,30.3091525046415
2015-07-15 10:00:00,30,165.724807970403,385.152203249541,92.1781278665783,41.4750700980677
2015-07-15 11:00:00,30,156.790362641988,472.361775552063,87.3956959694755,32.2801425852327
2015-07-15 12:00:00,30,170.984628157174,440.579220672705,102.470108059157,35.9248250956608
2015-07-15 13:00:00,30,156.323409445405,571.628889525741,106.494492000878,45.396400044868
2015-07-15 14:00:00,30,199.382834652219,414.225757948152,91.7144099926327,39.3374669695421
2015-07-15 15:00:00,30,154.634953866592,488.862782560493,94.9871471187995,36.6771471387859
2015-07-15 16:00:00,30,159.642018699835,434.171703594389,98.7559561142567,43.8667157485207
2015-07-15 17:00:00,30,148.401828269829,502.651481493775,84.2214826703656,33.6426089373176
2015-07-15 18:00:00,30,183.55979029278,430.683716511246,97.2270883484213,44.5970513093274
2015-07-15 19:00:00,30,171.634102865659,442.669532136113,114.864848468622,43.2307002611216
2015-07-15 20:00:00,30,176.651796346734,367.474398426874,105.085744313567,38.892337564844
2015-07-15 21:00:00,30,166.626890649987,368.33142208544,95.8022406753364,34.6406943415122
2015-07-15 22:00:00,30,196.101124470098,494.311247549445,99.8247708475278,36.2181637266688
2015-07-15 23:00:00,30,183.53079504982,470.200385630416,110.443512547485,47.037474382849
2015-07-16 00:00:00,30,180.554775272302,516.692231094114,87.2555247855096,37.0485521409762
2015-07-16 01:00:00,30,155.099268764713,354.151776242271,116.844968081878,39.0269552504378
2015-07-16 02:00:00,30,191.377517431781,380.275850113326,118.340490938845,43.3056320884936
2015-07-16 03:00:00,30,168.885656641857,463.834112354633,97.3211827973447,46.340044434187
2015-07-16 04:00:00,30,171.023055220174,458.800786314854,102.099612259027,38.4289917815357
2015-07-16 05:00:00,30,170.784614037586,496.772178217435,92.8981748841634,47.8544074900024
2015-07-16 06:00:00,30,141.959270926794,434.421929079468,119.407085546671,41.2587384470762
2015-07-16 07:00:00,30,168.386395833528,416.503561139999,115.712279311942,31.7749229299096
2015-07-16 08:00:00,30,169.417765739879,465.687566640392,83.8283426035326,39.6440797697851
2015-07-16 09:00:00,30,169.458517057225,383.466429867422,91.2657226572708,44.4104387464109
2015-07-16 10:00:00,30,144.811129706035,404.276226971895,103.861207377755,39.5273233355869
2015-07-16 11:00:00,30,158.908025324694,428.247820123298,120.122287334606,41.6999704231367
2015-07-16 12:00:00,30,183.705889947553,497.252698939382,92.2246432802421,40.1404650222722
2015-07-16 13:00:00,30,173.595022565288,423.55614847236,114.237253882482,40.2525803102781
2015-07-16 14:00:00,30,171.265638232335,439.933500435004,95.62770537476,38.4986926382859
2015-07-16 15:00:00,30,161.212738310799,439.894402201343,94.6968921371266,44.5407708730443
2015-07-16 16:00:00,30,184.874186284856,384.791579184438,100.246461875845,38.2699374128189
2015-07-16 17:00:00,30,176.645269064913,413.968665981353,93.6522500146414,43.2352453600045
2015-07-16 18:00:00,30,177.005413993499,428.578985325069,111.548524238057,37.9619561455946
2015-07-16 19:00:00,30,173.372358032797,448.816601058148,95.0090187586663,37.3159041056264
2015-07-16 20:00:00,30,158.302057474683,447.438010737915,114.207372236327,39.6226503417704
2015-07-16 21:00:00,30,193.048503428266,365.947456912198,90.988787373677,35.3475482146297
2015-07-16 22:00:00,30,203.679612362151,402.130940071128,108.752424040611,45.9741677802038
2015-07-16 23:00:00,30,154.976308215266,394.286247572124,108.262979887178,39.4653712193175
2015-07-17 00:00:00,30,178.68615876043,422.790571009702,98.2061587191939,39.6348343208135
2015-07-17 01:00:00,30,173.847320013207,384.457559454412,102.134629419363,46.1208536149524
2015-07-17 02:00:00,30,191.765097884076,262.653011761906,102.541365195319,37.0606629762489
2015-07-17 03:00:00,30,194.673649382216,360.976100779059,115.890585780337,42.6854909914192
2015-07-17 04:00:00,30,157.944800978625,334.746934326358,119.904453530755,48.2239391228754
2015-07-17 05:00:00,30,162.857750053829,358.694668844172,106.952793069224,43.2055723633147
2015-07-17 06:00:00,30,160.987115568797,414.609476653993,100.046714925856,32.7591427691379
2015-07-17 07:00:00,30,172.112394562101,404.940304556008,96.360951482821,32.1637125501824
2015-07-17 08:00:00,30,131.423925754609,322.603462757412,105.716367839596,41.9832252764535
2015-07-17 09:00:00,30,168.502200161978,325.099460313395,110.397265958274,28.6029680586505
2015-07-17 10:00:00,30,171.017279333682,428.522841888664,86.1151212053392,36.9666810319042
2015-07-17 11:00:00,30,165.250034110762,401.441506876805,109.711809272212,42.7636719942774
2015-07-17 12:00:00,30,176.223078011085,266.705079615427,107.472981168768,42.0301402863617
2015-07-17 13:00:00,30,200.24143885732,455.925087123369,94.8182575912151,44.8493317861376
2015-07-17 14:00:00,30,173.480439403265,336.874697337841,96.9902065808642,45.4957895427105
2015-07-17 15:00:00,30,160.452204066832,403.4402186241,110.971558930404,36.5316507653761
2015-07-17 16:00:00,30,184.486961680091,283.043124980103,98.6270986249732,37.2425198673379
2015-07-17 17:00:00,30,168.96643064708,431.098481522568,86.022935403095,33.689426730822
2015-07-17 18:00:00,30,148.395653867706,444.957837784781,98.9184262455672,37.4540556997478
2015-07-17 19:00:00,30,164.257096937331,427.813325091089,96.7478263088818,37.030497837202
2015-07-17 20:00:00,30,147.623668380501,362.294377325684,93.2464650365527,37.3411924831946
2015-07-17 21:00:00,30,160.674523242654,371.200908524484,121.523519310709,54.3164692037667
2015-07-17 22:00:00,30,155.303357490626,299.307600947925,97.0497245014832,42.5245848159897
2015-07-17 23:00:00,30,187.748528499563,386.16053156447,103.075478553241,43.5954834322021
2015-07-18 00:00:00,30,157.797652632084,355.229221546067,96.1678854334403,41.6560534494776
2015-07-18 01:00:00,30,167.018867385824,304.449103010357,84.9873809282471,37.6807243010329
2015-07-18 02:00:00,30,175.009899039924,387.77615501694,103.994115859735,41.9904493949396
2015-07-18 03:00:00,30,163.476147610086,357.297673983786,101.364285475607,33.7876622312489
2015-07-18 04:00:00,30,173.662285353093,401.60952561687,99.067763013865,45.2925353855639
2015-07-18 05:00:00,30,168.18706953532,413.472000355807,100.419650905539,44.9859751894269
2015-07-18 06:00:00,30,160.777488683676,332.212955877643,109.039111751381,35.6518495220782
2015-07-18 07:00:00,30,164.149076053158,439.633581880195,123.524973898901,38.1785804670456
2015-07-18 08:00:00,30,144.136589227291,338.510494389779,117.924970258363,46.218443744422
2015-07-18 09:00:00,30,150.216253612417,276.786379453992,100.134482846934,41.6254586621981
2015-07-18 10:00:00,30,168.563154051452,424.20664876278,126.858466376827,42.1905972396269
2015-07-18 11:00:00,30,176.303511274887,344.778405928689,104.354047556794,42.9227649234015
2015-07-18 12:00:00,30,190.901972392642,349.89577050043,116.139022916151,46.0969687621121
2015-07-18 13:00:00,30,172.060362109269,359.017401901678,78.0462462216858,41.5608998979207
2015-07-18 14:00:00,30,161.074387395548,386.940931756524,101.142147439562,41.0392728658042
2015-07-18 15:00:00,30,165.496281903793,335.244801418829,79.4748865187422,36.6822662558967
2015-07-18 16:00:00,30,145.773340540662,377.250549370905,103.662250178618,38.1838200802387
2015-07-18 17:00:00,30,173.607108705645,397.10972436105,84.4434601062665,40.5485401902214
2015-07-18 18:00:00,30,164.611365275671,428.983825539884,97.8440735311906,38.864509441468
2015-07-18 19:00:00,30,153.900407004556,418.889312312421,95.8256234586292,28.6321921111225
2015-07-18 20:00:00,30,160.694345010503,383.66983189382,98.9785252056694,43.0575157647442
2015-07-18 21:00:00,30,164.09209119409,442.160895011711,102.443187668243,41.7039006472095
2015-07-18 22:00:00,30,205.165323742674,506.770913552314,100.427597308795,43.6749646400222
2015-07-18 23:00:00,30,144.352251744449,411.161612169874,96.6713991587686,45.3984007778437
2015-07-19 00:00:00,30,188.42652650466,398.631390316469,123.324639381288,35.5754103692169
2015-07-19 01:00:00,30,164.166312573307,408.701009252985,98.6249304574508,47.8148556067534
2015-07-19 02:00:00,30,153.780604866386,425.676867219371,96.8889766768932,35.3897870501355
2015-07-19 03:00:00,30,178.599756719391,437.999444282244,90.9899357524663,39.6952209038938
2015-07-19 04:00:00,30,161.74859835465,456.473493327364,90.0408206662505,42.0125371071744
2015-07-19 05:00:00,30,152.267286545549,441.928879597033,115.832197843236,40.7570531516049
2015-07-19 06:00:00,30,174.104547879785,438.974355788562,98.6447525685564,46.2069910437874
2015-07-19 07:00:00,30,162.208555947154,452.849102283637,92.6744707409739,40.904236601028
2015-07-19 08:00:00,30,159.198778653938,471.340076806781,100.4314959836,36.7541213582134
2015-07-19 09:00:00,30,196.53007324846,542.993932676124,124.309713339683,40.9837523183927
2015-07-19 10:00:00,30,194.385555276276,391.876981788371,108.908409908244,48.865337870459
2015-07-19 11:00:00,30,185.048079258416,433.979862769495,88.9662719598686,38.5051005106363
2015-07-19 12:00:00,30,171.650452136376,421.296590531125,107.59500544553,55.0761794462646
2015-07-19 13:00:00,30,153.241374066167,510.553081635043,90.3122124912016,34.0973693953016
2015-07-19 14:00:00,30,189.415109107188,530.24609430154,107.521835650644,34.3143233476109
2015-07-19 15:00:00,30,162.340580205417,485.872017468632,103.625794614754,43.0684213547839
2015-07-19 16:00:00,30,164.595501579226,420.062750273575,110.550815748543,39.4232270853874
2015-07-19 17:00:00,30,173.55781030644,465.420133075209,116.274379936045,44.1716699471994
2015-07-19 18:00:00,30,165.125825981457,444.403801766674,95.4905304032162,27.1866583220924
2015-07-19 19:00:00,30,164.319472642499,496.362833392455,87.8739890589121,40.5939958972846
2015-07-19 20:00:00,30,188.943832683903,402.503558239343,107.34152361114,40.155751421201
2015-07-19 21:00:00,30,145.553870451512,402.383560881206,90.5229189313946,43.7154153774308
2015-07-19 22:00:00,30,180.895832957381,373.017913021765,96.9057702718277,35.8976351141051
2015-07-19 23:00:00,30,165.506983820287,355.160160924647,101.763275704251,38.576829919461
2015-07-20 00:00:00,30,179.511452464967,481.267706069431,102.514307407474,32.8558104874256
2015-07-20 01:00:00,30,169.784524264558,463.314892443051,101.596414923995,38.1941801537119
2015-07-20 02:00:00,30,172.717389369943,497.667445861439,107.123094869307,44.1890003617266
2015-07-20 03:00:00,30,175.330488850782,467.759489209437,95.5479984936755,35.7869872738312
2015-07-20 04:00:00,30,149.563299744922,412.407529019414,110.81591371033,39.031217618953
2015-07-20 05:00:00,30,198.072880554439,472.022261550499,98.9989387933825,33.5449767225177
2015-07-20 06:00:00,30,181.149733362758,403.484630956171,99.0275921689238,35.3968341831472
2015-07-20 07:00:00,30,172.966609262847,532.705909873852,102.317829649089,44.0912436692666
2015-07-20 08:00:00,30,177.359494304896,472.414862129912,103.765330517817,50.5038513687941
2015-07-20 09:00:00,30,159.366794277065,423.331270790593,105.569165849453,38.6560186334867
2015-07-20 10:00:00,30,154.198247033963,447.002467105761,84.6952024413732,46.3991645808577
2015-07-20 11:00:00,30,170.531447324994,500.961044183103,107.292468446793,38.5349506435878
2015-07-20 12:00:00,30,168.837327920433,405.972507988481,109.58338981472,37.1646351778517
2015-07-20 13:00:00,30,180.274315091053,419.866189184262,101.171676845909,46.5588595302345
2015-07-20 14:00:00,30,154.71982557594,522.96891109154,117.46132698255,38.8519027924743
2015-07-20 15:00:00,30,170.423681782389,456.918203810737,92.1893283947649,43.4391282703043
2015-07-20 16:00:00,30,130.129667525067,462.902547932184,118.749988151031,42.2846428433111
2015-07-20 17:00:00,30,189.392899717641,332.668465789722,82.9710518112036,36.4272023124609
2015-07-20 18:00:00,30,157.034935292652,442.967625549725,101.429042482237,40.183805242088
2015-07-20 19:00:00,30,179.442895501125,536.724777691997,99.4200152243679,31.0107687177524
2015-07-20 20:00:00,30,158.269342822243,437.767812833223,97.56334888593,34.8061467021525
2015-07-20 21:00:00,30,161.573575847948,551.887885779958,118.230860287701,38.7488649292725
2015-07-20 22:00:00,30,152.313060442909,541.669427506195,83.480314567305,43.4409352483576
2015-07-20 23:00:00,30,182.525924349215,391.575740964358,103.910874432735,33.8587538671551
2015-07-21 00:00:00,30,177.747078054425,384.95941323147,105.142259582902,36.5046806533025
2015-07-21 01:00:00,30,163.132850831257,400.675338223682,98.4900027943657,46.1741586551439
2015-07-21 02:00:00,30,173.032618652242,417.341486082128,101.636949881934,43.6947843257762
2015-07-21 03:00:00,30,141.992525333434,439.568437008713,107.453100593226,36.7412048150267
2015-07-21 04:00:00,30,184.901430811907,439.418121121047,93.8662016803909,37.7365667235731
2015-07-21 05:00:00,30,164.353723760709,440.038799402835,98.2723197134077,44.3584196443278
2015-07-21 06:00:00,30,178.490385982589,424.679676446794,83.8076511167535,47.2407007386363
2015-07-21 07:00:00,30,183.041655455656,490.512534639992,115.726672125357,36.6697342314922
2015-07-21 08:00:00,30,179.235471133657,400.91996881942,99.286988124273,33.0785134596847
2015-07-21 09:00:00,30,148.611371655281,424.036595659139,101.660688081576,42.9644739504539
2015-07-21 10:00:00,30,173.251955063849,438.749915634619,104.879444651448,31.7940422961931
2015-07-21 11:00:00,30,173.817170188274,423.291078403097,101.168954198928,35.1398756377725
2015-07-21 12:00:00,30,142.698879784423,474.905226989466,105.970843040108,42.6944497330254
2015-07-21 13:00:00,30,164.290267729173,397.175338169716,89.6678322366533,43.9056247888432
2015-07-21 14:00:00,30,188.859634350221,463.765193536652,106.421750209731,34.8297584409776
2015-07-21 15:00:00,30,162.605670582641,432.918693049825,83.7448445824047,37.5335422804328
2015-07-21 16:00:00,30,167.889174367824,414.327038358492,104.029239636026,44.6895421317937
2015-07-21 17:00:00,30,155.928878555385,506.197361416949,91.5282240086024,29.7356609487089
2015-07-21 18:00:00,30,186.194983431771,478.233941141126,110.687819096903,38.1111663000699
2015-07-21 19:00:00,30,185.680618910924,448.022950451148,90.5613801553022,28.9182972385315
2015-07-21 20:00:00,30,161.523157608392,510.858886843771,119.869330674534,39.5564315499334
2015-07-21 21:00:00,30,155.752599597487,407.47093170247,100.861782898709,33.6322221093674
2015-07-21 22:00:00,30,178.823649598471,486.580933036349,106.614444703373,40.768781748352
2015-07-21 23:00:00,30,179.083631302006,340.117016155452,103.288588349695,36.9607156885949
2015-07-22 00:00:00,30,175.823881478885,504.372403156481,107.988333657562,36.7181524203598
2015-07-22 01:00:00,30,151.84804063946,498.691036291096,107.560654080778,37.8517519430218
2015-07-22 02:00:00,30,172.48585714082,610.992607667253,108.169939773744,34.5114343277057
2015-07-22 03:00:00,30,214.584434773389,472.857083826126,100.968792677753,45.1026734655065
2015-07-22 04:00:00,30,184.310327971512,409.09665589065,97.3179314879093,51.3615149893246
2015-07-22 05:00:00,30,162.167103059464,518.571960037461,81.0009569900837,37.6912649504643
2015-07-22 06:00:00,30,171.437933722745,387.083456061104,117.820099876814,41.6927911760735
2015-07-22 07:00:00,30,160.950065944274,328.463679682283,108.689790048506,34.0807304054244
2015-07-22 08:00:00,30,151.74743885322,551.301122733964,92.4276696028446,37.1416092353335
2015-07-22 09:00:00,30,170.745475799265,520.762698344779,101.579119542521,41.9639797569135
2015-07-22 10:00:00,30,179.063399956015,471.71399785094,89.8041645277735,41.5861851105179
2015-07-22 11:00:00,30,156.675121880608,405.248424184461,98.1283433238698,46.7254087286464
2015-07-22 12:00:00,30,165.961038335062,504.234018525736,99.5037155874402,38.8590884405642
2015-07-22 13:00:00,30,161.147966945101,574.193619894558,111.731971224813,40.0499920493961
2015-07-22 14:00:00,30,159.506818718901,443.589497922707,104.475493876381,37.4412432446756
2015-07-22 15:00:00,30,176.028011666811,451.376149395092,92.3811700377362,38.4739124024966
2015-07-22 16:00:00,30,165.096915105117,408.659808038413,94.4090878562452,40.0954216328222
2015-07-22 17:00:00,30,172.943287757754,469.576021521722,87.5694159375053,36.5465674954061
2015-07-22 18:00:00,30,177.271058332174,413.834395125942,104.616263252647,46.1014124898464
2015-07-22 19:00:00,30,188.324084778461,523.894976454391,89.3422300174243,24.3748966028779
2015-07-22 20:00:00,30,186.473674276185,399.830361809809,98.0726697788388,43.2399014338732
2015-07-22 21:00:00,30,156.983826316919,500.289610287422,93.9847497918843,32.7720196238586
2015-07-22 22:00:00,30,192.476982164894,481.953106119861,95.3588423939402,41.489154704419
2015-07-22 23:00:00,30,169.499864792001,536.444312102024,90.3785850411227,43.0625841523635
2015-07-23 00:00:00,30,170.475117511643,413.285117648559,116.872994900772,41.2956877193723
2015-07-23 01:00:00,30,195.572265241033,467.084031683202,85.8604993383678,47.0001435320858
2015-07-23 02:00:00,30,162.821369493165,429.997687352091,99.7679303244911,39.5945535762967
2015-07-23 03:00:00,30,152.300549065925,451.725701094645,93.5571291866543,46.0177480773583
2015-07-23 04:00:00,30,159.87298569871,409.692231381863,98.9396511555809,40.4081603081132
2015-07-23 05:00:00,30,155.984682704073,402.408653412713,106.716288578041,29.0438165552101
2015-07-23 06:00:00,30,160.025537342689,399.997538227631,82.660244869522,46.5586061877279
2015-07-23 07:00:00,30,166.285844803476,466.343120556731,108.80608017489,43.7796951286163
2015-07-23 08:00:00,30,160.701234980844,594.368276758126,78.4742900232557,49.8714845600235
2015-07-23 09:00:00,30,173.373377380131,473.527375726755,94.7157911422234,28.5175793762461
2015-07-23 10:00:00,30,176.536072666367,446.570755372566,131.217713010141,49.8337792489413
2015-07-23 11:00:00,30,164.844118953836,499.962660138139,88.3466986345278,41.8311025663832
2015-07-23 12:00:00,30,156.555886780629,523.664424228168,93.1244610329505,35.8819559144421
2015-07-23 13:00:00,30,177.381868870356,559.553248192395,102.22048052247,46.1599734989489
2015-07-23 14:00:00,30,154.982350046192,437.087616142593,110.96651354856,40.1958033020084
2015-07-23 15:00:00,30,168.202860361963,404.524356886997,87.3342291804576,40.5137006216651
2015-07-23 16:00:00,30,160.955768502012,435.472958995633,100.76514611635,47.6768079697522
2015-07-23 17:00:00,30,171.986379967278,538.1482940639,85.7449193780509,36.2019222022837
2015-07-23 18:00:00,30,171.211783232066,424.957327457498,117.263258419048,41.1420426589697
2015-07-23 19:00:00,30,148.226966154244,410.923520908538,103.720447864468,42.0633342416645
2015-07-23 20:00:00,30,171.5638456436,485.368117332212,113.302899626472,33.694309348684
2015-07-23 21:00:00,30,183.245702801699,555.421542302536,109.542850497807,43.4500577674707
2015-07-23 22:00:00,30,152.787891635759,420.191840630815,113.235345483904,34.840755346017
2015-07-23 23:00:00,30,159.13255554957,538.659295521015,99.1079025005097,43.917131224599
2015-07-24 00:00:00,30,161.189266116724,409.815313240564,121.017656567124,41.2643511698989
2015-07-24 01:00:00,30,133.134268174832,471.637892561033,103.313788507398,43.1665437368198
2015-07-24 02:00:00,30,191.992864014177,453.617435472743,107.073277889302,32.2679643208802
2015-07-24 03:00:00,30,161.117339550775,463.588803812356,100.721648028894,40.5404485932024
2015-07-24 04:00:00,30,177.708507924372,398.130391685369,93.6260482590067,42.0828560534566
2015-07-24 05:00:00,30,184.673759650438,441.3518322781,114.118268606938,44.8173608478124
2015-07-24 06:00:00,30,194.877119991396,471.584635138592,96.0591665004751,38.3250670029317
2015-07-24 07:00:00,30,158.203480291708,315.880165083477,94.9386092687987,31.5898325272198
2015-07-24 08:00:00,30,163.984437211903,413.46255750825,103.135201950797,36.1391574333538
2015-07-24 09:00:00,30,163.290080593488,530.352217909685,98.5789842222793,39.3909628279613
2015-07-24 10:00:00,30,201.335074179483,355.279679759272,116.89723628086,29.1259013772412
2015-07-24 11:00:00,30,176.441029632879,391.72000198796,107.723525481529,32.9896748373824
2015-07-24 12:00:00,30,172.802981395576,459.760666438321,94.9152244563356,49.565589260432
2015-07-24 13:00:00,30,190.907994969039,505.814306841173,80.7575780020569,41.796500464031
2015-07-24 14:00:00,30,140.455164705876,525.52045485336,100.123395674136,40.4590242787429
2015-07-24 15:00:00,30,175.588160570411,556.67779057674,113.590196462704,44.8522959864668
2015-07-24 16:00:00,30,149.674704978068,455.929314926851,91.7986036806107,39.8367920833223
2015-07-24 17:00:00,30,192.291592769693,438.798215968832,102.249305531496,39.1769869670426
2015-07-24 18:00:00,30,188.744349092955,474.134496771614,97.7138572778931,32.528711821719
2015-07-24 19:00:00,30,174.809970380219,450.890020411809,83.0536517649495,39.0931128812663
2015-07-24 20:00:00,30,168.455159980235,458.724251468085,106.792487524447,35.1247808377377
2015-07-24 21:00:00,30,178.382117796034,440.924316255671,103.827333942625,42.6912886605722
2015-07-24 22:00:00,30,167.640059104618,410.013125630645,100.97948069451,35.7329016045353
2015-07-24 23:00:00,30,203.57186542758,475.149062777113,84.0779392257267,36.8500009416716
2015-07-25 00:00:00,30,162.350752801953,481.294957748689,98.950364586184,41.1479219555591
2015-07-25 01:00:00,30,160.770413291628,430.342923988428,88.2495640978495,43.892979984936
2015-07-25 02:00:00,30,164.736038715618,417.966043154279,108.424623299873,34.2668179067772
2015-07-25 03:00:00,30,169.695305616466,320.824654366342,99.6538420585551,44.4113542466193
2015-07-25 04:00:00,30,148.538168950038,514.539623285561,104.499155891797,33.5200456641927
2015-07-25 05:00:00,30,159.259066143605,452.708281392764,124.541943512938,32.816802416597
2015-07-25 06:00:00,30,197.7531162555,391.559353074641,101.043359463294,31.0206830675923
2015-07-25 07:00:00,30,144.229246470186,317.977460872352,104.09888146107,36.3917546081155
2015-07-25 08:00:00,30,196.344901054841,417.709522411008,103.73575656699,33.3994023523744
2015-07-25 09:00:00,30,179.857662240465,443.697478954324,98.3154407863095,45.2000621109604
2015-07-25 10:00:00,30,163.216781090973,515.071293413409,102.467853819911,40.2450441937541
2015-07-25 11:00:00,30,171.03167218086,440.840679709235,100.99143460239,47.3361995095005
2015-07-25 12:00:00,30,169.250596555279,471.59254673247,96.5347498248913,39.3989105802052
2015-07-25 13:00:00,30,152.959730164554,424.706721999201,91.4943500503819,32.4623142401197
2015-07-25 14:00:00,30,184.396940936263,446.629294533721,103.715304812817,44.6180678111319
2015-07-25 15:00:00,30,157.411584022087,453.66055400586,92.9725686344929,36.7054401898953
2015-07-25 16:00:00,30,169.315410110995,417.738900186031,103.76939056742,46.89674896259
2015-07-25 17:00:00,30,171.787092852396,504.306562768613,109.467181771842,40.4920177096618
2015-07-25 18:00:00,30,186.17690957044,424.8329467938,103.170349110869,38.1507530332754
2015-07-25 19:00:00,30,178.067190866515,508.547754384645,113.815376450437,49.0221846069246
2015-07-25 20:00:00,30,160.844903959739,455.594722140607,92.2472563640388,43.1867809014543
2015-07-25 21:00:00,30,155.551899967286,473.180990597261,91.2597488571011,40.8971857963543
2015-07-25 22:00:00,30,169.043869060769,499.383744847717,94.5877034050528,34.7425793688301
2015-07-25 23:00:00,30,180.695628379828,521.715299177225,116.502263449546,46.3992451049956
2015-07-26 00:00:00,30,185.346275928055,461.744462469271,96.5457603196512,42.6374953171363
2015-07-26 01:00:00,30,164.448722994046,509.362722801805,105.918760523005,35.8163054690821
2015-07-26 02:00:00,30,156.563835165345,459.037672797759,85.8821480315131,47.6220666499733
2015-07-26 03:00:00,30,147.357596823803,349.520498351493,115.458787402428,38.4106885264922
2015-07-26 04:00:00,30,172.171867487147,505.665184138403,105.711502198568,51.4423152611958
2015-07-26 05:00:00,30,189.654681976652,433.217648881268,83.4859126841293,40.101135334106
2015-07-26 06:00:00,30,185.386945873826,494.711445006402,101.604843573692,44.2862989601094
2015-07-26 07:00:00,30,187.630102114149,517.805528059142,96.6458360559827,33.5722072499505
2015-07-26 08:00:00,30,208.552582005503,413.828389736466,88.7286450708052,42.72366472952
2015-07-26 09:00:00,30,206.520505712612,465.232723004112,101.520146262066,38.7471227794641
2015-07-26 10:00:00,30,194.768018229243,470.788213668991,105.207512730848,36.5629104286493
2015-07-26 11:00:00,30,203.377255574105,488.645229684891,105.7702001601,47.5766800939727
2015-07-26 12:00:00,30,195.166048730072,422.907136077905,86.9437681551143,40.9455895318092
2015-07-26 13:00:00,30,219.563041898498,416.852386386257,102.050882405381,35.4041578202454
2015-07-26 14:00:00,30,192.615299886607,458.838796658955,90.0135743046185,39.5277367996402
2015-07-26 15:00:00,30,189.094048069397,421.745586388081,102.637913715298,38.5527846940836
2015-07-26 16:00:00,30,192.683522065541,463.438962778954,85.8676938441214,38.604699482903
2015-07-26 17:00:00,30,192.514670795473,389.281008284699,114.328531597375,55.9635967260626
2015-07-26 18:00:00,30,185.625812552953,483.96648844423,103.544088127187,34.4955302851109
2015-07-26 19:00:00,30,185.018731247209,464.23064977331,108.105549295597,41.8403405978754
2015-07-26 20:00:00,30,187.40630815645,502.070900433906,93.1234192463576,40.6304141239752
2015-07-26 21:00:00,30,192.015733948186,447.66490093643,119.216870740579,27.984075021196
2015-07-26 22:00:00,30,177.710161218056,479.070785901321,84.3315378844482,37.6563211250054
2015-07-26 23:00:00,30,200.986429965945,498.745261704281,120.699456700806,33.0667928673472
2015-07-27 00:00:00,30,167.761436843392,454.995624165673,98.7560415788745,39.0457764459165
2015-07-27 01:00:00,30,189.84202979896,403.069292595998,94.8348386217918,38.4588497396411
2015-07-27 02:00:00,30,182.605056115158,476.096798792102,110.321408071561,36.1936787559272
2015-07-27 03:00:00,30,198.155775877314,447.199327559137,88.5107312592947,37.8305288815343
2015-07-27 04:00:00,30,170.267830803519,509.664366570346,95.4089514807231,32.2827473819112
2015-07-27 05:00:00,30,197.618452387765,441.907005392347,108.958217831701,33.2662573958918
2015-07-27 06:00:00,30,179.67216236589,476.322551731882,87.3630952574971,33.6710029165769
2015-07-27 07:00:00,30,209.142834726892,455.096083804189,102.469999503944,44.2306134124895
2015-07-27 08:00:00,30,188.235921296156,491.464822035944,85.1016582690999,33.1925724422926
2015-07-27 09:00:00,30,191.906619551818,427.388981157899,93.0126993871746,44.6311188344167
2015-07-27 10:00:00,30,184.585274767523,431.693821785254,106.544816692249,43.6089436802831
2015-07-27 11:00:00,30,174.34101095038,481.226689667554,108.976992860452,39.7454511991548
2015-07-27 12:00:00,30,191.361606841392,508.908243913114,84.7336655710069,36.0571709622545
2015-07-27 13:00:00,30,171.202522412224,423.568694509851,99.1670358817575,40.7422470734494
2015-07-27 14:00:00,30,192.292789547721,408.745780586504,96.8239231797698,41.8085805610682
2015-07-27 15:00:00,30,183.256171316742,434.764927407504,102.967096490925,48.1052937601662
2015-07-27 16:00:00,30,191.357957505104,405.991719382717,111.13020682295,42.9903305076652
2015-07-27 17:00:00,30,196.445079906379,374.873135070671,110.886644137861,35.8601446610083
2015-07-27 18:00:00,30,189.306146933354,412.91340782046,106.328039523122,46.7046612848031
2015-07-27 19:00:00,30,175.904405277858,444.749725650663,100.199481579153,34.8121894136533
2015-07-27 20:00:00,30,163.180127558277,465.69640996593,102.196286401423,37.1205016933414
2015-07-27 21:00:00,30,196.579802578036,375.960401976445,80.7453376586611,32.3013754308656
2015-07-27 22:00:00,30,183.803208249784,534.397626587273,84.6330366917467,49.2712847306884
2015-07-27 23:00:00,30,174.826688709997,441.130944115489,108.583149751712,41.1568309379189
2015-07-28 00:00:00,30,195.226684284256,423.629050133798,109.700757675956,46.9697124884095
2015-07-28 01:00:00,30,207.074607543701,531.472297675448,93.1499827398665,33.0979692985067
2015-07-28 02:00:00,30,193.688186419408,430.38447755573,106.047125734252,41.3651195891173
2015-07-28 03:00:00,30,188.33036067739,391.991249610379,98.8080941904981,34.4031952105648
2015-07-28 04:00:00,30,183.472164683471,462.569014407636,88.9377057179641,39.4133752348844
2015-07-28 05:00:00,30,160.498932867385,368.085166326106,111.55120879679,45.9058637482193
2015-07-28 06:00:00,30,201.592396960873,507.423376274144,100.879873568229,38.0140644215324
2015-07-28 07:00:00,30,174.789944642802,453.533427042529,93.5517752722542,35.083591767831
2015-07-28 08:00:00,30,178.870708744363,381.492783487539,106.440828184198,36.4486987598148
2015-07-28 09:00:00,30,147.379884764721,411.123151569449,92.3756643509892,33.4603209646681
2015-07-28 10:00:00,30,202.649659847302,465.737676434435,95.7218933754596,42.5532063302993
2015-07-28 11:00:00,30,164.13105433895,391.269536347908,117.135332108639,42.7855639171653
2015-07-28 12:00:00,30,194.007505120211,438.244899880793,100.028824671607,34.4264632037474
2015-07-28 13:00:00,30,154.186445618805,467.896492193431,103.254819268662,44.0637243009798
2015-07-28 14:00:00,30,197.926726865176,501.350448030158,90.9765025119946,33.8585977542741
2015-07-28 15:00:00,30,174.75346568181,381.2337134366,97.0008136041096,46.8424846114679
2015-07-28 16:00:00,30,141.155172085218,428.342357262709,102.45551484431,44.3614497927285
2015-07-28 17:00:00,30,156.505837088421,393.801407992791,117.708654240345,37.1454020217968
2015-07-28 18:00:00,30,165.601316417916,562.326296795308,106.789591490096,37.0328969046706
2015-07-28 19:00:00,30,174.798504851124,405.204706502459,109.69492815282,35.9056396052582
2015-07-28 20:00:00,30,154.855927964061,484.971534329127,99.9727172252058,34.7175663558992
2015-07-28 21:00:00,30,166.007548973369,417.169747229688,101.049654237354,37.3357296730282
2015-07-28 22:00:00,30,169.814413328404,539.442618576567,115.013541085451,34.3895665347985
2015-07-28 23:00:00,30,183.946659868955,520.724848658688,99.4836944602135,43.5158649071559
2015-07-29 00:00:00,30,165.119037580201,477.084891492099,86.9284101868294,38.8074477032479
2015-07-29 01:00:00,30,159.58564875893,464.28920263976,100.534920946664,44.5319607388078
2015-07-29 02:00:00,30,158.59496888851,464.21251400817,85.1316841134181,41.3640906715703
2015-07-29 03:00:00,30,192.144453578597,434.82947875586,92.6034408393245,38.207297184586
2015-07-29 04:00:00,30,185.683856326322,432.798192663029,99.3804451057551,50.3492264104517
2015-07-29 05:00:00,30,150.460937293459,550.508661035592,107.551086335744,38.0976982865488
2015-07-29 06:00:00,30,172.774213639896,455.01724288176,102.280377738419,31.578025838163
2015-07-29 07:00:00,30,163.428327047931,422.072400366594,92.0460418706341,32.6338388534945
2015-07-29 08:00:00,30,174.36006704499,390.910082951982,91.6111996140762,40.0674006771091
2015-07-29 09:00:00,30,178.778881265786,480.392579001414,100.623993379297,34.3826958928592
2015-07-29 10:00:00,30,197.387462942388,490.805138966375,83.502303962478,30.9911715170737
2015-07-29 11:00:00,30,132.63615447027,460.153175586813,81.7139410256345,35.9947105696793
2015-07-29 12:00:00,30,171.086473902911,482.186593275478,113.933690846365,39.6009393773447
2015-07-29 13:00:00,30,169.917232619496,411.741324951552,102.306927722965,38.6719266471205
2015-07-29 14:00:00,30,179.131127433854,404.224290332174,100.128469221545,44.882595596943
2015-07-29 15:00:00,30,168.654110630131,455.267043856877,101.141012466247,43.4151450285984
2015-07-29 16:00:00,30,175.305012107813,476.492824098724,86.0592059657611,39.5290100305708
2015-07-29 17:00:00,30,159.990130239426,446.533987520129,93.3080724528668,42.2405487457051
2015-07-29 18:00:00,30,178.9318049057,520.231022422693,107.284807268132,33.6834122951977
2015-07-29 19:00:00,30,161.487713531723,403.041399773286,101.613684774179,37.4682914610579
2015-07-29 20:00:00,30,167.679634763101,537.778052104373,97.6074587301108,34.8102726150469
2015-07-29 21:00:00,30,158.865014455834,434.588846326123,112.87083188034,43.0647008357251
2015-07-29 22:00:00,30,174.796619570865,417.13100994287,106.654721854598,35.273219717892
2015-07-29 23:00:00,30,159.053937199005,425.931937149686,94.7365414372296,50.0212454275924
2015-07-30 00:00:00,30,168.20168783582,445.184566747038,102.900081599367,37.9429139796955
2015-07-30 01:00:00,30,150.614305081581,443.890243440103,97.6018371210776,45.7035613885061
2015-07-30 02:00:00,30,181.734933641427,421.390877947354,102.696736468049,40.5277864638599
2015-07-30 03:00:00,30,184.704635620344,481.401144968672,90.0106942714197,35.5700960969875
2015-07-30 04:00:00,30,176.993126643486,487.88772928077,89.4487413945865,42.6779136267313
2015-07-30 05:00:00,30,161.105864607957,518.019852047623,107.286718919115,33.8548882965027
2015-07-30 06:00:00,30,172.185480240341,491.81648562405,103.299570833079,37.3307869172551
2015-07-30 07:00:00,30,169.736262139364,398.185100248174,81.2317014903314,39.5531083391312
2015-07-30 08:00:00,30,173.946380789548,556.035974838204,100.991102687848,43.2508214806007
2015-07-30 09:00:00,30,163.038929452517,427.417386100495,96.0655332550188,31.8094191693069
2015-07-30 10:00:00,30,180.789550713951,416.46203747294,108.863575840057,36.8900423616405
2015-07-30 11:00:00,30,171.119913570058,430.232482220136,101.251103991381,40.7388096577366
2015-07-30 12:00:00,30,158.251522232831,435.626480686151,102.591630819823,34.5360713567116
2015-07-30 13:00:00,30,180.747176901214,378.832715948819,112.908192848517,34.2761502581947
2015-07-30 14:00:00,30,166.659770314501,463.152491637105,97.7890359962508,41.0014184741104
2015-07-30 15:00:00,30,189.174518435978,442.925360465002,82.945128748311,34.9018087046569
2015-07-30 16:00:00,30,150.120031785019,459.816598532628,103.846624508385,39.8021328328047
2015-07-30 17:00:00,30,167.137467050963,500.379756873791,86.8018464328304,31.4683452867578
2015-07-30 18:00:00,30,148.106692451759,428.199958269539,95.8890882159532,43.3682303176048
2015-07-30 19:00:00,30,169.028371795147,408.294324815664,99.6230270756565,34.8906437145108
2015-07-30 20:00:00,30,179.474120533054,489.213081125489,92.443331199584,42.9563324516842
2015-07-30 21:00:00,30,181.530132819257,424.404224209613,92.5064864098077,43.4111555733648
2015-07-30 22:00:00,30,171.005496468222,460.067360884087,93.7319740464388,47.4530050100626
2015-07-30 23:00:00,30,166.426730521283,454.42303169668,103.968511986723,43.4924335919239
2015-07-31 00:00:00,30,184.254912447494,535.181954039808,102.189851159463,46.7862451907662
2015-07-31 01:00:00,30,188.706517353603,467.160496894458,110.245411833233,37.0849506934293
2015-07-31 02:00:00,30,192.489808301289,433.118726507381,103.587273120555,37.4964680743662
2015-07-31 03:00:00,30,167.914568695782,436.79314982044,117.948648209798,40.4727115110353
2015-07-31 04:00:00,30,156.053602562839,404.468601792543,103.108994134536,32.4317456397902
2015-07-31 05:00:00,30,191.629647867289,375.845017376927,98.903749100973,39.8559164872433
2015-07-31 06:00:00,30,140.476454040942,307.620047279193,95.3283670721931,38.9355671484867
2015-07-31 07:00:00,30,155.408487353997,464.91746996115,106.75138985372,43.3685362200792
2015-07-31 08:00:00,30,153.550222902372,483.398893800221,99.1277283371688,46.8020463270683
2015-07-31 09:00:00,30,162.339130315811,423.398991821578,100.75617887732,40.766370828449
2015-07-31 10:00:00,30,175.70078841902,387.80011063963,95.3493750979553,46.5316981716269
2015-07-31 11:00:00,30,149.856878063673,560.528025312081,95.8526022944987,34.7097478760913
2015-07-31 12:00:00,30,151.024716774636,378.920411630189,93.1316848612386,40.8193776514984
2015-07-31 13:00:00,30,148.268043878348,404.815891397214,89.9750810721523,37.0826886790311
2015-07-31 14:00:00,30,202.165778922005,432.147855450131,97.8813184112189,39.5164465208406
2015-07-31 15:00:00,30,157.095120415146,480.014311226102,98.0045811305005,46.2015114719205
2015-07-31 16:00:00,30,175.273338889118,478.24863920284,107.622457098301,46.2415852864376
2015-07-31 17:00:00,30,159.137234181561,365.780412130476,107.590284936221,36.3249403347246
2015-07-31 18:00:00,30,169.336131631026,478.112860524851,94.725570704206,40.4264905103373
2015-07-31 19:00:00,30,186.55487875003,375.104159824211,122.872684162946,37.1376215765703
2015-07-31 20:00:00,30,188.198287259523,452.315420500848,93.3188514206095,49.1771279005588
2015-07-31 21:00:00,30,173.448434731022,479.11680338622,96.1316754173735,44.1281222340074
2015-07-31 22:00:00,30,175.452754988664,450.233672989216,77.6593857221513,46.2296872184761
2015-07-31 23:00:00,30,187.41562172715,520.491571550676,89.4777035027311,38.9820961567613
2015-08-01 00:00:00,30,176.280169961213,391.69627252702,102.376797154246,41.8005335378586
2015-08-01 01:00:00,30,179.610857711606,505.914388043779,78.1424402578469,39.6441368800995
2015-08-01 02:00:00,30,156.098107670129,452.510675179899,89.0476397456268,35.5270944091491
2015-08-01 03:00:00,30,172.444807151888,519.677526514434,119.569067793334,39.7965746852845
2015-08-01 04:00:00,30,176.874280919421,378.282875389452,109.771781434862,36.4306278686983
2015-08-01 05:00:00,30,195.683420976675,392.016518539821,93.5236063472856,48.2707111297089
2015-08-01 06:00:00,30,175.278569819029,442.170225167644,84.9321837763754,43.3963474886008
2015-08-01 07:00:00,30,147.304018478074,466.756357226061,90.2744921203338,42.3041990941177
2015-08-01 08:00:00,30,166.371812031554,402.275196632423,83.3574133378658,34.026352894397
2015-08-01 09:00:00,30,166.473731002749,445.108994764968,83.0055710427394,44.0615921094579
2015-08-01 10:00:00,30,171.651683178233,435.800042665396,94.4825183396018,42.209965590474
2015-08-01 11:00:00,30,198.572520919287,361.125026704868,102.167107453643,38.9716571590725
2015-08-01 12:00:00,30,183.700025390196,466.951598863278,92.298543079398,37.0798417204191
2015-08-01 13:00:00,30,172.78383800298,486.801045247329,94.3415993876227,43.9078826828397
2015-08-01 14:00:00,30,177.948820679624,494.941458407198,93.2854193517949,45.6980668410393
2015-08-01 15:00:00,30,161.174271609541,473.345463079081,105.090941311688,34.9559379261367
2015-08-01 16:00:00,30,196.300948685451,467.33094926035,102.531906128672,38.098961435487
2015-08-01 17:00:00,30,174.629694390272,456.474897358268,99.4248636222514,47.5040947665164
2015-08-01 18:00:00,30,161.769006256404,452.086940405547,96.739185648536,40.0723672954463
2015-08-01 19:00:00,30,181.503854899064,503.114665902463,102.116201736718,40.5420499919798
2015-08-01 20:00:00,30,169.854026252571,435.880245954353,91.3528736044816,50.2117768361656
2015-08-01 21:00:00,30,168.469425117968,389.364396213504,85.1289408913598,39.4154577583502
2015-08-01 22:00:00,30,172.673697751513,392.702670218081,91.7615765902666,41.2041576305114
2015-08-01 23:00:00,30,176.72679045237,370.876514494185,89.9857612477006,37.1627688170683
2015-08-02 00:00:00,30,154.92504279365,428.124990141753,88.8661499216666,37.8113941437529
2015-08-02 01:00:00,30,162.830456569907,496.430920966525,106.436444674975,43.0402497564931
2015-08-02 02:00:00,30,195.890083043507,468.235200490997,102.528933032066,58.8855887761969
2015-08-02 03:00:00,30,186.178088655651,471.745028343299,99.8523294157516,40.6124114230244
2015-08-02 04:00:00,30,166.119368516398,430.047449562483,96.4685075882493,39.9063103732769
2015-08-02 05:00:00,30,165.220443736805,507.209446027841,111.226110539435,35.6243335404876
2015-08-02 06:00:00,30,188.17679687529,474.618478941347,119.474735008886,43.5584738923078
2015-08-02 07:00:00,30,169.931154976209,464.814899938371,94.7308106149227,43.5852032165385
2015-08-02 08:00:00,30,202.631275210291,461.989872174477,108.242664480968,40.7905999600688
2015-08-02 09:00:00,30,203.063227939507,590.994963341616,90.7598617890101,30.7090758146686
2015-08-02 10:00:00,30,196.580401264824,468.697751228934,93.0343446495435,44.5552151370909
2015-08-02 11:00:00,30,199.314001064088,483.211120759357,80.735892811821,37.4901955963697
2015-08-02 12:00:00,30,204.21209342912,509.645069493817,87.1594662323118,47.891616979918
2015-08-02 13:00:00,30,182.178871602841,340.75760639684,103.256850470046,40.8922033538239
2015-08-02 14:00:00,30,178.994577463593,414.031002600675,93.2627526355923,42.1096392540224
2015-08-02 15:00:00,30,192.97237047692,399.315147860965,88.7710671725995,39.2364964133193
2015-08-02 16:00:00,30,178.012598707558,524.589750301558,108.627544016834,36.7494306653319
2015-08-02 17:00:00,30,201.128087511372,441.161073525385,96.3743782887788,30.8052343533836
2015-08-02 18:00:00,30,181.135690036733,419.963249430155,95.4205207751557,43.9619958003313
2015-08-02 19:00:00,30,172.706846395849,541.309275195013,103.832321348425,38.8352665988618
2015-08-02 20:00:00,30,193.466785828776,432.571873213674,93.1963962632683,49.8956721794264
2015-08-02 21:00:00,30,190.380965545267,453.458510045676,104.511624918973,41.5510267590853
2015-08-02 22:00:00,30,209.122791597418,405.619601624156,79.1945881294656,44.9372119017843
2015-08-02 23:00:00,30,183.38642755753,436.84965906107,108.738327701389,34.7904792408216
2015-08-03 00:00:00,30,178.491413379062,410.392585213947,93.5894068537837,39.2185010585665
2015-08-03 01:00:00,30,194.154678193306,466.555538773409,103.555978378007,29.7984694872669
2015-08-03 02:00:00,30,189.479329801672,472.124061036939,100.213259295653,42.8883606755018
2015-08-03 03:00:00,30,201.445115742778,410.987157315293,112.075344914458,36.0396189075933
2015-08-03 04:00:00,30,178.945784290424,515.123296922085,91.2316133479202,32.0416061275275
2015-08-03 05:00:00,30,203.760294481246,502.753908943218,112.88858812618,36.7490755544307
2015-08-03 06:00:00,30,161.837001753723,499.974941702991,102.40080613137,42.1603005487664
2015-08-03 07:00:00,30,174.827230670378,425.937447137864,105.891948469574,40.6789784342924
2015-08-03 08:00:00,30,168.09559586691,528.677685700696,122.253576579098,44.9439674025268
2015-08-03 09:00:00,30,186.767673448805,481.594240889159,86.1280545006818,37.0998316702031
2015-08-03 10:00:00,30,191.32666339296,340.599433849537,114.036185479085,38.9618551576315
2015-08-03 11:00:00,30,195.519434855466,437.057592506925,104.542605157092,45.8393801615756
2015-08-03 12:00:00,30,188.684513909232,495.275037011374,93.2029158527085,39.6427523502108
2015-08-03 13:00:00,30,196.767920657271,403.447530940709,104.768003760662,42.0863701997086
2015-08-03 14:00:00,30,214.229851273267,386.914827305962,101.355163115706,37.2372766743217
2015-08-03 15:00:00,30,198.115854988924,405.077459794513,91.3060895598363,33.9054191859068
2015-08-03 16:00:00,30,192.100148571609,489.678674773839,79.5242961408886,42.7665366748287
2015-08-03 17:00:00,30,166.243881163141,453.431012336557,120.939182133345,39.1892764365408
2015-08-03 18:00:00,30,182.815131970631,504.392286342895,97.0595324349252,40.8452148037073
2015-08-03 19:00:00,30,167.486814209919,448.460786179583,82.173129050602,38.0736114359328
2015-08-03 20:00:00,30,177.169591203131,455.467098312953,111.775041356364,47.6146855085778
2015-08-03 21:00:00,30,191.696198538884,355.501186600849,101.741236134492,42.2559680487896
2015-08-03 22:00:00,30,195.396567103914,461.929575616803,92.3410226903193,42.255288692214
2015-08-03 23:00:00,30,207.208925729907,566.998477497123,86.0269490809999,33.6565582234164
2015-08-04 00:00:00,30,175.081434430666,409.744773169231,81.5001333776074,41.0367984656477
2015-08-04 01:00:00,30,172.913072580888,484.732596752098,85.655684607061,50.3305328534246
2015-08-04 02:00:00,30,194.204312079899,418.360215949441,95.5514507480882,32.9801619169261
2015-08-04 03:00:00,30,207.907300395406,446.313145125448,88.6733160729419,37.6223970974918
2015-08-04 04:00:00,30,177.735917509837,385.484124284032,87.6359635309465,44.591036148969
2015-08-04 05:00:00,30,162.750905819761,533.098087204508,92.0933366824033,44.3572595980108
2015-08-04 06:00:00,30,191.09478824001,406.355543620769,111.573714528309,35.4441414039496
2015-08-04 07:00:00,30,159.019818199985,336.801826684259,112.770460599072,38.93250355388
2015-08-04 08:00:00,30,146.412613537682,446.266664547903,114.382066021531,51.3105186987672
2015-08-04 09:00:00,30,139.939359641617,455.615555272513,89.9795828035174,37.4756318604799
2015-08-04 10:00:00,30,165.973104927795,414.033274043524,112.409767571026,38.2273552756765
2015-08-04 11:00:00,30,171.532768121103,456.35701668951,108.617571346712,37.0903420278756
2015-08-04 12:00:00,30,183.825728703181,499.167369892063,110.233010552059,37.1593772761077
2015-08-04 13:00:00,30,162.662790206343,447.475385342897,99.957243720055,38.8809514815328
2015-08-04 14:00:00,30,163.945127583625,485.176605702478,117.862295112369,37.7539305044011
2015-08-04 15:00:00,30,157.115121830458,487.712374843622,108.230378099573,39.1479920687213
2015-08-04 16:00:00,30,177.169450733396,522.770501949478,92.0007640635809,43.1332481152548
2015-08-04 17:00:00,30,166.863114168908,435.496334313969,90.9848340277319,41.7841101392889
2015-08-04 18:00:00,30,148.008993447546,432.575751146729,94.9770398834966,35.1870716080631
2015-08-04 19:00:00,30,162.080790713468,445.060636931958,99.8503519396546,46.2136192712784
2015-08-04 20:00:00,30,171.254102945246,451.721542307895,105.145045247137,41.7976551310692
2015-08-04 21:00:00,30,164.045112066731,487.821243455171,101.476314670802,36.1205877138537
2015-08-04 22:00:00,30,208.029340446103,407.999219348966,115.341995877584,40.932163563365
2015-08-04 23:00:00,30,166.534227089999,352.85111657993,97.2151174979316,43.0537572339073
2015-08-05 00:00:00,30,179.820549192499,483.133794288201,102.083982789573,31.6753407687331
2015-08-05 01:00:00,30,153.490445999611,378.733505422467,85.1687680607639,38.8239258759289
2015-08-05 02:00:00,30,130.542486217979,358.599620628673,97.4300542801876,39.075538997682
2015-08-05 03:00:00,30,186.841865890935,458.223145832984,89.1912335873087,35.3996127949886
2015-08-05 04:00:00,30,207.558501132004,521.791662936331,76.7311136006425,35.6831596248454
2015-08-05 05:00:00,30,173.043542282868,464.921897650123,91.2307807659181,37.316449586103
2015-08-05 06:00:00,30,173.852193331965,318.486315205193,96.6509573655953,51.2980355291903
2015-08-05 07:00:00,30,192.067481292348,438.864092391451,105.114892192495,58.7880014608146
2015-08-05 08:00:00,30,162.749370997127,328.784291465545,107.507416982615,46.3135596205796
2015-08-05 09:00:00,30,168.214001589899,425.944192420903,89.3652870678886,53.418874005019
2015-08-05 10:00:00,30,138.210263796299,362.255595914568,91.4756101679585,43.0363662939391
2015-08-05 11:00:00,30,177.376839513307,336.544862919594,99.3553359347439,61.5502542833641
2015-08-05 12:00:00,30,164.526624038801,279.972337501937,96.5611895868764,50.2114144159945
2015-08-05 13:00:00,30,169.556384883578,338.547037304563,86.4614357896185,45.4539758254017
2015-08-05 14:00:00,30,183.78034557939,404.864221904817,114.90344551217,46.7270898658881
2015-08-05 15:00:00,30,186.136513355822,401.057201445243,84.5684309848002,48.4535106610661
2015-08-05 16:00:00,30,171.567837586347,320.734357513638,108.239839104139,53.9542541109696
2015-08-05 17:00:00,30,172.975366288119,369.79078127281,88.4755928144144,47.1931883766215
2015-08-05 18:00:00,30,172.822163348556,359.40580903663,84.173835924062,48.5483588793667
2015-08-05 19:00:00,30,180.931338038987,345.167432462303,106.076045804285,49.6077509348122
2015-08-05 20:00:00,30,145.345741923039,410.937615303216,94.2335457589345,49.1563083916662
2015-08-05 21:00:00,30,166.182284316967,399.777009334811,97.5857482009102,55.4776809427849
2015-08-05 22:00:00,30,178.230090883388,397.030498719136,92.3898516814696,48.5780756353602
2015-08-05 23:00:00,30,178.604379583171,365.381633950526,104.562804246562,46.6626295413714
2015-08-06 00:00:00,30,169.53950429832,380.108608667427,97.5077507756928,50.6845380529202
2015-08-06 01:00:00,30,173.296990985974,427.915168318661,106.097090065229,50.9049565561193
2015-08-06 02:00:00,30,184.034221494035,307.01664159708,102.9098055055,56.6641594247127
2015-08-06 03:00:00,30,134.863988643182,325.245212550448,110.29747819653,41.2011987351276
2015-08-06 04:00:00,30,200.61509250617,447.863814742584,95.7784091594881,48.9590974064207
2015-08-06 05:00:00,30,185.380504478719,334.659695104668,92.1166096266628,56.1168326413184
2015-08-06 06:00:00,30,202.854554321481,472.255719144114,100.184951567892,49.1624900043602
2015-08-06 06:00:00,30,202.854554321481,472.255719144114,100.184951567892,49.1624900043602
2015-08-06 06:00:00,30,202.854554321481,472.255719144114,100.184951567892,49.1624900043602
2015-08-06 07:00:00,30,178.601238673001,356.17713276544,96.6372684373693,55.3693533350536
2015-08-06 08:00:00,30,169.358885024443,312.308168937731,93.2569600351427,52.0763461566743
2015-08-06 09:00:00,30,157.422756608991,386.861233178962,98.804983882196,49.0817573865083
2015-08-06 10:00:00,30,169.769508371695,405.794000708513,89.461164990979,50.1096112421306
2015-08-06 11:00:00,30,122.208836390163,364.512419463804,118.114496336378,46.1783799588665
2015-08-06 12:00:00,30,173.739442688386,408.900861809259,106.822865111812,54.6227622819763
2015-08-06 13:00:00,30,179.749401355816,376.158641359508,90.7654844925945,43.12307852868
2015-08-06 14:00:00,30,175.345658179404,415.113352015013,98.5022629312419,44.4969919383018
2015-08-06 15:00:00,30,186.547994093087,301.576905691748,101.111181501055,52.9937051107441
2015-08-06 16:00:00,30,172.917882995747,397.928542297258,83.8589470120658,44.6042917836297
2015-08-06 17:00:00,30,155.783871378534,371.848560350107,107.359964073886,46.173341302991
2015-08-06 18:00:00,30,147.28296670388,420.131006115219,105.166747959759,65.6362178315463
2015-08-06 19:00:00,30,184.800059152394,339.144481067461,106.012747464277,47.9942804965258
2015-08-06 20:00:00,30,176.90996412737,425.324320254838,93.5544982656141,56.7685610205611
2015-08-06 21:00:00,30,173.854152509379,389.147491455396,95.6359233047953,50.4666160293053
2015-08-06 22:00:00,30,167.527908488322,314.521395240573,96.6710637031493,45.6714979332474
2015-08-06 23:00:00,30,162.842355684168,371.947379096094,109.297576311555,47.7417915084097
2015-08-07 00:00:00,30,183.266880690915,422.192969541953,91.4320443638582,46.4125828533205
2015-08-07 01:00:00,30,160.164836966513,346.440942304301,113.093082357317,56.5043035790961
2015-08-07 02:00:00,30,149.340302255276,316.592352511639,99.5508448878504,50.4582510294269
2015-08-07 03:00:00,30,189.424650269217,387.862441413426,112.540563400214,53.3381763025786
2015-08-07 04:00:00,30,178.872211802364,259.477492263964,84.0819379446783,51.8810787308991
2015-08-07 05:00:00,30,161.529205559218,337.603598013962,103.670640561453,51.853742797787
2015-08-07 06:00:00,30,147.642724404973,409.059489980737,88.5235543020201,47.767963873652
2015-08-07 06:00:00,30,147.642724404973,409.059489980737,88.5235543020201,47.767963873652
2015-08-07 06:00:00,30,147.642724404973,409.059489980737,88.5235543020201,47.767963873652
2015-08-07 06:00:00,30,147.642724404973,409.059489980737,88.5235543020201,47.767963873652
2015-08-07 07:00:00,30,157.022652708942,406.165149562767,100.961311013853,37.262009641044
2015-08-07 08:00:00,30,174.085821179687,369.590869170949,93.2523091669563,44.4560716595064
2015-08-07 09:00:00,30,150.865342219113,502.260767063139,114.859957299243,45.2859902354203
2015-08-07 10:00:00,30,203.957391373723,498.571848676924,92.1231499845547,43.6655365708192
2015-08-07 11:00:00,30,137.180253547937,512.479682189614,90.2857205623903,42.1140118963153
2015-08-07 12:00:00,30,182.100445396249,487.242142349172,116.0884249344,44.7659497231431
2015-08-07 13:00:00,30,188.341021228749,509.926240964433,103.309020098089,38.4308821179215
2015-08-07 14:00:00,30,169.459838608209,384.39926994806,100.12728913545,42.7558642644776
2015-08-07 15:00:00,30,165.057313538759,413.011138474501,102.486901916392,46.6132582109816
2015-08-07 16:00:00,30,190.613385282089,459.340867282307,101.985049652617,45.3158049663696
2015-08-07 17:00:00,30,174.553417165479,512.937077108927,88.1399499311145,47.1289358419237
2015-08-07 18:00:00,30,184.342323478235,523.361874565009,90.3478052591385,47.1905744582446
2015-08-07 19:00:00,30,190.411833911621,469.638654244126,103.688913779686,48.0396013314552
2015-08-07 20:00:00,30,183.083283075352,383.828379835682,100.533923090234,41.0787991279688
2015-08-07 21:00:00,30,171.887233570703,452.361755209583,104.608162810394,39.9662111467729
2015-08-07 22:00:00,30,140.226659006269,414.769264940202,99.5530219973307,37.7090654787597
2015-08-07 23:00:00,30,181.587843658931,507.050797728755,79.029374847163,30.9444093405167
2015-08-08 00:00:00,30,172.231059482465,367.48794282753,95.1012103000857,36.5326877452117
2015-08-08 01:00:00,30,165.017766227936,528.479788530831,95.6193621362603,35.0771990002148
2015-08-08 02:00:00,30,176.006050496753,459.795887829571,95.017089641391,40.3892462586144
2015-08-08 03:00:00,30,149.489294784716,496.808151703895,84.5885504194815,28.9415955402235
2015-08-08 04:00:00,30,183.45142444534,496.323567340365,99.5360654506712,39.123371936416
2015-08-08 05:00:00,30,167.933455742987,374.272537580415,111.785178790887,39.1865478769279
2015-08-08 06:00:00,30,164.461003683164,325.754028663643,113.387102078316,39.6102790263186
2015-08-08 07:00:00,30,171.870415715495,460.65857676082,92.5667424939902,45.1103869474175
2015-08-08 08:00:00,30,172.364998830222,457.886366268398,113.166778743204,38.8923167152535
2015-08-08 09:00:00,30,188.283813245528,427.793525221369,117.422921739642,37.2811036551271
2015-08-08 10:00:00,30,169.337869490359,408.512217415245,99.1545031617595,37.8773067688536
2015-08-08 11:00:00,30,151.748978596829,399.189494179929,98.0424101735891,37.0298953186008
2015-08-08 12:00:00,30,176.174088024117,477.748910463515,103.687089520382,39.1795249498258
2015-08-08 13:00:00,30,153.385599289768,479.969572867654,104.066181142184,41.0305376927615
2015-08-08 14:00:00,30,149.382324900057,479.907058433273,96.2499330356843,42.5115903828042
2015-08-08 15:00:00,30,173.127273027128,393.596923370303,92.1447968983364,36.5328332187922
2015-08-08 16:00:00,30,153.44226282512,398.224813844198,115.28628505493,48.065298747539
2015-08-08 17:00:00,30,175.500009347823,425.411683532868,103.733458570272,33.3136663345488
2015-08-08 18:00:00,30,187.403314137037,459.611567233182,114.623611725927,40.6210429547842
2015-08-08 19:00:00,30,188.701517469725,362.655163819032,97.7697363163224,34.1128019053045
2015-08-08 20:00:00,30,155.10564328336,406.343578342172,93.4556757724718,42.0568608313813
2015-08-08 21:00:00,30,161.496071073717,444.848295680564,116.412486833442,44.4698783769022
2015-08-08 22:00:00,30,167.267289886273,510.663137684288,88.8670754259781,35.3446232635677
2015-08-08 23:00:00,30,178.808635686741,486.814857510116,111.166021806512,44.3200951158354
2015-08-09 00:00:00,30,150.94549025466,451.588839131005,102.162723666725,40.8894607483242
2015-08-09 01:00:00,30,152.155231214055,485.63436432864,92.9890506879471,39.1444258711455
2015-08-09 02:00:00,30,172.59834261381,365.827729377515,117.443101604298,37.1491262987806
2015-08-09 03:00:00,30,198.719351957178,448.477661955451,105.867094589874,44.0341505253464
2015-08-09 04:00:00,30,140.53560197408,358.075344279507,99.1673546379086,43.5366968763959
2015-08-09 05:00:00,30,178.995029772745,452.649417671729,102.973580967278,31.5918599213273
2015-08-09 06:00:00,30,163.410710504118,456.583611844348,109.429514500786,46.6396691874118
2015-08-09 07:00:00,30,182.39264973933,425.500050118388,99.6928612331665,35.4180666332567
2015-08-09 08:00:00,30,170.133753547825,481.43365780511,94.7044526659225,39.2260784594807
2015-08-09 09:00:00,30,169.055965131635,347.561477204796,117.574177621833,36.7354446580176
2015-08-09 10:00:00,30,158.637496810344,463.381586891544,83.6586531415128,43.5687584483007
2015-08-09 11:00:00,30,186.060184820125,439.34050051074,100.072706533262,41.1762986051213
2015-08-09 12:00:00,30,180.619113872576,477.66041069975,109.013340889716,42.0897195156773
2015-08-09 13:00:00,30,193.196188239667,427.315344449194,117.267223831784,40.8960335018526
2015-08-09 14:00:00,30,196.997499147918,468.121409623132,87.4483564528762,42.2145240757894
2015-08-09 15:00:00,30,152.500364586599,439.416295469672,96.3671102232923,46.6781838262646
2015-08-09 16:00:00,30,155.017559530037,491.41525175403,94.5390801192916,45.8595399580243
2015-08-09 17:00:00,30,152.130162460026,460.234652440494,93.1522074210744,48.3484498076846
2015-08-09 18:00:00,30,182.982812625166,452.872990887345,101.194417801284,37.4878909610815
2015-08-09 19:00:00,30,157.921638592686,439.514968887045,108.147777955563,38.215883217266
2015-08-09 20:00:00,30,176.01265181973,522.57530832402,106.023712236718,41.7299677355809
2015-08-09 21:00:00,30,167.660406877702,425.567000877211,111.854149063587,36.9455944229887
2015-08-09 22:00:00,30,177.48980697265,389.074982108395,95.0856509092089,41.7245138039813
2015-08-09 23:00:00,30,187.952031419157,470.190864456605,83.1881285602462,43.68480328038
2015-08-10 00:00:00,30,159.253089527806,447.758440447372,89.2920799406253,39.0993109878931
2015-08-10 01:00:00,30,179.230157466447,434.159789234315,96.5180053318461,42.5555667010074
2015-08-10 02:00:00,30,154.890018164129,489.265877634566,89.0441813656805,36.6553961469589
2015-08-10 03:00:00,30,169.480504183704,351.78301731953,109.804451231712,41.9966294466305
2015-08-10 04:00:00,30,181.473573693134,465.758147420255,103.710825896269,38.59355215668
2015-08-10 05:00:00,30,157.670669323183,399.372613654706,116.395982770576,37.2901506213359
2015-08-10 06:00:00,30,176.318876989223,445.139442591813,106.02617962843,34.3243106917317
2015-08-10 07:00:00,30,186.990569976404,452.433617274365,97.8800297433665,30.9483855439105
2015-08-10 08:00:00,30,148.112937897972,486.136772288469,103.949149216501,37.8673149811101
2015-08-10 09:00:00,30,163.230229954106,488.143261939795,92.3021929620327,47.9452336846225
2015-08-10 10:00:00,30,158.046208123883,333.175170598532,103.544663888296,44.9793906189109
2015-08-10 11:00:00,30,169.033099527573,479.229716606841,101.895349576255,42.2701533403259
2015-08-10 12:00:00,30,175.379155116456,408.228131608237,82.2663289661678,42.2845142706967
2015-08-10 13:00:00,30,180.504872229752,486.851568484911,90.5448430674361,37.8600116472638
2015-08-10 14:00:00,30,158.39507052437,500.866783251464,103.36259705791,47.0201152153673
2015-08-10 15:00:00,30,166.187806605867,368.188425717479,85.4879654480066,44.9222634588678
2015-08-10 16:00:00,30,184.673151457264,477.00627100819,109.065615674782,33.4054867064713
2015-08-10 17:00:00,30,169.764329197356,443.773301684598,97.7944002946937,44.5122485681201
2015-08-10 18:00:00,30,173.263784547809,398.202327621295,110.667102269527,46.8030642756151
2015-08-10 19:00:00,30,168.879600231757,357.197554757564,107.204566259628,39.6288302273739
2015-08-10 20:00:00,30,170.87687042978,454.942478370832,100.826739438565,36.8051551835831
2015-08-10 21:00:00,30,165.776716410752,429.781889970663,102.210785513306,42.9690954395228
2015-08-10 22:00:00,30,172.871377423624,485.000066216557,99.7674473634396,35.4127172256808
2015-08-10 23:00:00,30,172.866174182845,484.364039132674,105.004553133453,40.7923395141818
2015-08-11 00:00:00,30,177.799253964824,442.406909321434,89.7394431272964,40.8389229641478
2015-08-11 01:00:00,30,198.320968348068,499.131832483947,100.245401096551,36.4406463748405
2015-08-11 02:00:00,30,174.394061846896,496.355996157251,91.4749641201579,44.4701002094704
2015-08-11 03:00:00,30,184.714336123795,497.135148098355,105.279357243829,37.6994354989545
2015-08-11 04:00:00,30,175.353866478193,517.774190414752,111.334976686578,40.4264397322048
2015-08-11 05:00:00,30,174.868180424406,505.71449284856,123.327470998097,43.3586424377899
2015-08-11 06:00:00,30,178.572002135259,560.980594844894,101.823198676245,33.9721564381289
2015-08-11 07:00:00,30,178.883120184198,414.782373819446,123.652272548672,39.6165910408829
2015-08-11 08:00:00,30,166.643631658111,496.146232225007,109.462669971651,40.0581437603515
2015-08-11 09:00:00,30,177.16948492698,406.030987533485,90.6184338846349,25.9174028445266
2015-08-11 10:00:00,30,195.473643305231,449.592072945353,103.735723552204,38.7454844943622
2015-08-11 11:00:00,30,166.154711344444,414.51559140481,127.303402940233,36.2625046285994
2015-08-11 12:00:00,30,163.458227147686,464.963479546425,90.9497434106082,39.752310642203
2015-08-11 13:00:00,30,149.783528221168,490.522222194843,91.4640309157191,41.7076262972569
2015-08-11 14:00:00,30,164.888208053924,393.824900383048,95.9515579055071,40.2704035867717
2015-08-11 15:00:00,30,190.787317103114,506.731698648824,100.610044872,38.8387364587596
2015-08-11 16:00:00,30,175.654930508747,361.564492231914,104.67052796911,40.7798633908853
2015-08-11 17:00:00,30,187.744360295018,441.852570389812,86.1001557358596,33.8674013419003
2015-08-11 18:00:00,30,173.1510653715,504.017865449152,104.890289345818,45.264638788574
2015-08-11 19:00:00,30,163.200454630033,402.233697026553,103.798027777256,38.8880157152675
2015-08-11 20:00:00,30,150.914810974693,506.764583604606,114.759337754276,40.896231670309
2015-08-11 21:00:00,30,182.196098152407,388.104836014273,79.7019006700334,45.0174567692659
2015-08-11 22:00:00,30,170.94666345077,465.835727367421,109.376589294221,33.081704942715
2015-08-11 23:00:00,30,174.847985014971,376.614680016988,112.964964568654,32.4092143870958
2015-08-12 00:00:00,30,155.437887904872,388.651745332159,97.2109494237257,42.6017956437604
2015-08-12 01:00:00,30,174.937548869641,411.461385489729,97.012221762262,39.9140704361543
2015-08-12 02:00:00,30,186.751186853398,467.843604365748,116.423043359697,26.9586634538075
2015-08-12 03:00:00,30,161.289451646572,515.83820264936,105.66690207383,40.5919913425008
2015-08-12 04:00:00,30,172.306928536735,437.902911139652,97.9452139155265,43.9576572981804
2015-08-12 05:00:00,30,157.34809830382,404.540735548034,105.441532020697,30.2009876194325
2015-08-12 06:00:00,30,169.30169742557,482.088340660043,97.1936316931608,40.3486258976295
2015-08-12 07:00:00,30,163.929252781881,360.163166241302,95.4986688280003,37.2893341976915
2015-08-12 08:00:00,30,181.863205830131,475.105870337426,104.953930115088,39.5391253406315
2015-08-12 09:00:00,30,146.772313579368,466.431115335031,98.7651020200737,40.0353213966972
2015-08-12 10:00:00,30,167.750851504642,385.370442072899,121.867909438565,29.2436508322312
2015-08-12 11:00:00,30,177.152713518047,398.778055579139,119.657209415594,38.8312595806355
2015-08-12 12:00:00,30,162.671559832564,496.334352687386,89.0906711356763,41.4942847059165
2015-08-12 13:00:00,30,171.318170388203,503.440839542305,77.150079116346,50.0822529090232
2015-08-12 14:00:00,30,166.302077415713,514.793467512446,96.254290632379,37.1832570202094
2015-08-12 15:00:00,30,167.012491573356,442.986493952362,84.4075366790599,27.6288595431851
2015-08-12 16:00:00,30,173.680794625142,481.853026549377,97.0426452599971,32.5718866832349
2015-08-12 17:00:00,30,160.630066794439,448.589191635341,106.93730417465,45.4578616070636
2015-08-12 18:00:00,30,197.169605669824,402.304354094871,84.6533369161023,41.7376802739459
2015-08-12 19:00:00,30,186.477690131035,461.547425071708,83.9702684490841,34.8786282486041
2015-08-12 20:00:00,30,185.211913200829,473.326308856714,103.556118564923,41.9559590071771
2015-08-12 21:00:00,30,162.853999200209,433.419549370899,95.3987725194242,33.9840581472875
2015-08-12 22:00:00,30,175.211164965495,492.721081001213,89.3145035811852,42.883907663318
2015-08-12 23:00:00,30,188.587305888004,436.594302670087,100.865686972528,37.4895232619871
2015-08-13 00:00:00,30,178.404775795145,502.838453566648,91.7451974729304,38.6534782188051
2015-08-13 01:00:00,30,177.870071892244,442.827059043637,88.3004984310267,45.7986377362047
2015-08-13 02:00:00,30,134.478519864512,394.096907524639,96.58188844757,36.4577469386691
2015-08-13 03:00:00,30,202.512553069304,378.282984695884,110.615282486019,40.3824303840139
2015-08-13 04:00:00,30,167.255811985436,462.038089622165,86.0914646593676,46.6655263281318
2015-08-13 05:00:00,30,175.287374716211,465.506233256318,91.4003785845693,39.2439783810913
2015-08-13 06:00:00,30,184.336620392489,385.558607460768,113.379396201624,35.3596262537261
2015-08-13 07:00:00,30,195.517103382616,421.363504375882,110.095535074947,45.8494948029609
2015-08-13 08:00:00,30,170.101366113513,495.941886494951,102.475480382919,42.5458859540619
2015-08-13 09:00:00,30,167.318705626203,432.137265361574,98.5282828869554,32.5297407088853
2015-08-13 10:00:00,30,158.603719341483,466.631378414198,96.3267301101768,39.4257196267313
2015-08-13 11:00:00,30,141.835521073713,533.946715067676,90.5972868527242,37.9414386778725
2015-08-13 12:00:00,30,170.438710677501,482.053211470471,87.3694496505875,48.6315537563986
2015-08-13 13:00:00,30,156.171573103067,476.49144095171,113.320779494015,32.7599066518349
2015-08-13 14:00:00,30,192.04088163657,391.437279656239,86.750619069923,42.885162525154
2015-08-13 15:00:00,30,158.985876215555,484.744004882159,108.383430911953,30.2230878434624
2015-08-13 16:00:00,30,156.767266208199,408.877939378605,85.9929309144888,43.2901997230585
2015-08-13 17:00:00,30,156.22221368468,422.186758158906,97.9890514041717,38.3129887419023
2015-08-13 18:00:00,30,167.850746670834,414.39520446955,110.499064327995,29.5256997752754
2015-08-13 19:00:00,30,174.425577137337,492.661851817586,103.644634181399,34.6401496269216
2015-08-13 20:00:00,30,167.283310073623,447.614610231463,84.9807717249787,41.9465144486069
2015-08-13 21:00:00,30,163.198864166902,515.88698800359,104.16837437624,41.9572361650905
2015-08-13 22:00:00,30,207.14405139572,443.794843387274,108.672045406292,44.6779717129853
2015-08-13 23:00:00,30,152.73016253909,492.180462408208,98.1477161033763,43.1413897509272
2015-08-14 00:00:00,30,127.043335028284,448.189349475372,78.0522560611172,42.6092628967789
2015-08-14 01:00:00,30,158.858571660949,508.964666128861,100.008930134223,46.3802737705363
2015-08-14 02:00:00,30,189.699918522585,489.765263226769,93.3880262730001,41.8145726728403
2015-08-14 03:00:00,30,190.693242486386,412.777368736454,108.827127379064,34.2121421320826
2015-08-14 04:00:00,30,171.148909907241,526.518026217279,106.854932922738,38.7225107414052
2015-08-14 05:00:00,30,170.595805107845,463.534257753126,107.438200951107,38.774750368946
2015-08-14 06:00:00,30,164.155665173367,413.991011899489,124.682424413508,39.9106778252363
2015-08-14 07:00:00,30,179.206082721263,553.721516048139,116.738283850813,36.8598547904467
2015-08-14 08:00:00,30,181.270473751847,401.258990048987,109.246626208729,50.1783388864982
2015-08-14 09:00:00,30,168.348085142711,494.986461928024,108.872399594648,41.0655252666987
2015-08-14 10:00:00,30,193.691276011133,466.028540442659,99.3174152273941,33.2565004328084
2015-08-14 11:00:00,30,152.356759997433,458.281878003596,97.1529617932461,44.2098811475032
2015-08-14 12:00:00,30,168.75023709256,460.364052971665,101.706364446806,38.8497970449733
2015-08-14 13:00:00,30,180.216853582909,437.981377731575,104.221682206879,34.238792829282
2015-08-14 14:00:00,30,191.947625198245,446.079331354997,118.991599630866,43.956839127911
2015-08-14 15:00:00,30,163.028645211154,461.603713186791,124.605657814084,42.1278839767894
2015-08-14 16:00:00,30,166.077379233939,456.136803763981,86.8667493342754,46.7342956787102
2015-08-14 17:00:00,30,150.60381512046,470.513025456682,97.6563500773246,45.2664474966776
2015-08-14 18:00:00,30,161.513948878565,395.055432645306,104.789885365361,38.3973163767527
2015-08-14 19:00:00,30,188.464270462754,368.581349723646,97.9243220607766,31.3364103915241
2015-08-14 20:00:00,30,164.509059943781,485.439475442381,122.384975008835,40.698330936346
2015-08-14 21:00:00,30,152.251359836993,433.423130708142,103.153153193918,42.2440035916504
2015-08-14 22:00:00,30,155.546977724923,403.430961833169,93.4463009235871,32.0227545301462
2015-08-14 23:00:00,30,162.966030315124,423.322300126949,89.6018169226518,35.4651171496477
2015-08-15 00:00:00,30,149.349623168982,536.764575364109,83.3725045424763,44.1229854065919
2015-08-15 01:00:00,30,156.730252631953,402.873531998321,89.0365735587676,41.7319099266096
2015-08-15 02:00:00,30,175.982291094875,560.512356974119,111.310118868675,41.2302252936815
2015-08-15 03:00:00,30,168.489902196296,447.293755883707,116.458536953632,30.868262990812
2015-08-15 04:00:00,30,159.310153598764,494.880611209509,110.573990250859,35.8455239641111
2015-08-15 05:00:00,30,208.823908984738,489.726056803273,107.011356550192,38.7807470522271
2015-08-15 06:00:00,30,157.565003265606,493.366344920647,74.2193165409639,41.7224700813947
2015-08-15 07:00:00,30,139.60585570648,589.855097788796,111.043054624692,41.7150096341761
2015-08-15 08:00:00,30,149.118641563132,478.720972554387,98.7761691961871,41.1557901166825
2015-08-15 09:00:00,30,183.846044165766,511.075726957756,105.021562714194,39.8997208525003
2015-08-15 10:00:00,30,168.833562683477,376.289411584582,95.5485505877087,27.5882573905387
2015-08-15 11:00:00,30,188.36025324183,488.403617646311,97.1635907819817,39.0634069060447
2015-08-15 12:00:00,30,202.06968830891,463.856832479712,97.3432755902728,34.7506082335571
2015-08-15 13:00:00,30,153.504696668682,488.99179355948,104.760060221603,40.3068006508022
2015-08-15 14:00:00,30,183.145496309316,477.317064309129,97.0415515181925,39.8172934454198
2015-08-15 15:00:00,30,187.479509387942,393.984741993289,79.0399464068563,41.6085516578632
2015-08-15 16:00:00,30,162.139289348116,425.017426328907,96.7290822686266,41.4191362173566
2015-08-15 17:00:00,30,163.215037948064,458.869732271768,114.656690803352,43.4221004847562
2015-08-15 18:00:00,30,188.159819542252,454.644780005094,98.7381431076417,43.7346610026403
2015-08-15 19:00:00,30,169.263812629709,486.460230340979,85.3207515988593,45.0044270148968
2015-08-15 20:00:00,30,183.788611627717,416.545534303344,105.567726930853,43.0208935063844
2015-08-15 21:00:00,30,153.670014643696,466.787227305164,94.2727157642643,35.6973716144245
2015-08-15 22:00:00,30,153.81478782458,461.875382327633,103.175906767361,25.798228684666
2015-08-15 23:00:00,30,181.320568805066,426.864523293079,112.055012176353,45.6971734427176
2015-08-16 00:00:00,30,155.172884458228,455.242194275086,94.4935277358094,40.1835277091309
2015-08-16 01:00:00,30,177.610529003263,480.028997431421,98.5184205499163,41.8584016035345
2015-08-16 02:00:00,30,189.052389874993,493.479863273891,93.0378217321937,36.6800664033391
2015-08-16 03:00:00,30,177.067396560076,398.492211777766,101.020243255768,37.7210258934377
2015-08-16 04:00:00,30,164.106062411314,430.102305929728,99.1506816376521,38.2502078816688
2015-08-16 05:00:00,30,165.126160175136,421.453041046758,92.2496249549666,49.7517168187123
2015-08-16 06:00:00,30,173.841395977223,436.835750137013,109.299716247144,33.3986286503655
2015-08-16 07:00:00,30,188.647725768362,485.068929156057,96.8402553106602,47.898689651089
2015-08-16 08:00:00,30,131.86412116355,418.473152029616,98.3139927518286,35.7733753149818
2015-08-16 09:00:00,30,134.740121042586,338.578842261432,97.0787804130544,41.4542025436664
2015-08-16 10:00:00,30,145.819003412696,422.370484546837,84.6405062153398,31.5820276906727
2015-08-16 11:00:00,30,161.458195633351,512.062280525962,92.6040887468014,45.2663205463412
2015-08-16 12:00:00,30,179.908654742322,444.8616606753,98.222254725424,43.5840955061585
2015-08-16 13:00:00,30,161.533222655907,408.422795408177,103.672212669029,30.0178009482861
2015-08-16 14:00:00,30,171.938034107427,387.741106022819,115.399994085271,46.2867157761006
2015-08-16 15:00:00,30,156.259536789935,335.14996534403,101.26283267093,43.4343193803366
2015-08-16 16:00:00,30,175.220899703381,348.35075144128,106.26608334875,47.2400640183459
2015-08-16 17:00:00,30,191.980717607467,395.227785971035,99.372479909976,30.3302931336815
2015-08-16 18:00:00,30,184.213558815425,433.264606342316,101.849656014673,43.9812853407928
2015-08-16 19:00:00,30,170.956318259213,452.45530807478,99.4989895557127,39.0587834888948
2015-08-16 20:00:00,30,198.532939739764,473.68397314255,115.242127923368,34.0883774595892
2015-08-16 21:00:00,30,157.145876501661,408.795220609775,99.1286684528439,42.1445024431278
2015-08-16 22:00:00,30,194.010140137261,403.978352814992,91.3507636599261,32.8527590279293
2015-08-16 23:00:00,30,182.122593211002,474.332708276185,84.9960024339815,34.9234277366442
2015-08-17 00:00:00,30,174.470024077911,452.807928680363,100.267550461848,45.2518337460021
2015-08-17 01:00:00,30,203.068047834061,503.507702331917,99.2397539632454,34.4928563977215
2015-08-17 02:00:00,30,185.411043232364,506.18483725697,95.1198155964402,46.8879158189256
2015-08-17 03:00:00,30,177.359454429287,521.499653737013,83.3403540393498,38.8390037566348
2015-08-17 04:00:00,30,178.248430073469,371.009454760063,81.2154204421788,38.0422277100825
2015-08-17 05:00:00,30,167.821803646519,473.095911316593,90.9748400230345,42.079585862842
2015-08-17 06:00:00,30,175.32269957961,363.426478338585,109.156520389211,40.5913150568443
2015-08-17 07:00:00,30,169.497334554357,483.952162215174,115.673981061263,29.3291730164919
2015-08-17 08:00:00,30,187.67090257283,486.645211908751,101.050988387406,40.0883292486232
2015-08-17 09:00:00,30,182.027546488023,435.256860974565,105.521780341431,39.7224399604399
2015-08-17 10:00:00,30,178.564458895717,395.289032911346,107.503555823093,38.7183146215459
2015-08-17 11:00:00,30,166.217797987219,418.590423303107,90.8443867873418,42.864049746296
2015-08-17 12:00:00,30,182.37813317487,415.263462830945,88.5629654208553,39.2385298225862
2015-08-17 13:00:00,30,181.690996101083,407.947178666138,88.2487643454578,34.6399381784638
2015-08-17 14:00:00,30,185.032441909601,417.436628730935,113.415266083976,40.5149498371702
2015-08-17 15:00:00,30,190.470470880484,340.185601587682,89.9000038857369,36.734312039781
2015-08-17 16:00:00,30,161.812411266993,535.042136267479,83.3414804169288,36.581866056427
2015-08-17 17:00:00,30,163.287852293215,437.432776832984,92.1808251052031,37.4627059757097
2015-08-17 18:00:00,30,162.444558894154,501.722429553175,81.7027025661884,38.1319838679845
2015-08-17 19:00:00,30,165.824587607227,415.672420740313,105.506915940136,33.7546345327039
2015-08-17 20:00:00,30,188.03360754071,509.30034849873,102.400673826186,48.8753339782901
2015-08-17 21:00:00,30,153.051607026415,445.576983073814,103.497049491551,41.3814037370608
2015-08-17 22:00:00,30,187.590015772171,447.525686886456,101.600075579091,28.7525472730222
2015-08-17 23:00:00,30,156.095841135143,448.671913953985,89.2331085549309,38.6266291265538
2015-08-18 00:00:00,30,190.048158401435,495.073385814153,99.1009743002481,36.7796106996243
2015-08-18 01:00:00,30,154.329438200521,366.972658088694,99.5639857024619,41.4245541312051
2015-08-18 02:00:00,30,176.912301964575,517.69962843255,104.69739328718,38.6802278134268
2015-08-18 03:00:00,30,181.004289812908,414.05384056942,87.5243098908642,33.9920538475536
2015-08-18 04:00:00,30,177.035022004131,448.120197041293,92.354269417704,46.8552788281983
2015-08-18 05:00:00,30,150.347564372814,398.26157183687,105.323268977087,34.9322001667641
2015-08-18 06:00:00,30,164.289292498323,522.332838644383,114.485993655473,37.1688027870733
2015-08-18 07:00:00,30,180.856234398377,409.508380178855,103.103774807388,33.5713110124252
2015-08-18 08:00:00,30,164.705646865691,447.422829394876,94.4565828748254,36.5303663457578
2015-08-18 09:00:00,30,155.978806957011,438.613996860631,93.2503202154357,44.4740461852135
2015-08-18 10:00:00,30,154.38605880906,375.832558778653,120.678519467042,34.5393956266525
2015-08-18 11:00:00,30,132.987115237399,463.991299125438,103.263108032034,42.1758714021623
2015-08-18 12:00:00,30,176.9901460109,445.299867250464,116.343427005868,46.3705338885231
2015-08-18 13:00:00,30,149.177718000391,568.757740180983,82.0264622601741,36.7768876618696
2015-08-18 14:00:00,30,163.283753738719,442.844466307766,111.689410183231,32.3121592499898
2015-08-18 15:00:00,30,177.893932255258,392.149871548841,111.877176951222,33.1661590456824
2015-08-18 16:00:00,30,141.514770730343,408.967342244525,106.597166652225,41.7843396626476
2015-08-18 17:00:00,30,177.015218635588,342.128504724138,96.1184251457695,43.2996966873257
2015-08-18 18:00:00,30,162.914220610704,485.84274593436,109.930738834424,45.1836835233432
2015-08-18 19:00:00,30,164.257343814995,406.281304672344,90.1491393777718,38.196969040327
2015-08-18 20:00:00,30,199.944821105967,383.34338994038,102.284671369556,37.1315007919407
2015-08-18 21:00:00,30,166.915752778724,481.843181624772,112.060745770729,48.9151028982516
2015-08-18 22:00:00,30,168.417467638055,363.009946460728,109.148081267768,45.3175598539361
2015-08-18 23:00:00,30,171.007452222583,491.50553916642,111.04084682766,44.4544732902186
2015-08-19 00:00:00,30,187.664062199612,443.325639073345,105.338252411447,36.7365699766316
2015-08-19 01:00:00,30,182.024029410222,414.659430154359,102.514902107344,36.537713826296
2015-08-19 02:00:00,30,177.346401795117,530.940946205396,107.844643533084,49.6413581439597
2015-08-19 03:00:00,30,175.945580424067,469.755796747194,89.4134768440724,42.3191376765363
2015-08-19 04:00:00,30,162.237461288675,571.346346207866,99.2253098298906,39.054539633419
2015-08-19 05:00:00,30,164.372071930162,384.387805840793,90.0507304488853,45.0852487094441
2015-08-19 06:00:00,30,168.555129667186,437.071337190151,104.634269057516,34.862364981142
2015-08-19 07:00:00,30,170.087275643274,327.891020044409,112.224360938448,51.4283883471313
2015-08-19 08:00:00,30,182.50507795892,470.341840641937,87.2250485946463,42.5587446756104
2015-08-19 09:00:00,30,200.487223222414,425.617284620605,111.169975303211,38.6330912360032
2015-08-19 10:00:00,30,197.0482292475,388.171573292368,108.387606793505,45.4671897257038
2015-08-19 11:00:00,30,154.92294612013,407.476450379652,102.84853528177,46.3059861901295
2015-08-19 12:00:00,30,167.917967716521,408.24322630622,81.9854157496213,37.1015095973207
2015-08-19 13:00:00,30,168.992319628093,355.11197067966,111.81284087628,35.9239139346149
2015-08-19 14:00:00,30,140.44192707224,433.807812262858,113.088207273173,36.3638379744902
2015-08-19 15:00:00,30,158.329089760744,520.240413588452,110.071879739625,37.4116380960392
2015-08-19 16:00:00,30,169.423301576739,478.529917332026,85.970018756129,40.4979047917529
2015-08-19 17:00:00,30,192.092930540168,479.578954820105,99.9138334192243,26.0644890206235
2015-08-19 18:00:00,30,140.835915330347,508.307598494612,107.865210401196,39.078430800327
2015-08-19 19:00:00,30,180.589081943564,432.852473514092,61.8949485961862,43.5535272976628
2015-08-19 20:00:00,30,147.022353083297,501.897175321834,97.3534095887486,46.349720308923
2015-08-19 21:00:00,30,139.061688488216,432.700033924689,96.8053853903345,42.7575956134093
2015-08-19 22:00:00,30,138.301797789525,359.203259250736,111.443970315591,39.3646280486551
2015-08-19 23:00:00,30,167.179381284846,350.015882634852,96.1634327642131,35.6999634700005
2015-08-20 00:00:00,30,185.347190829282,389.437007750107,100.018163233481,43.2228206856362
2015-08-20 01:00:00,30,172.865822287638,462.657219146551,103.455649389763,44.1714089925743
2015-08-20 02:00:00,30,154.453192699188,420.438893170796,113.925688244484,42.6695954361523
2015-08-20 03:00:00,30,161.799722761668,455.011462998593,89.4422678471152,46.293442280857
2015-08-20 04:00:00,30,170.184237685344,480.358032639146,95.9573803998759,39.3213853920394
2015-08-20 05:00:00,30,151.788920257314,448.317799039308,117.427215357082,36.4598333001464
2015-08-20 06:00:00,30,154.726556068567,410.883754724026,93.6294272383894,37.2394457985545
2015-08-20 07:00:00,30,193.254642490645,403.023583617547,122.914749568162,41.5802818283687
2015-08-20 08:00:00,30,168.350501456015,512.907433990716,111.64145680468,40.9767777409849
2015-08-20 09:00:00,30,187.52471006361,434.19045992507,85.1744888132795,44.8140270848768
2015-08-20 10:00:00,30,171.52550205346,424.872068198517,98.4776943945244,42.5913539508092
2015-08-20 11:00:00,30,158.360666319591,502.308892051394,120.490826580709,32.921902196494
2015-08-20 12:00:00,30,151.870140382958,458.631181340138,101.41771279455,42.9306555338833
2015-08-20 13:00:00,30,156.689270595389,439.692834395398,106.402229842503,34.7691650009496
2015-08-20 14:00:00,30,172.495825134514,400.425934198451,100.327816986005,46.6359828918759
2015-08-20 15:00:00,30,189.567475282998,355.14548618868,101.214710331625,48.7392841644697
2015-08-20 16:00:00,30,142.305413935543,431.025023270058,102.022496522546,42.1412385682551
2015-08-20 17:00:00,30,199.091398827964,498.528736063535,104.460855747351,43.2532686419803
2015-08-20 18:00:00,30,170.897268707502,504.00037035618,94.6289971456777,31.1270842321213
2015-08-20 19:00:00,30,167.666348296969,416.292880248169,87.2154961047323,41.3486455050138
2015-08-20 20:00:00,30,178.516147930516,392.591846252228,98.624139508719,37.7856665505102
2015-08-20 21:00:00,30,157.926113660834,417.252921120114,98.579846406362,37.0518981023547
2015-08-20 22:00:00,30,165.526251424567,508.505562165524,92.0513407634934,43.4484032699938
2015-08-20 23:00:00,30,168.227273858519,494.813299706014,107.159628031667,35.4472576937568
2015-08-21 00:00:00,30,182.384686501553,438.743716137754,108.196299195191,41.2544212668943
2015-08-21 01:00:00,30,187.283100440878,457.551504666021,92.2671720468413,52.7652448708603
2015-08-21 02:00:00,30,171.381528183796,437.112848879872,86.8049687070751,37.7740198454086
2015-08-21 03:00:00,30,169.16384279855,402.840494711272,105.424525716675,37.6284470748208
2015-08-21 04:00:00,30,177.349520542962,487.965168750595,86.8030153026448,40.6336004766385
2015-08-21 05:00:00,30,213.328111411343,414.993946426696,111.508062037845,33.9257743745376
2015-08-21 06:00:00,30,149.892967398459,450.225089696599,104.8912267821,39.2964570683394
2015-08-21 07:00:00,30,180.678851382047,341.451703077592,109.618433241464,37.2598037051267
2015-08-21 08:00:00,30,185.953282985357,427.286319620539,95.5773598716343,40.7837145414325
2015-08-21 09:00:00,30,165.029233968982,519.590796966034,103.328187892993,34.9634353290377
2015-08-21 10:00:00,30,176.113744909585,440.780721306402,92.0418674689714,38.2478219964224
2015-08-21 11:00:00,30,153.63739659852,544.210204576976,91.5782733351892,40.0705390067417
2015-08-21 12:00:00,30,166.168664878367,457.014508936175,107.185658656302,52.6307085627844
2015-08-21 13:00:00,30,193.22175923431,450.235867488707,91.5839836422959,44.1638002882641
2015-08-21 14:00:00,30,160.99519352778,422.218939381327,105.843796750639,37.9594446190936
2015-08-21 15:00:00,30,182.354517757935,479.226765197523,87.6048070091528,28.7575418036802
2015-08-21 16:00:00,30,174.743498138669,463.864734085311,99.4686589620055,34.1166334844959
2015-08-21 17:00:00,30,186.110260904322,426.834543889589,106.620769011643,43.1966015320153
2015-08-21 18:00:00,30,157.908186766683,511.589433575991,91.0699922296593,32.8234289047927
2015-08-21 19:00:00,30,166.770618923574,369.342845238442,100.017170641093,35.8174816053769
2015-08-21 20:00:00,30,169.861958838131,354.855230679414,89.1776477734251,45.1950204099405
2015-08-21 21:00:00,30,176.676272937853,497.103740893639,92.560744268117,30.0301478855001
2015-08-21 22:00:00,30,154.851063572858,481.933180322567,93.2909672325277,31.8038168568655
2015-08-21 23:00:00,30,177.520896353723,417.595625691937,92.0192954769027,42.1521039556983
2015-08-22 00:00:00,30,169.890883492224,374.320923834067,102.803404918588,31.6627639341023
2015-08-22 01:00:00,30,161.005836034974,487.309807843789,100.421934463684,49.8226944357078
2015-08-22 02:00:00,30,160.345625644187,477.169384465544,116.492002758274,33.2386562430386
2015-08-22 03:00:00,30,160.055981522104,360.722191641265,113.120889580061,47.9391456405933
2015-08-22 04:00:00,30,180.778528952329,489.187865805021,102.498007510585,35.8632361195307
2015-08-22 05:00:00,30,157.639554572062,476.410152059769,96.6181269437643,36.2313208456043
2015-08-22 06:00:00,30,160.069115268005,419.883990149992,111.14374616083,41.3683292854213
2015-08-22 07:00:00,30,167.416137070312,473.120725320269,98.3085164152346,42.5033648767781
2015-08-22 08:00:00,30,166.141985662804,467.746231445894,93.2355141754393,39.7442436250358
2015-08-22 09:00:00,30,161.235791841207,536.215964689839,107.367146755658,35.0608479120961
2015-08-22 10:00:00,30,172.035161385535,453.080988476577,84.2359791781281,39.7056155833134
2015-08-22 11:00:00,30,153.31935655049,517.069953592241,86.5386108967593,47.3120632401482
2015-08-22 12:00:00,30,172.14605634653,462.66243238815,101.478118684716,36.2596582321594
2015-08-22 13:00:00,30,186.657633936376,437.894386639272,109.867904580331,49.9619821502958
2015-08-22 14:00:00,30,157.768990243228,477.5743479814,97.5023932080967,38.3952588385854
2015-08-22 15:00:00,30,183.41295165046,403.353764309647,84.1483694906743,42.8529973803314
2015-08-22 16:00:00,30,164.914188914919,459.040039979913,111.333897563033,41.4364644564649
2015-08-22 17:00:00,30,199.154542641005,502.679839466138,101.697085750124,41.1478766835291
2015-08-22 18:00:00,30,168.537546449878,525.302680166242,81.3474266871463,38.6102411951836
2015-08-22 19:00:00,30,188.7518164268,460.507149409231,98.6446833179982,43.4727136762028
2015-08-22 20:00:00,30,171.275742589995,497.389924986888,98.0745624199162,44.7245648396913
2015-08-22 21:00:00,30,165.891256402586,427.281038022644,74.330014422373,38.9526394336648
2015-08-22 22:00:00,30,148.013246643689,443.94680338291,109.59725894762,43.3113785937931
2015-08-22 23:00:00,30,192.807408895537,509.935339783634,105.158134534046,41.2718189496013
2015-08-23 00:00:00,30,171.43864028266,463.326914361163,92.0621190891093,44.9705983661137
2015-08-23 01:00:00,30,167.614980450339,419.138297368563,88.7387370366686,45.421360130605
2015-08-23 02:00:00,30,175.51885815456,480.833920813913,112.527369907578,42.8454469619618
2015-08-23 03:00:00,30,171.905087676954,439.846280704062,114.146673258535,31.0070262426274
2015-08-23 04:00:00,30,166.757265027862,446.546767166337,87.1391602458237,46.7926121337432
2015-08-23 05:00:00,30,156.678054103246,545.143056111204,98.2305043223475,42.2861508187658
2015-08-23 06:00:00,30,158.924549878423,420.001935527529,92.7835578883542,41.9725128615122
2015-08-23 07:00:00,30,150.092561653603,469.44117557594,97.5609081158894,42.586293052536
2015-08-23 08:00:00,30,184.302701169548,466.99408252579,106.832893365259,30.789294866226
2015-08-23 09:00:00,30,171.855522948049,399.263641431506,92.5456695995536,38.62762483966
2015-08-23 10:00:00,30,149.838277017998,455.744410814239,92.9984052243045,45.2653148210967
2015-08-23 11:00:00,30,149.958499061364,486.092957121592,112.211147853107,38.398312470754
2015-08-23 12:00:00,30,184.773382044134,481.073034914521,86.095802558596,43.895658295097
2015-08-23 13:00:00,30,161.26953672698,578.14756919073,100.112188606179,37.132804904348
2015-08-23 14:00:00,30,143.491032382457,365.868752201266,90.7041110462389,48.3490619998809
2015-08-23 15:00:00,30,178.911591433611,456.949937541613,115.466568785262,42.1775520816787
2015-08-23 16:00:00,30,172.195495080504,436.376595316503,99.5856946243123,39.2192746690704
2015-08-23 17:00:00,30,159.167247036753,462.193886115392,101.658065311389,43.2013835478539
2015-08-23 18:00:00,30,191.222883294924,533.815329003252,94.5292839225601,38.8262117500049
2015-08-23 19:00:00,30,165.743677768963,531.945269240159,99.7703632169205,32.9850268594744
2015-08-23 20:00:00,30,166.523707628413,454.481072104191,105.650298129867,43.1992459922145
2015-08-23 21:00:00,30,172.881144461214,452.867618098159,94.8734874032525,45.3320049164738
2015-08-23 22:00:00,30,181.905130642671,502.760305536814,99.9056390315642,32.2226770921154
2015-08-23 23:00:00,30,177.71228626392,430.712191408973,105.095526101782,35.2694165536522
2015-08-24 00:00:00,30,197.035062477262,422.974244008825,109.80397559931,50.3714749690008
2015-08-24 01:00:00,30,164.78405428584,369.092269773607,111.133466012065,38.2383288823723
2015-08-24 02:00:00,30,154.399943557077,435.173157557527,101.842249617555,48.639023909966
2015-08-24 03:00:00,30,177.781702602821,521.799962298015,98.2073531805641,34.7820466428576
2015-08-24 04:00:00,30,174.956278358153,432.289268006784,106.046096404252,32.8097064587097
2015-08-24 05:00:00,30,155.831562586571,446.446825812776,98.2357813402795,48.0746397821966
2015-08-24 06:00:00,30,174.680313578162,371.796452320245,88.9999215406273,39.6890413963661
2015-08-24 07:00:00,30,178.709736991012,416.832940286247,109.042659079496,22.0223841305805
2015-08-24 08:00:00,30,173.629461755537,407.616023200394,111.515426343461,38.6289381833897
2015-08-24 09:00:00,30,198.317780995815,450.608804607097,125.640611626527,43.2763373324432
2015-08-24 10:00:00,30,205.023821999599,505.876737428329,102.053037772053,36.2631150565472
2015-08-24 11:00:00,30,163.616656929745,564.281944817735,93.4515633545955,39.0589671927355
2015-08-24 12:00:00,30,166.191374364249,543.365193994857,104.856609759999,42.7920353805396
2015-08-24 13:00:00,30,188.128240019638,425.211746046215,96.7578908297011,39.6398784551925
2015-08-24 14:00:00,30,182.170114184283,627.788593658181,88.5137137234018,39.6141328158977
2015-08-24 15:00:00,30,152.971769460265,464.818283410321,103.485655383799,43.7516914616831
2015-08-24 16:00:00,30,182.746610962569,463.522831386021,103.985968542785,41.1048415650391
2015-08-24 17:00:00,30,164.47089552939,496.670126587574,96.3578308050211,34.908173923885
2015-08-24 18:00:00,30,170.490944600569,391.218094339578,109.789924584348,45.3680952806333
2015-08-24 19:00:00,30,161.650566991013,392.865001371226,92.9825799826316,42.482810975437
2015-08-24 20:00:00,30,187.895905976666,420.539771399343,97.687038681057,32.7691948774861
2015-08-24 21:00:00,30,170.342149258858,428.14400867387,71.208812073121,41.0263771190262
2015-08-24 22:00:00,30,146.962348331153,504.779581543777,89.7416064289508,48.5464921296153
2015-08-24 23:00:00,30,195.056903194554,531.15817673321,99.800634623096,42.6663545229632
2015-08-25 00:00:00,30,189.998414542011,458.744268298765,109.542435778279,34.8296168639749
2015-08-25 01:00:00,30,161.516907936158,382.011169399294,80.4594832983665,34.8331844697306
2015-08-25 02:00:00,30,168.070494656591,421.818006027776,99.4359971326259,41.0587220852044
2015-08-25 03:00:00,30,169.52496722889,460.954992165051,100.701546352471,43.7725725857606
2015-08-25 04:00:00,30,185.432399539994,432.067390653739,95.2550745479175,41.9075508295723
2015-08-25 05:00:00,30,158.853544003537,499.223253863275,108.521046240637,40.3997157957698
2015-08-25 06:00:00,30,166.207405907984,448.834308192235,109.856954871534,44.6896086237629
2015-08-25 07:00:00,30,169.224086651307,417.963566221432,104.598944015455,37.4296527813844
2015-08-25 08:00:00,30,148.143286390905,435.35255170034,111.022527094607,42.3897317727586
2015-08-25 09:00:00,30,160.929427648692,443.35934299596,97.6561199589415,33.3151658478144
2015-08-25 10:00:00,30,184.05531573344,470.626936502026,100.96043292975,41.8201138522203
2015-08-25 11:00:00,30,169.725787019537,511.175228905431,93.0352585488204,39.3518587857898
2015-08-25 12:00:00,30,171.856878105887,433.741983611363,101.979147964475,38.6840792390613
2015-08-25 13:00:00,30,183.994353987017,465.578065179259,77.1638367317816,46.847621106405
2015-08-25 14:00:00,30,181.914568676854,382.426394204449,115.700794677936,43.5192113024644
2015-08-25 15:00:00,30,140.148846658911,370.232101710076,111.408169742383,42.6094582778474
2015-08-25 16:00:00,30,176.809950273829,429.443574681964,101.384299821576,33.5240664455087
2015-08-25 17:00:00,30,205.281439224225,402.060607927145,97.1377160684479,39.1483078129818
2015-08-25 18:00:00,30,171.383804452877,362.345445729149,87.3081389543628,38.3688750375356
2015-08-25 19:00:00,30,170.726553208173,466.661426779423,103.900133607467,43.9763097085791
2015-08-25 20:00:00,30,172.058649584038,457.727639894872,96.9056197724257,40.9279419575427
2015-08-25 21:00:00,30,191.202641359532,477.013432280058,97.339532664454,32.198778392254
2015-08-25 22:00:00,30,182.106024225673,359.716543084213,87.9892488970721,45.5764548875862
2015-08-25 23:00:00,30,168.96865400147,431.01929980339,89.7833996167216,50.7338062125017
2015-08-26 00:00:00,30,158.639595981469,468.572308613484,116.925203433184,41.8832798759043
2015-08-26 01:00:00,30,187.40372785912,408.615080028985,92.8980671478485,34.0264723701084
2015-08-26 02:00:00,30,170.90488069483,445.374162637491,95.8932532731048,44.4650276697163
2015-08-26 03:00:00,30,172.133504640721,475.866259101448,95.1333897196682,43.4670330366703
2015-08-26 04:00:00,30,156.954910459831,451.217821568527,95.8423530755422,46.4126426633509
2015-08-26 05:00:00,30,191.104935318806,492.540717209907,102.797486181702,51.0361915091367
2015-08-26 06:00:00,30,160.013414525456,493.002536111172,104.632323783296,36.4866220657053
2015-08-26 07:00:00,30,169.642783448749,489.721055533578,90.9798728140565,43.8919080097916
2015-08-26 08:00:00,30,153.19914315784,484.248194074922,94.2706629311362,33.648562529101
2015-08-26 09:00:00,30,217.891500129026,472.042848448006,86.1204014847188,34.514896352686
2015-08-26 10:00:00,30,178.984646819761,439.054122267686,96.6482114308136,24.2732471065302
2015-08-26 11:00:00,30,159.34008641039,444.840065195786,92.0040291290238,40.6938359062556
2015-08-26 12:00:00,30,191.7274456195,380.40748017871,93.3133918161901,35.8999162826268
2015-08-26 13:00:00,30,176.468793437104,427.827288416866,101.715619560743,41.904829023962
2015-08-26 14:00:00,30,153.665689564029,439.035336184715,89.700155289147,50.1825469666969
2015-08-26 15:00:00,30,169.386082196991,400.333845835247,84.5953359630542,45.3087079244864
2015-08-26 16:00:00,30,183.055179927939,383.019465262366,78.2583099866504,43.1495605187326
2015-08-26 17:00:00,30,174.084719240144,476.142189703327,91.3065527466753,35.6352967522017
2015-08-26 18:00:00,30,161.870264330857,386.228969929476,84.5509742802944,37.9470829265511
2015-08-26 19:00:00,30,168.505111571852,396.146433894363,98.9724565734278,38.8611034287027
2015-08-26 20:00:00,30,167.529253169848,467.577205336551,106.43975397669,33.8092174222808
2015-08-26 21:00:00,30,177.934164675362,443.826070074719,82.8628372307886,44.2013715036337
2015-08-26 22:00:00,30,173.517727452155,478.911192053107,90.3058512807176,44.8230678738907
2015-08-26 23:00:00,30,126.204670481942,413.199775331048,103.365664451274,33.9325936798958
2015-08-27 00:00:00,30,192.606932121886,479.11331887028,99.7292446770855,42.2364792806296
2015-08-27 01:00:00,30,187.93302051597,485.533196404462,111.543563810883,40.6520498536882
2015-08-27 02:00:00,30,153.07394456089,349.326259929838,90.3733379653443,33.5612908419194
2015-08-27 03:00:00,30,160.435050003509,358.227204119108,90.9893593274432,44.6221830847456
2015-08-27 04:00:00,30,178.469693515081,463.280968716073,120.445348578412,44.8301710163258
2015-08-27 05:00:00,30,166.69732306835,504.804888594779,113.596694764917,36.5480520236767
2015-08-27 06:00:00,30,172.262914573606,430.075423727045,105.864475181846,45.8563408767192
2015-08-27 07:00:00,30,158.805400670187,413.996930982483,113.725181856579,35.8159009120433
2015-08-27 08:00:00,30,178.704239816456,444.132748046636,99.3868350931346,46.7065742795149
2015-08-27 09:00:00,30,182.290108758068,392.301169923876,99.1356955946823,44.1812068117618
2015-08-27 10:00:00,30,150.063593826028,428.350567343646,89.8276369521439,41.8302868726305
2015-08-27 11:00:00,30,176.942899484889,427.09649234618,104.378291251499,42.9774724167335
2015-08-27 12:00:00,30,183.035577570767,451.52286800732,91.1800389564031,38.8863347644044
2015-08-27 13:00:00,30,138.509525468379,452.980788456636,110.517661013571,38.5858768742748
2015-08-27 14:00:00,30,175.591212087882,460.095350776734,116.060435645963,43.4830711802022
2015-08-27 15:00:00,30,174.817562216186,438.800384925255,105.21506815065,35.9116201709239
2015-08-27 16:00:00,30,162.030634968555,444.891444020079,101.104124916795,42.1789397843115
2015-08-27 17:00:00,30,181.591568187557,445.127255247873,92.7079818012549,39.7951450152138
2015-08-27 18:00:00,30,173.455731214296,434.037151131589,105.496680357603,40.5286799282448
2015-08-27 19:00:00,30,162.349894564854,494.220400146348,99.5560914275679,35.7342643250798
2015-08-27 20:00:00,30,175.914945154169,387.171124892228,94.3807954053203,34.6541170870616
2015-08-27 21:00:00,30,179.079454303129,405.579807478568,78.7073228868715,40.6994567952147
2015-08-27 22:00:00,30,182.891933185233,494.360275808968,95.67605281323,46.9366557549442
2015-08-27 23:00:00,30,164.12296940141,453.517119363228,90.2890673731284,36.5531241193069
2015-08-28 00:00:00,30,152.375603274189,422.267978951385,92.910788185467,32.0167645854806
2015-08-28 01:00:00,30,170.39747434466,416.2028474149,99.1627549682387,43.9904552635744
2015-08-28 02:00:00,30,170.276667437821,477.89330941572,93.1199503876528,39.324251376794
2015-08-28 03:00:00,30,167.492688936872,442.417999118538,109.102877483002,41.4947241553118
2015-08-28 04:00:00,30,169.738513486638,552.199275336023,99.6153801250923,39.4802403883511
2015-08-28 05:00:00,30,186.392062567661,423.916785603468,95.2287529795519,27.4285367836484
2015-08-28 06:00:00,30,181.609007988777,416.516310721142,88.7682846187006,39.8868823708165
2015-08-28 07:00:00,30,163.326721486892,528.7090202983,69.0638899993521,45.427329543408
2015-08-28 08:00:00,30,199.077666687024,435.86247654007,100.446452118857,44.440296093029
2015-08-28 09:00:00,30,170.356657850743,399.090220338502,91.1173129451406,45.3306943850132
2015-08-28 10:00:00,30,164.985912598002,452.366679616721,107.21816387285,38.7729741867859
2015-08-28 11:00:00,30,176.890487708931,343.349637596239,89.0125566073128,43.5975113301414
2015-08-28 12:00:00,30,189.195918979412,507.823759025972,103.87843978152,44.1022206272573
2015-08-28 13:00:00,30,143.210622288378,502.000740365421,101.470644690996,31.9116604945996
2015-08-28 14:00:00,30,189.538388063992,564.683653770249,104.309671402613,42.3285061047317
2015-08-28 15:00:00,30,165.517103345329,393.576014109938,111.849802001921,45.7071799253481
2015-08-28 16:00:00,30,145.250622652123,392.366174262988,111.563304076406,47.0253719441801
2015-08-28 17:00:00,30,160.029666496209,402.337180541056,93.3078709250538,35.0890573164383
2015-08-28 18:00:00,30,152.61774117229,406.730702396087,92.3428374370685,32.6920586752068
2015-08-28 19:00:00,30,150.900941097606,492.871660932307,103.292766959177,47.4689785071873
2015-08-28 20:00:00,30,172.07990191512,507.580241520669,92.0819591790416,44.9125534931589
2015-08-28 21:00:00,30,168.218071506059,409.163293132081,99.0196532502316,32.0671128584057
2015-08-28 22:00:00,30,193.945349662408,423.322722034109,100.286791082586,36.548754860681
2015-08-28 23:00:00,30,160.116215859108,459.212874646224,83.6395609130213,42.2441371716947
2015-08-29 00:00:00,30,169.567761896867,490.682911040586,96.883139355938,39.6412972205131
2015-08-29 01:00:00,30,170.813674491304,442.195692686876,86.3936847537242,39.2946759549733
2015-08-29 02:00:00,30,145.982860129992,496.502102106178,116.864988551541,47.1850423668448
2015-08-29 03:00:00,30,163.418647053303,426.447141436209,100.190592282325,36.7548918513905
2015-08-29 04:00:00,30,132.371609334225,473.928301962163,106.401092702088,44.0901407918147
2015-08-29 05:00:00,30,174.922386438716,476.23957636992,95.9737373641352,40.2701820395924
2015-08-29 06:00:00,30,181.390849569341,488.295708342922,96.6216399636793,51.4631006478151
2015-08-29 07:00:00,30,172.671697613826,472.418011900947,111.866532276859,35.1635265348113
2015-08-29 08:00:00,30,148.718328597903,387.878204640699,89.0181997902684,46.8795677887327
2015-08-29 09:00:00,30,178.157714022273,511.864697203914,111.507473611047,41.1223512413129
2015-08-29 10:00:00,30,167.247844169778,436.947552837733,101.533590639697,44.6482361380709
2015-08-29 11:00:00,30,156.022822014261,376.99193435804,98.0089959553242,32.7128684579131
2015-08-29 12:00:00,30,164.541918406455,461.872495542355,110.552933334488,50.1044362507375
2015-08-29 13:00:00,30,159.422829006047,409.075772166871,108.835748739135,45.3200834573944
2015-08-29 14:00:00,30,165.678202398939,397.156282013085,100.339443267769,34.7603848455903
2015-08-29 15:00:00,30,167.315389995287,517.128049087678,95.5804168290808,42.2071075412046
2015-08-29 16:00:00,30,176.362273229682,414.841350042508,119.602545269839,43.4504739501756
2015-08-29 17:00:00,30,205.624735925962,441.824257179157,86.774719571947,35.3681455672568
2015-08-29 18:00:00,30,159.888268055853,409.922030668584,91.4167939562115,33.6992440303837
2015-08-29 19:00:00,30,168.765282695366,381.947929405416,73.871418879767,34.1712097092044
2015-08-29 20:00:00,30,188.005580772805,491.740999246952,102.945891829333,34.7816265836182
2015-08-29 21:00:00,30,179.308500507362,403.44710252335,101.85553605356,42.806825035051
2015-08-29 22:00:00,30,151.715463638666,444.91572901664,113.078336804338,34.9363760043449
2015-08-29 23:00:00,30,157.905764318489,569.014305187717,99.9801218302668,44.5933496431282
2015-08-30 00:00:00,30,208.289741440593,403.976825540446,85.0054997078851,43.0839015095197
2015-08-30 01:00:00,30,168.929264332128,409.734388855178,103.665693486427,42.3481113791467
2015-08-30 02:00:00,30,192.62717558902,430.051696950834,100.864192786412,41.5877589994635
2015-08-30 03:00:00,30,170.228540028618,466.705820336336,92.2677984935101,36.7836321276985
2015-08-30 04:00:00,30,182.15794985756,461.585188597524,95.4882904035872,44.2416127680887
2015-08-30 05:00:00,30,154.014911665385,496.709533751476,111.676847399909,35.7760560491508
2015-08-30 06:00:00,30,146.702840668785,442.332472479608,106.929103502554,32.9102137875473
2015-08-30 07:00:00,30,151.808714299948,454.279447556359,105.592198274007,37.9783744970221
2015-08-30 08:00:00,30,188.956855083479,402.884525239687,96.7888483086693,42.624041042456
2015-08-30 09:00:00,30,156.32716951899,459.7007092598,93.2890059095191,45.4241854546451
2015-08-30 10:00:00,30,184.220443666669,409.880344847369,98.7450841442423,39.5941533070431
2015-08-30 11:00:00,30,157.350994718324,487.779448482301,106.632105783776,37.0490490423458
2015-08-30 12:00:00,30,164.522306071498,468.18306634547,93.7942257828775,37.1332014221476
2015-08-30 13:00:00,30,151.213139137069,422.621321875356,103.871300093422,40.5659864874787
2015-08-30 14:00:00,30,191.970535182568,417.829017801379,99.6405428310701,36.7431079526313
2015-08-30 15:00:00,30,176.430723505115,468.617320812624,124.660015219356,44.038734869723
2015-08-30 16:00:00,30,180.617700271647,503.74421548958,96.2987718681992,41.6055589323919
2015-08-30 17:00:00,30,158.286245185844,453.350188038138,117.415466027757,39.8433224781371
2015-08-30 18:00:00,30,141.186213217424,396.389238471812,85.7315376262269,42.6037348883233
2015-08-30 19:00:00,30,170.369345476638,480.096370338705,97.6237597921292,28.0851421306681
2015-08-30 20:00:00,30,153.854527662288,458.10964273609,97.1927788126664,46.8902131230601
2015-08-30 21:00:00,30,192.832982983927,535.944159160321,84.4202219517915,50.8492124955661
2015-08-30 22:00:00,30,149.886206304836,398.667203359019,111.964895710963,43.3476739955287
2015-08-30 23:00:00,30,185.302486199638,339.961671455069,99.1545625807236,39.4086758602197
2015-08-31 00:00:00,30,195.751369618847,456.159268458776,96.9152539436264,37.6554463768172
2015-08-31 01:00:00,30,189.939788750558,496.076503863214,109.202798709193,42.7620068037479
2015-08-31 02:00:00,30,164.066522849325,524.332343535999,90.3122836098103,44.488060859116
2015-08-31 03:00:00,30,187.134631779719,396.734321147936,90.9588181547758,44.8431009130812
2015-08-31 04:00:00,30,177.024034585728,441.018169272464,101.733599109744,40.8805433036313
2015-08-31 05:00:00,30,163.771752006057,364.306765921139,96.6800787566167,42.0092123738032
2015-08-31 06:00:00,30,165.669017943729,426.88140556952,99.870820579527,37.7302603624783
2015-08-31 07:00:00,30,161.385982486243,504.685542479854,90.386906759686,37.6528423541797
2015-08-31 08:00:00,30,166.415160973544,427.064741393112,97.0317353763099,37.6136602126301
2015-08-31 09:00:00,30,168.434188023773,383.420619929938,100.730910741226,41.2909912276357
2015-08-31 10:00:00,30,185.335585572049,432.621963841926,118.263704751809,46.9386835014894
2015-08-31 11:00:00,30,181.07285418671,510.101982148583,96.2682056863256,50.214714863191
2015-08-31 12:00:00,30,200.920317158764,508.423235445202,114.875866441195,30.3641267082198
2015-08-31 13:00:00,30,179.032918608777,470.007097359416,99.299708459168,23.164792389094
2015-08-31 14:00:00,30,184.477541081543,467.523302218036,107.645044772753,36.1335102933619
2015-08-31 15:00:00,30,142.640111669532,448.199175822038,117.639273955076,43.1914535080618
2015-08-31 16:00:00,30,172.377637962065,352.253887971497,108.593987399508,38.4134055344943
2015-08-31 17:00:00,30,194.033767145402,549.58159744044,107.85949989319,39.7368739491692
2015-08-31 18:00:00,30,178.829206656598,496.241367297585,114.162992582462,35.5176040647293
2015-08-31 19:00:00,30,183.059968929969,409.26033086076,112.147678427301,40.6189709133491
2015-08-31 20:00:00,30,179.550521851344,477.363433026824,93.5160946060304,32.9513290296319
2015-08-31 21:00:00,30,142.611265982672,476.786094068974,105.956827077699,37.1704046031539
2015-08-31 22:00:00,30,149.127159848552,486.289160833671,101.809811551746,47.3467907651947
2015-08-31 23:00:00,30,184.854718087604,498.136267426291,100.833099519998,28.114911836236
2015-09-01 00:00:00,30,153.572806675716,376.077648338528,96.9758863960659,39.3639052481461
2015-09-01 01:00:00,30,167.439665992502,481.788235600371,98.3731601614753,44.8439377011413
2015-09-01 02:00:00,30,192.571877556823,456.926087036714,94.2798765343105,45.0905219538645
2015-09-01 03:00:00,30,185.988240324492,359.051949943974,101.926069369602,46.7872190169463
2015-09-01 04:00:00,30,170.368221315062,407.244012281579,105.651204138117,38.8014115728904
2015-09-01 05:00:00,30,191.276486756281,503.550152307111,83.9208093868951,34.6456935134294
2015-09-01 06:00:00,30,202.850190451632,416.492905717746,121.552055567948,45.4021766662019
2015-09-01 07:00:00,30,178.81049386065,525.19494480469,114.544318516083,37.7657371055941
2015-09-01 08:00:00,30,176.086120950553,494.024806244546,102.404021671374,38.4672183618516
2015-09-01 09:00:00,30,162.824574396162,389.785616273714,82.7596391716541,38.0646466431824
2015-09-01 10:00:00,30,145.414634975864,436.322545800893,102.601880882421,50.1201303069573
2015-09-01 11:00:00,30,181.652161366413,378.735209215258,97.1801877542376,38.2834342768725
2015-09-01 12:00:00,30,180.814286200902,438.609603803118,102.091058015437,45.1648877213093
2015-09-01 13:00:00,30,165.498416746899,419.963199886871,103.562651266159,41.1280789201781
2015-09-01 14:00:00,30,180.158315639507,479.63394199589,113.338019676635,36.4504642070951
2015-09-01 15:00:00,30,166.348810936066,432.202003024379,106.566772484984,43.1633667411032
2015-09-01 16:00:00,30,176.999955315262,515.492726487023,93.3134953772691,41.066475800218
2015-09-01 17:00:00,30,157.146223556715,394.296672773474,93.3401505581325,33.8176117213375
2015-09-01 18:00:00,30,180.529729184322,479.320383702724,83.0147090094153,35.644386226027
2015-09-01 19:00:00,30,144.228344410905,518.583701856333,100.293037995499,49.5672741899032
2015-09-01 20:00:00,30,188.417438584018,346.510869825292,91.3808663547753,44.0780384613806
2015-09-01 21:00:00,30,146.27575010519,451.269257072497,126.304168407589,39.7685828104324
2015-09-01 22:00:00,30,172.375338784592,453.967773714867,78.1439775663077,42.6403534018015
2015-09-01 23:00:00,30,184.624808067532,355.480895399375,106.594784298137,39.2437514969433
2015-09-02 00:00:00,30,168.282241616536,511.212196323975,93.0902348163377,33.5600036865133
2015-09-02 01:00:00,30,157.461844015068,486.931189347209,99.7915266391079,39.4143759821988
2015-09-02 02:00:00,30,185.698169184678,559.413168779946,97.1705980699868,46.2792540449173
2015-09-02 03:00:00,30,163.247522399087,374.851532664917,104.863077313842,38.9698324382792
2015-09-02 04:00:00,30,170.513834168319,470.646241389528,87.5930833069271,45.7117164926234
2015-09-02 05:00:00,30,182.801288522666,466.126450712624,81.9547526983072,39.1993716377593
2015-09-02 06:00:00,30,192.225085878203,498.011267390798,101.868863967065,33.6480733108242
2015-09-02 07:00:00,30,188.843017459921,450.339022239001,98.7937272726512,39.3650828043114
2015-09-02 08:00:00,30,174.727908194934,469.180145487972,84.5904555001853,36.60338559239
2015-09-02 09:00:00,30,164.670889551315,480.032170613521,109.374314115715,42.6775569316406
2015-09-02 10:00:00,30,177.263244073742,430.407919609444,86.0356082880481,43.3832848108472
2015-09-02 11:00:00,30,150.489465154479,443.577841467345,100.60686915925,31.4163734913547
2015-09-02 12:00:00,30,172.709715477562,448.096451046153,110.840591321309,30.7217730233538
2015-09-02 13:00:00,30,169.751169434789,465.92997828464,101.462844718617,41.5130756574915
2015-09-02 14:00:00,30,171.137006125314,431.596945082823,83.958432437607,44.3709789191957
2015-09-02 15:00:00,30,160.77667416596,431.649423704812,87.5213396491403,35.3672751244691
2015-09-02 16:00:00,30,154.215820920485,417.793846470704,105.68120802263,52.5095598333446
2015-09-02 17:00:00,30,178.78754965648,413.220652977958,102.432601765133,34.6570225629408
2015-09-02 18:00:00,30,173.897158517144,399.537310926918,89.909173544923,38.591249932701
2015-09-02 19:00:00,30,161.870849972185,500.890598843634,98.1690722495404,52.2189696370275
2015-09-02 20:00:00,30,171.870313904821,467.460047537556,94.0646816353621,32.7782785943772
2015-09-02 21:00:00,30,175.864237989682,422.062733650926,118.16643924008,48.5974822421638
2015-09-02 22:00:00,30,167.592532561623,385.427406994552,96.7378682906944,39.0291382308427
2015-09-02 23:00:00,30,166.505510814636,443.146808287746,100.81932947119,43.475105964486
2015-09-03 00:00:00,30,150.845832859673,408.537164822762,103.188782820076,48.2427963217175
2015-09-03 01:00:00,30,180.183266483291,463.813506440782,97.1967881244871,38.4951091536685
2015-09-03 02:00:00,30,198.245584675087,509.595085103493,95.7377034718045,41.7385373663904
2015-09-03 03:00:00,30,170.874256168361,434.646014058367,101.928403200997,39.9906581171739
2015-09-03 04:00:00,30,163.880472405546,482.969023228833,111.960363882558,38.6003813401088
2015-09-03 05:00:00,30,148.915193657568,465.104348956609,96.2256103154283,41.5840081426016
2015-09-03 06:00:00,30,168.141720550019,418.129837455772,115.543782065071,49.078784420946
2015-09-03 07:00:00,30,177.068228888759,424.303634686322,110.820788648412,35.5860692557044
2015-09-03 08:00:00,30,161.762778746846,445.213602864872,115.541190718851,39.4416369584029
2015-09-03 09:00:00,30,170.93036573177,407.448298572207,112.213283336922,32.7903403166776
2015-09-03 10:00:00,30,137.605633562553,447.416994978277,118.542849930037,39.055008024209
2015-09-03 11:00:00,30,175.816162530436,414.890994361158,96.7072900202708,36.3640084797678
2015-09-03 12:00:00,30,184.291980306813,468.902159790375,106.093459827127,36.4095689939018
2015-09-03 13:00:00,30,168.400041759485,389.831801098845,98.6304334354532,44.3331210771119
2015-09-03 14:00:00,30,181.696796729972,330.72576860668,111.883774792842,46.25944290912
2015-09-03 15:00:00,30,163.913529628164,319.49120889181,87.7899042423627,43.5118666244592
2015-09-03 16:00:00,30,159.195132856475,450.947578703706,115.473228023351,54.1891477567411
2015-09-03 17:00:00,30,166.546334238069,425.261366900852,99.8262583280007,28.8363458838217
2015-09-03 18:00:00,30,166.781530440467,467.967807590977,115.785785192218,36.1879598649862
2015-09-03 19:00:00,30,175.091624291778,493.032634023412,80.4359999557375,34.0382496984487
2015-09-03 20:00:00,30,192.366674037689,459.823376642118,76.4637407829387,41.9622769851449
2015-09-03 21:00:00,30,187.553154090157,530.938053610202,109.080366275408,42.1105740214639
2015-09-03 22:00:00,30,182.170236338151,543.169910859642,81.1944988974267,44.6694264871662
2015-09-03 23:00:00,30,176.326502334335,368.967590463957,101.39206528058,42.550731369678
2015-09-04 00:00:00,30,181.701004515756,493.192909672368,106.724429228283,45.9343885021126
2015-09-04 01:00:00,30,162.018380494063,427.176370982345,97.823157312168,49.4368835237884
2015-09-04 02:00:00,30,175.919501297816,423.744151616359,112.193498720313,37.2847217230452
2015-09-04 03:00:00,30,169.277836218724,431.912896366779,116.888585063004,49.2811772441619
2015-09-04 04:00:00,30,184.754778902054,471.891483269768,81.8999262227836,38.2794733630608
2015-09-04 05:00:00,30,174.686994566819,521.970799283641,71.8151685470137,36.3373934281037
2015-09-04 06:00:00,30,184.606897955577,455.576815221647,104.123019939894,42.7904816061405
2015-09-04 07:00:00,30,216.394410210448,398.85835068743,116.349108227714,37.8560813629005
2015-09-04 08:00:00,30,139.863545184028,417.402833374503,87.2199545169057,36.6300805960159
2015-09-04 09:00:00,30,185.178827027363,449.747323648914,94.0446870329448,40.349633635448
2015-09-04 10:00:00,30,173.184879710108,443.442443668976,89.4292016855394,36.2679138235923
2015-09-04 11:00:00,30,165.610311300917,333.367184985467,86.4114531495832,39.0199802406371
2015-09-04 12:00:00,30,143.699200829568,342.812958535132,114.330358809043,37.3449305007046
2015-09-04 13:00:00,30,150.927770132323,612.669070933073,113.49147597221,48.1821155164466
2015-09-04 14:00:00,30,168.240442819405,440.267215749112,78.7712536346667,31.7061507456562
2015-09-04 15:00:00,30,170.279071549404,372.761313424229,90.3818702088111,41.0054701213257
2015-09-04 16:00:00,30,151.097512556854,470.838117416995,102.678164637929,45.2444433297682
2015-09-04 17:00:00,30,161.199605426645,381.104901590826,97.5595969467217,34.4940343461693
2015-09-04 18:00:00,30,149.720620334045,485.190208521896,96.3284237977538,51.0480570495744
2015-09-04 19:00:00,30,164.842684440908,376.945702481315,101.837949866009,35.1520642747683
2015-09-04 20:00:00,30,179.154815894909,478.89201119479,110.100061666617,37.8095582091275
2015-09-04 21:00:00,30,166.323442303167,459.25450459158,81.6665500928406,32.3747627203595
2015-09-04 22:00:00,30,168.543583886569,418.696467099931,108.212164355256,37.0724498964768
2015-09-04 23:00:00,30,165.085821710927,413.594129751537,100.867305200088,35.0039345096906
2015-09-05 00:00:00,30,163.558761997069,464.355054460927,91.4354744869275,35.3108562631437
2015-09-05 01:00:00,30,168.094497782405,460.336186538011,110.912999467552,34.193050703567
2015-09-05 02:00:00,30,190.789040306132,366.049851152423,110.710912465611,47.9792931134598
2015-09-05 03:00:00,30,163.007428865304,479.553323252483,101.155426598721,43.7731403586303
2015-09-05 04:00:00,30,158.706240228568,492.259779581928,101.53368535875,42.9829710398803
2015-09-05 05:00:00,30,155.637314112736,471.693158270252,95.0829813374683,36.6826687310517
2015-09-05 06:00:00,30,172.824816016236,458.426410641299,105.612666438681,38.2806270815211
2015-09-05 07:00:00,30,182.329595961118,388.726082370258,104.478389407699,32.5088884409831
2015-09-05 08:00:00,30,157.972210140614,486.181353880454,90.8580583242278,41.792616909227
2015-09-05 09:00:00,30,186.687306347771,444.364590000875,117.234305325336,43.1287831296707
2015-09-05 10:00:00,30,172.095491221276,445.391762572659,94.1610757215053,29.9848417965405
2015-09-05 11:00:00,30,173.150853123701,510.356022918277,98.531600655691,41.7154090455551
2015-09-05 12:00:00,30,147.165107473881,453.204480449581,110.262496499699,45.6816085361668
2015-09-05 13:00:00,30,168.882656139723,541.90160954282,77.6145820600226,33.4070089135063
2015-09-05 14:00:00,30,136.195279816419,390.804967481077,90.7493372174993,40.3638968232214
2015-09-05 15:00:00,30,182.643418151951,389.107561822893,89.1110941428088,51.2052089069078
2015-09-05 16:00:00,30,166.04207755992,515.666468872275,77.4474848344819,45.3742148596229
2015-09-05 17:00:00,30,159.439846863943,471.850581645891,82.231757686027,41.1620903104137
2015-09-05 18:00:00,30,159.732380925689,362.174265903422,120.961691547816,38.8585568304092
2015-09-05 19:00:00,30,168.696547704562,548.797489195243,78.8519097480247,38.230585547165
2015-09-05 20:00:00,30,145.233697099383,449.337173694291,100.593626942481,43.0754947165015
2015-09-05 21:00:00,30,161.846012417553,481.782457020484,114.397442478579,47.7954192832698
2015-09-05 22:00:00,30,187.636404524395,475.990193429614,105.938483362096,38.615730806713
2015-09-05 23:00:00,30,189.947564544196,407.619739305936,105.769323993219,41.8402450625018
2015-09-06 00:00:00,30,153.101520382795,517.43353402606,104.348646570547,38.6702619906052
2015-09-06 01:00:00,30,185.406781512965,512.275990717574,108.767613928667,42.1972711589518
2015-09-06 02:00:00,30,178.295805039118,498.617500672969,94.3491169514449,34.5184617170768
2015-09-06 03:00:00,30,155.072588120848,439.687369458402,102.328265858699,32.7360869702446
2015-09-06 04:00:00,30,175.349880797976,419.288048673257,102.110987670546,41.2445926640665
2015-09-06 05:00:00,30,149.049027095215,430.572256371936,101.483444507709,38.1291444868675
2015-09-06 06:00:00,30,165.450224780675,407.887780020802,116.952336613114,40.0834740698913
2015-09-06 06:00:00,30,165.450224780675,407.887780020802,116.952336613114,40.0834740698913
2015-09-06 07:00:00,30,174.05779245393,424.210948221092,99.3083628499651,49.2052357773401
2015-09-06 08:00:00,30,174.210346061409,432.106907768462,91.0777509426882,41.7645424557958
2015-09-06 09:00:00,30,168.491082578714,467.275639866141,100.351789071649,37.1844087114953
2015-09-06 10:00:00,30,148.882042572096,462.191100932258,106.125874698938,40.0250280498415
2015-09-06 11:00:00,30,165.102078278131,453.341462324884,94.9940365496308,43.6602635334815
2015-09-06 12:00:00,30,157.16455293677,459.902378914865,101.091322378619,38.475165309304
2015-09-06 13:00:00,30,181.435999109091,422.354211812495,93.5284863932488,45.4667229826914
2015-09-06 14:00:00,30,160.548993395102,428.141038924556,108.574064788024,47.3006022399027
2015-09-06 15:00:00,30,151.911847181081,464.287948052622,108.88679313756,43.9068900805515
2015-09-06 16:00:00,30,147.105772891637,423.646999890967,112.067802069448,42.6264018075566
2015-09-06 17:00:00,30,188.157828823333,493.075439900481,93.3793565872184,40.8561721762137
2015-09-06 18:00:00,30,182.428028777103,546.803580291546,103.989413712293,42.490626014018
2015-09-06 19:00:00,30,152.875377860046,398.169851975955,115.531163637223,37.8401368293271
2015-09-06 20:00:00,30,161.297094093146,458.649546667036,108.902619083482,34.0856802481966
2015-09-06 21:00:00,30,137.89661309005,403.744523517105,93.7451398514778,40.6728328045679
2015-09-06 22:00:00,30,151.979936146769,492.693109520627,102.574398580964,33.7362434002951
2015-09-06 23:00:00,30,165.626025531961,387.194882558871,79.0372060540217,46.826431473341
2015-09-07 00:00:00,30,173.983878678014,439.156247961226,97.8815031950657,45.8045617079182
2015-09-07 01:00:00,30,196.401899634241,524.839258400477,87.9633617749239,35.2291728589798
2015-09-07 02:00:00,30,158.159826688348,486.138489477131,108.961002296128,40.3545548837918
2015-09-07 03:00:00,30,164.913960866912,449.181679047081,117.581548403218,44.2511288211165
2015-09-07 04:00:00,30,167.548730652915,354.975749942291,99.4304364997174,42.3796368658376
2015-09-07 05:00:00,30,180.942434321191,490.935456255535,92.6266290418278,45.8752416094001
2015-09-07 06:00:00,30,140.841580012598,376.268257194534,84.4484581365771,43.3970933634784
2015-09-07 07:00:00,30,161.764603415413,439.823089287984,95.3074735428846,35.0526979446182
2015-09-07 08:00:00,30,168.640419881936,497.583698202869,98.8818937852221,47.541642631307
2015-09-07 09:00:00,30,177.711610129892,413.576472557296,116.175967466091,31.8081728876903
2015-09-07 10:00:00,30,165.757658242948,471.147884959079,88.1984050043416,37.7735919127595
2015-09-07 11:00:00,30,152.427936609761,481.239597457144,97.1167521700471,31.3645843513722
2015-09-07 12:00:00,30,162.432759739374,488.727988160272,115.235637130051,37.549349048421
2015-09-07 13:00:00,30,178.974715309336,428.866152437059,114.518333314187,47.0347612118415
2015-09-07 14:00:00,30,141.096538938672,442.391825628319,109.287517125461,45.5704983424969
2015-09-07 15:00:00,30,155.360254432778,456.943696060926,74.88726344025,48.1512689681641
2015-09-07 16:00:00,30,138.257382815833,507.658966759124,111.622254509307,38.0520295802125
2015-09-07 17:00:00,30,159.477480397243,493.9913401945,91.0081600937447,36.4017082219464
2015-09-07 18:00:00,30,172.666990088128,502.841902399149,92.6634388436452,39.2646986288611
2015-09-07 19:00:00,30,166.117138596858,473.259404946328,99.0690756760226,33.5751730422595
2015-09-07 20:00:00,30,163.292021038248,419.136285205965,88.8311906988361,42.5604518437879
2015-09-07 21:00:00,30,176.787508627263,440.320000639164,98.644899596077,49.8889711274139
2015-09-07 22:00:00,30,170.931706520093,453.560603947824,119.975620847238,33.5761489127822
2015-09-07 23:00:00,30,157.549750785367,334.765138243023,112.290182997259,43.3217779852164
2015-09-08 00:00:00,30,160.303819523067,498.531996507031,104.016953980615,33.9428022260618
2015-09-08 01:00:00,30,183.763043220115,566.668715010535,94.9922639021931,43.9115079911858
2015-09-08 02:00:00,30,193.066972598252,450.974584626713,89.4494102401846,35.1999431135895
2015-09-08 03:00:00,30,171.575181440831,389.915579928952,94.219263371913,34.1417358824027
2015-09-08 04:00:00,30,173.353794359574,542.253974416691,90.4756681167473,51.9030659879508
2015-09-08 05:00:00,30,172.975954173629,429.274467485442,110.757696081115,33.4295517256127
2015-09-08 06:00:00,30,203.881989115451,468.63460628164,96.223233204474,44.0167853787386
2015-09-08 07:00:00,30,187.204906266009,448.120148855718,98.3036568944292,35.5157630555514
2015-09-08 08:00:00,30,172.641339598593,476.572286718384,96.369979796428,42.2556675019173
2015-09-08 09:00:00,30,184.672532414611,554.335098966218,100.544684393634,34.7775345202835
2015-09-08 10:00:00,30,185.867379581295,463.681871350464,99.9372113116721,45.5983783547433
2015-09-08 11:00:00,30,162.570492872969,476.440738994831,99.3676353135415,42.6949342590559
2015-09-08 12:00:00,30,154.85412505112,468.932519508391,124.16294871537,39.4086171858993
2015-09-08 13:00:00,30,172.496183290408,418.171444458714,106.465745794776,39.2712204424436
2015-09-08 14:00:00,30,165.330700400466,472.757056944188,89.6758769759171,34.3862052783583
2015-09-08 15:00:00,30,192.58767291305,434.997676539437,102.28264640656,35.2622535670482
2015-09-08 16:00:00,30,189.448346579189,538.972920788271,93.7088942603245,35.5011182154683
2015-09-08 17:00:00,30,143.960418942816,484.08919663804,86.8290746220338,41.0280216048351
2015-09-08 18:00:00,30,147.340385300922,412.160409718796,88.0150155524279,40.939421226485
2015-09-08 19:00:00,30,194.299978188536,466.326770883254,112.267654804699,36.5560606654563
2015-09-08 20:00:00,30,179.540041646756,367.85453127403,107.006753430587,35.9286186282378
2015-09-08 21:00:00,30,168.271302506306,484.726120569337,90.8250064201233,24.2690227557241
2015-09-08 22:00:00,30,158.069004418442,461.112526679206,101.18088692889,44.0683631479634
2015-09-08 23:00:00,30,135.504710878879,505.299309871092,109.597325035504,42.0205764766847
2015-09-09 00:00:00,30,191.416200429485,313.215252569475,98.2297442628077,35.2999445506224
2015-09-09 01:00:00,30,180.137343475092,409.175422881087,102.361634364106,41.9816302912281
2015-09-09 02:00:00,30,178.553350100379,457.144698148032,100.156345438293,38.6568429720045
2015-09-09 03:00:00,30,178.43238119337,415.913107813658,105.233677967796,35.8315977628491
2015-09-09 04:00:00,30,175.059514121917,424.963637625981,96.6687390356568,45.9960722697485
2015-09-09 05:00:00,30,164.478686687068,445.517178303878,91.7586910333384,46.9890449084042
2015-09-09 06:00:00,30,164.990995493859,361.05810887861,102.32758465882,37.4344492998006
2015-09-09 07:00:00,30,151.329056181525,508.758760110869,100.766871091208,44.293416055009
2015-09-09 08:00:00,30,151.365985246146,446.848505353729,109.198210700221,39.7073992921017
2015-09-09 09:00:00,30,166.727396610101,354.727588307801,103.180107274145,29.3062532700121
2015-09-09 10:00:00,30,192.762223741073,466.845902544803,74.47393821081,48.8826568130788
2015-09-09 11:00:00,30,148.401540395802,367.971162288805,110.333471508702,35.1796438344127
2015-09-09 12:00:00,30,173.775850144326,442.008661715979,101.763189903718,35.6664234620784
2015-09-09 13:00:00,30,185.262587651992,435.792041301489,114.568209615925,39.1391938826128
2015-09-09 14:00:00,30,170.28269417864,491.459817710814,113.169958188505,37.7793170281801
2015-09-09 15:00:00,30,170.614339116811,462.30583979714,98.6951609354875,39.7745609966192
2015-09-09 16:00:00,30,157.903241297495,427.520779626602,100.191767038367,42.3072982246003
2015-09-09 17:00:00,30,168.168415773117,455.658169334959,95.7299591869143,43.0609442986704
2015-09-09 18:00:00,30,206.589181877012,469.62845552818,106.435520192696,45.9886955318217
2015-09-09 19:00:00,30,211.556739302793,417.00900721575,102.772904687252,35.0281720500354
2015-09-09 20:00:00,30,196.839565073752,490.395478101384,98.4838864677832,39.8046564202641
2015-09-09 21:00:00,30,138.433742286863,316.083035388778,84.5387166931426,48.7366853179581
2015-09-09 22:00:00,30,163.638787053121,382.963129570227,91.8847751647431,50.00327593729
2015-09-09 23:00:00,30,165.229008363576,421.2990888961,93.4593949733143,41.4749233447328
2015-09-10 00:00:00,30,153.227822645725,416.069631590076,100.996354652145,35.8054481693258
2015-09-10 01:00:00,30,157.070473990389,461.446029248667,134.394321479195,35.3017101621451
2015-09-10 02:00:00,30,200.86219393565,466.248375165214,115.190661335566,40.0907482660858
2015-09-10 03:00:00,30,174.369656677439,451.812922487136,106.890313512296,44.4602524227903
2015-09-10 04:00:00,30,210.033415173546,514.180384610904,94.4082834576861,32.6866759622317
2015-09-10 05:00:00,30,170.927927636634,494.654386249652,97.8016810648148,39.9889020603608
2015-09-10 06:00:00,30,176.324562514305,386.385013096108,101.647825454057,43.9740971019214
2015-09-10 07:00:00,30,146.50859410556,441.361307022214,115.693560101269,45.6109348368743
2015-09-10 08:00:00,30,203.371842225233,435.366260026461,126.433360751834,40.0573724967207
2015-09-10 09:00:00,30,163.376435323906,443.42820342175,105.143351944791,32.5964176391385
2015-09-10 10:00:00,30,157.991135981543,477.832373343947,89.7551425890293,33.1385358662344
2015-09-10 11:00:00,30,155.005460309235,494.995339323788,94.8584684132774,37.7530787218242
2015-09-10 12:00:00,30,162.140344779163,422.072777812382,112.417069073119,34.3473067402668
2015-09-10 13:00:00,30,168.175247884181,511.835794083473,100.119095007373,42.3910459327832
2015-09-10 14:00:00,30,185.629619901524,458.897609459835,106.167294162067,28.4308654962873
2015-09-10 15:00:00,30,178.813010054711,342.64337689653,93.6344902197166,39.3990245545509
2015-09-10 16:00:00,30,188.723109359838,443.228947579531,95.9692678326922,41.5258590606445
2015-09-10 17:00:00,30,171.586955731882,531.762750942888,97.7769964820159,33.4412774190401
2015-09-10 18:00:00,30,164.424292186158,532.717862504707,97.4013250868554,39.7758852017301
2015-09-10 19:00:00,30,171.61533477546,484.381594514835,95.3310822527678,40.4661670149934
2015-09-10 20:00:00,30,193.41208304356,468.17922134659,105.397206134971,36.7061764131699
2015-09-10 21:00:00,30,210.178635533252,473.107729229442,89.6866297533387,45.2912631318089
2015-09-10 22:00:00,30,226.000281581368,426.784341525069,101.576619851444,35.2736129631582
2015-09-10 23:00:00,30,205.204476745495,348.696596580099,90.0114416245902,38.5975370846645
2015-09-11 00:00:00,30,197.297963450813,425.831658716973,105.341413572333,30.9425341681587
2015-09-11 01:00:00,30,169.236170849929,407.743458038067,92.6994184943871,41.5743202380851
2015-09-11 02:00:00,30,180.15424864097,400.377882338115,86.5701413653393,37.5171973064171
2015-09-11 03:00:00,30,176.326804801399,411.973038734521,94.785941399823,43.1397461664902
2015-09-11 04:00:00,30,161.940500484591,442.253129761859,120.10746535395,37.0178535872529
2015-09-11 05:00:00,30,172.724766015806,483.476631899095,108.583895299963,37.1701557492379
2015-09-11 06:00:00,30,214.606809083114,353.588496562808,96.6915189353693,42.4568988726674
2015-09-11 07:00:00,30,190.338892282488,429.581484742817,101.204010719771,35.842624593916
2015-09-11 08:00:00,30,197.253271233553,404.458157699479,101.307547073538,38.9282264077713
2015-09-11 09:00:00,30,170.284539170854,448.885355354134,103.034951297111,36.1334044993795
2015-09-11 10:00:00,30,209.593944287218,470.738681604954,101.310696483052,41.4397572320572
2015-09-11 11:00:00,30,180.114293811382,533.888342993441,108.578344173756,53.0023568015046
2015-09-11 12:00:00,30,164.578135477386,472.050693003123,99.5880906361598,44.8490500737465
2015-09-11 13:00:00,30,178.113793082057,493.184102360886,105.395142980319,40.6498054954396
2015-09-11 14:00:00,30,210.18578297283,402.530189195389,106.102695692146,46.2447318306703
2015-09-11 15:00:00,30,197.156675783992,413.854382139093,113.482144037442,39.0716369074159
2015-09-11 16:00:00,30,170.348318046963,493.768153093194,115.915486865785,42.9738935088577
2015-09-11 17:00:00,30,173.190194458002,484.807141147465,91.7953335933636,42.4009736086481
2015-09-11 18:00:00,30,198.593836353977,498.274887165761,106.079044418219,37.9252862540491
2015-09-11 19:00:00,30,176.326045898619,475.698595835968,97.4414041890684,38.0395946206129
2015-09-11 20:00:00,30,186.188968683661,352.13550368281,94.7246635288949,45.112919225786
2015-09-11 21:00:00,30,190.641147300238,465.679208518406,103.454640602171,41.875035412462
2015-09-11 22:00:00,30,179.206335384665,427.524667946609,98.9890903349255,40.494745079596
2015-09-11 23:00:00,30,176.067071435336,351.134148848829,93.0950828662004,32.6318225809378
2015-09-12 00:00:00,30,175.530474265558,502.765440058501,98.1354556767145,47.9522277937229
2015-09-12 01:00:00,30,176.98427033935,450.511338394377,102.781734654139,36.2749256898114
2015-09-12 02:00:00,30,186.316110624089,471.740876614211,120.999963190397,46.6113506349613
2015-09-12 03:00:00,30,180.048482854306,392.94378681972,106.796208175775,33.7641484793839
2015-09-12 04:00:00,30,186.207807967598,416.842612015762,105.414869141848,43.4937214644477
2015-09-12 05:00:00,30,208.717384542756,520.07015297004,103.559666631861,36.152313128261
2015-09-12 06:00:00,30,167.777435789595,482.120273715576,93.1580116586095,34.2925047128914
2015-09-12 07:00:00,30,204.717270256937,460.957930156263,105.382298912837,41.4903593043441
2015-09-12 08:00:00,30,202.75936566562,466.727115568629,109.138117506117,34.8232325352174
2015-09-12 09:00:00,30,167.2358865336,492.544395097356,96.401637689675,45.0756605277989
2015-09-12 10:00:00,30,183.327998144785,430.872567973187,107.838594029792,32.6254637914133
2015-09-12 11:00:00,30,177.407816957212,404.513021491817,106.307076725946,45.8713779294895
2015-09-12 12:00:00,30,173.021404843828,419.181060244427,97.7680640199971,34.3668749776025
2015-09-12 13:00:00,30,180.794658769302,393.80708368159,92.2707287224913,39.2658261999319
2015-09-12 14:00:00,30,196.52872015773,450.595862942381,109.39199528887,44.1112308343982
2015-09-12 15:00:00,30,188.741948782392,443.017430856376,99.5978490521776,39.5148450718928
2015-09-12 16:00:00,30,209.033537768006,458.86336703749,79.0121036615159,36.9886348159816
2015-09-12 17:00:00,30,181.98950427353,510.503811671516,82.6484161386626,38.6109857958511
2015-09-12 18:00:00,30,211.569073508984,472.685381922842,130.883011240283,36.1586631731633
2015-09-12 19:00:00,30,160.404747583453,421.442382924284,79.1389759051108,40.7937470481626
2015-09-12 20:00:00,30,157.161779486219,476.927759246796,96.9180108568664,42.7662872656035
2015-09-12 21:00:00,30,175.624409019349,460.398035854091,111.965283926021,29.5720454539333
2015-09-12 22:00:00,30,189.039200694199,456.053662241989,108.168118930326,33.5386723946011
2015-09-12 23:00:00,30,171.952605811419,415.37184064324,111.75846836892,35.4661105498991
2015-09-13 00:00:00,30,154.625744149942,379.760670230759,105.301622643907,41.0374621398714
2015-09-13 01:00:00,30,172.379251793008,487.472258139668,119.581241905621,38.361927620219
2015-09-13 02:00:00,30,160.56874175807,307.761232494097,113.891049121064,38.514151340811
2015-09-13 03:00:00,30,168.041185529243,382.868799004734,91.1458034094839,39.2200758295711
2015-09-13 04:00:00,30,173.397331500331,468.396490117894,106.142956544296,41.2447439080809
2015-09-13 05:00:00,30,188.198321503647,398.436667486413,105.91506703894,36.8192213210721
2015-09-13 06:00:00,30,172.354148645557,463.934683921014,94.2395475796535,40.8362653372328
2015-09-13 07:00:00,30,178.795541170491,475.729104675441,107.808877729888,41.1358594178158
2015-09-13 08:00:00,30,150.462799669925,347.918203114739,117.255332212487,35.6023543669737
2015-09-13 09:00:00,30,190.928253409993,450.53900655225,106.69031695947,37.3834170285154
2015-09-13 10:00:00,30,180.995110555632,433.989654516247,85.2100846050195,38.1028414235717
2015-09-13 11:00:00,30,168.732080948033,473.11304400009,93.987327451836,43.9581728000589
2015-09-13 12:00:00,30,168.986894944572,436.125439624029,100.613404120802,49.9576563849675
2015-09-13 13:00:00,30,185.921844397061,463.143169535637,96.0269487634004,33.8793623517
2015-09-13 14:00:00,30,171.498683267702,465.351075041535,93.3362684567102,40.6862779194785
2015-09-13 15:00:00,30,183.793473810455,421.494158685791,99.0163987381987,32.5856445690604
2015-09-13 16:00:00,30,181.890809419849,443.413601588046,102.475544456067,37.0207539012338
2015-09-13 17:00:00,30,169.73195263866,418.864969859493,112.846065598479,46.8460408619397
2015-09-13 18:00:00,30,187.266827735202,437.953934126669,90.6705746994117,40.7049974663114
2015-09-13 19:00:00,30,171.084156407461,487.325085798291,99.5755418142299,36.2126154919001
2015-09-13 20:00:00,30,139.426652761441,449.901042469987,103.658674877677,36.9577480549774
2015-09-13 21:00:00,30,186.596988395951,467.704998427534,94.5230226315989,49.4292334095891
2015-09-13 22:00:00,30,140.365937642358,412.862773514622,113.262255465063,38.1926372226184
2015-09-13 23:00:00,30,169.480022261908,452.164808995697,95.7628367695589,50.5270327919794
2015-09-14 00:00:00,30,175.437230163985,460.893326668718,102.984575636388,34.2857951689866
2015-09-14 01:00:00,30,174.593904813728,568.842484775266,84.9514104064433,38.9137028259746
2015-09-14 02:00:00,30,160.175897081068,397.254883555016,89.5696710820702,41.2054471678247
2015-09-14 03:00:00,30,170.591811880814,478.418230155804,123.125778451838,33.2452982112204
2015-09-14 04:00:00,30,198.287200262352,378.777591304936,104.328399476294,38.1511893405307
2015-09-14 05:00:00,30,137.706041962626,472.714852729607,100.204053441079,41.2149274313439
2015-09-14 06:00:00,30,165.607470450562,429.289565166074,103.275303879191,43.7930317013287
2015-09-14 07:00:00,30,189.502864896496,423.355465850095,110.779485618374,39.5829538408401
2015-09-14 08:00:00,30,164.17797919491,472.794352119781,92.5475952291784,42.5400915656999
2015-09-14 09:00:00,30,132.668573099613,516.631262583267,90.1341960471395,34.3048454458507
2015-09-14 10:00:00,30,150.101408888967,414.353975655722,90.8442220464627,29.7416853542849
2015-09-14 11:00:00,30,135.376853924187,555.275122084925,96.7700437645863,41.7375507277938
2015-09-14 12:00:00,30,158.975722248553,428.54284611051,106.4784173997,45.2434697838801
2015-09-14 13:00:00,30,166.224478719929,463.330177418901,108.262974678523,45.909791570566
2015-09-14 14:00:00,30,181.152885222105,530.828532329749,105.511809561124,34.834726782208
2015-09-14 15:00:00,30,170.093139439484,490.310563340425,98.5642287218527,29.2129837658503
2015-09-14 16:00:00,30,180.726601979095,431.758972903478,121.20364739284,42.4809289204597
2015-09-14 17:00:00,30,144.817264127515,446.327939462488,112.013175044646,35.3315302381303
2015-09-14 18:00:00,30,187.652241735667,336.724812462837,99.1272150259459,38.4207886600205
2015-09-14 19:00:00,30,139.326629128601,427.630342458696,94.3465151715779,31.7100839515157
2015-09-14 20:00:00,30,158.312905047215,432.054175381123,107.313355699235,38.5732427996115
2015-09-14 21:00:00,30,170.443884563015,419.491581776581,97.5878202757518,40.9707892677165
2015-09-14 22:00:00,30,163.966243271261,518.621787941488,107.959647109545,44.5306129404558
2015-09-14 23:00:00,30,190.412041332636,405.086888987243,116.988018514913,41.9537594710191
2015-09-15 00:00:00,30,156.638461122843,393.884357127347,119.121558822983,36.9915753208526
2015-09-15 01:00:00,30,173.870940855259,465.765207423099,96.4843467364299,38.2255394611083
2015-09-15 02:00:00,30,173.997900236201,390.894189027329,89.2793115494078,51.6708632373213
2015-09-15 03:00:00,30,159.79614145391,430.435761198111,96.3780739807758,41.733686165866
2015-09-15 04:00:00,30,152.230240751904,560.927460581294,105.156787779864,43.7004694963388
2015-09-15 05:00:00,30,183.32815991656,406.446709618412,104.051402416348,44.4587061501282
2015-09-15 06:00:00,30,156.64277485635,337.246503715917,113.992166610827,37.6944198980442
2015-09-15 07:00:00,30,181.132142555425,485.998165879101,102.98615488867,36.3118360987777
2015-09-15 08:00:00,30,153.73613810134,513.790112271438,114.562203646125,43.0333816706976
2015-09-15 09:00:00,30,170.382479376196,463.921391717548,96.8088052317956,41.2984356138934
2015-09-15 10:00:00,30,173.224841615835,521.877460036752,108.416635848002,41.0620407488417
2015-09-15 11:00:00,30,168.999829508159,405.783059957691,102.537336779778,46.5703983174421
2015-09-15 12:00:00,30,177.160435712429,410.59774526045,94.012094457719,36.3400474468295
2015-09-15 13:00:00,30,180.864869093305,460.64565120333,101.511077189998,32.1682474585468
2015-09-15 14:00:00,30,148.601137789267,443.269759692656,82.8860265827308,42.2187262720881
2015-09-15 15:00:00,30,167.001515074311,473.213896007264,73.9357777595012,32.6158770770551
2015-09-15 16:00:00,30,160.354182486826,439.85059164909,97.6333653633233,34.7658638985981
2015-09-15 17:00:00,30,144.714765327481,411.404251002374,114.854685579106,38.345270736192
2015-09-15 18:00:00,30,163.828482888152,514.494457581955,107.393820383997,41.2303802637693
2015-09-15 19:00:00,30,140.611838479807,479.615696106482,85.3399788996621,46.6469616544753
2015-09-15 20:00:00,30,157.910212199612,413.857338345513,110.136803901625,39.1347513361599
2015-09-15 21:00:00,30,172.241568243413,404.502067473337,95.0738988831112,41.9661662421635
2015-09-15 22:00:00,30,161.986908132884,430.689060300955,100.438150442937,43.2853685545343
2015-09-15 23:00:00,30,174.630873863199,457.218083255439,101.137820074473,40.1748616288713
2015-09-16 00:00:00,30,159.682025780171,455.892700022168,104.902122892542,49.5277734188207
2015-09-16 01:00:00,30,203.908423948622,427.077180827472,111.348852664508,40.5980509996062
2015-09-16 02:00:00,30,111.573545436081,500.895040569771,99.7018169522192,41.8471668793838
2015-09-16 03:00:00,30,162.224630058069,371.454850818731,86.683052110609,44.5373889512894
2015-09-16 04:00:00,30,189.049114484674,430.377863362497,98.6357225329282,33.2986594051071
2015-09-16 05:00:00,30,166.316208312547,475.692819167654,82.9755031271418,33.9620632882754
2015-09-16 06:00:00,30,177.508686396248,486.395634167521,114.744613315555,36.0403491226062
2015-09-16 07:00:00,30,152.375814786648,515.876537765317,98.1317860266049,23.6818139098175
2015-09-16 08:00:00,30,193.577634926907,408.237828699935,96.376805259174,34.836191103512
2015-09-16 09:00:00,30,190.816342920396,437.459862878973,91.9084437251699,42.3618843849543
2015-09-16 10:00:00,30,170.605117281265,377.576268738825,99.8016786036392,42.0776205292621
2015-09-16 11:00:00,30,160.838530331155,481.177071491531,91.0755693577178,37.4051200815704
2015-09-16 12:00:00,30,158.814865744215,388.82964255213,97.2923459046918,38.9230138502353
2015-09-16 13:00:00,30,194.448221672298,528.953122669388,95.5146021270232,46.1208969275089
2015-09-16 14:00:00,30,208.331878638768,471.136239565314,98.5661809522364,35.4489936915067
2015-09-16 15:00:00,30,187.22014813684,511.069663372817,108.183599605673,37.5389900089542
2015-09-16 16:00:00,30,174.489855157027,419.32882467373,98.5096184417044,38.2340960054303
2015-09-16 17:00:00,30,179.22407782776,460.168374682769,100.647721035724,45.0029490297822
2015-09-16 18:00:00,30,171.606905914903,475.778851967932,105.711784186432,33.5185494172095
2015-09-16 19:00:00,30,181.804090733397,468.6987373105,90.6438956866751,35.1331051995357
2015-09-16 20:00:00,30,182.22885942205,384.181932610207,102.114422233279,42.8820686092777
2015-09-16 21:00:00,30,163.005055932723,408.38187709583,81.4148625822635,38.0966075686963
2015-09-16 22:00:00,30,177.04257203634,389.418257513985,79.3695701734165,37.7840875948768
2015-09-16 23:00:00,30,154.886110592222,472.821964722235,88.680385247791,39.9579624178159
2015-09-17 00:00:00,30,143.437652046382,464.266856140591,99.0488264764853,47.6197898960404
2015-09-17 01:00:00,30,180.616992716726,520.612280797988,92.2513530304485,34.6441579360599
2015-09-17 02:00:00,30,175.995422091648,405.288900200322,99.9027878140513,38.4181512321713
2015-09-17 03:00:00,30,189.014731830053,416.373083495083,97.4845524533325,48.5234697840489
2015-09-17 04:00:00,30,160.358771917378,474.053367708096,112.994424510621,40.8001247093068
2015-09-17 05:00:00,30,194.832006982801,452.379278747707,108.955596130832,33.2921175583229
2015-09-17 06:00:00,30,175.702279443422,514.687172823512,88.4799677611617,33.8571739504027
2015-09-17 07:00:00,30,176.524705536072,456.301466277412,109.146259669069,38.9879185262744
2015-09-17 08:00:00,30,171.078300016465,460.95165693488,104.897590123551,40.9891750936414
2015-09-17 09:00:00,30,158.072275769342,480.37969908906,88.0595513731708,40.9345989335081
2015-09-17 10:00:00,30,167.930457023279,496.585459612561,107.466831592114,40.849512351573
2015-09-17 11:00:00,30,165.956315584623,471.705493706072,100.153758059066,36.6258242739336
2015-09-17 12:00:00,30,150.663486431783,489.670190439676,104.316305502009,37.4039870962606
2015-09-17 13:00:00,30,167.887253103175,410.955119474677,113.548590218489,41.3080615524114
2015-09-17 14:00:00,30,171.671257244606,452.797293530319,103.18239182525,44.4945235548224
2015-09-17 15:00:00,30,157.238981121741,405.947299744559,110.32998363178,38.9350786625576
2015-09-17 16:00:00,30,190.783550673026,440.52689727199,100.961420525767,43.4549759324787
2015-09-17 17:00:00,30,155.422093019315,541.526043427753,115.798415369554,35.4219702318784
2015-09-17 18:00:00,30,186.883095615496,478.41816104631,95.7252132329224,50.2659523917559
2015-09-17 19:00:00,30,166.030438962809,445.156429055031,105.469264688333,43.9761175002146
2015-09-17 20:00:00,30,155.160277324237,401.34785307612,106.407850698131,33.3343532176714
2015-09-17 21:00:00,30,193.139325711587,442.097203589969,112.128863750899,44.8290539610984
2015-09-17 22:00:00,30,167.096697011954,315.132669624078,90.034459697236,32.681126366289
2015-09-17 23:00:00,30,166.441392914716,403.668395100624,102.564035042071,51.1906521287056
2015-09-18 00:00:00,30,175.334870385901,395.125837899584,106.411710950489,38.6649660449018
2015-09-18 01:00:00,30,164.236531339697,526.047213089383,111.834013168222,29.8030531927634
2015-09-18 02:00:00,30,162.876983496626,433.193353783047,98.9847225207864,37.6058660407263
2015-09-18 03:00:00,30,176.917672452039,434.118527401694,105.63070622174,43.4050393816617
2015-09-18 04:00:00,30,182.135156605692,389.241799002996,100.553941440308,38.8390330352876
2015-09-18 05:00:00,30,168.304641164636,499.240704135821,112.630658642185,42.8697213970872
2015-09-18 06:00:00,30,175.624698816522,405.875333356255,91.1017117229463,46.7867247773491
2015-09-18 07:00:00,30,189.105903100222,477.350560095471,103.818371609579,40.79908796911
2015-09-18 08:00:00,30,146.549883469368,419.899419587018,88.0517262201741,33.2466014311645
2015-09-18 09:00:00,30,164.781503042665,505.284631217484,88.5518424547002,44.9387484292574
2015-09-18 10:00:00,30,150.706958896379,501.721998562822,91.3329152183285,37.5818911208657
2015-09-18 11:00:00,30,156.727209364656,542.640614787223,113.725081790997,36.5801335127435
2015-09-18 12:00:00,30,176.257867505533,365.549397730427,94.9547073455123,42.266991723935
2015-09-18 13:00:00,30,183.064101539163,436.097843048093,105.171833757201,43.6830731668655
2015-09-18 14:00:00,30,165.656892993864,458.728004507981,117.018089504714,41.7733265613947
2015-09-18 15:00:00,30,180.425092427998,499.804285353907,111.956611814372,34.586876892213
2015-09-18 16:00:00,30,173.420576132735,480.072167623447,91.7213989430913,37.747298569563
2015-09-18 17:00:00,30,161.631902827247,521.044049493094,93.8319214662506,45.0196861746285
2015-09-18 18:00:00,30,169.185240772644,391.575017249354,104.63932650541,39.7271846013563
2015-09-18 19:00:00,30,203.930265390601,532.127462973325,91.5813168857894,39.9479886272582
2015-09-18 20:00:00,30,177.620390263862,410.873886386464,103.092941665288,37.992556194932
2015-09-18 21:00:00,30,174.031168834565,578.448443789736,87.3445259738125,41.8712621611717
2015-09-18 22:00:00,30,176.195994433928,490.689988189087,122.49669674696,31.4883922664951
2015-09-18 23:00:00,30,146.014828103855,536.241570908608,109.720226311444,33.4078538700911
2015-09-19 00:00:00,30,174.78076910734,454.315146475547,102.17014173369,41.4729409963342
2015-09-19 01:00:00,30,174.379756881342,365.080644051572,93.6597851633466,39.4435889732536
2015-09-19 02:00:00,30,174.615577615248,388.373620149149,100.723840908269,44.1172031688949
2015-09-19 03:00:00,30,157.305117257522,400.815152249284,104.218537488574,40.8483110879393
2015-09-19 04:00:00,30,143.140789345437,472.306857227495,107.24339563783,37.7387420747405
2015-09-19 05:00:00,30,178.173558706637,510.439513327253,120.777979096861,31.0827269994345
2015-09-19 06:00:00,30,175.824625786995,516.094406754262,116.425837874792,41.8823073994386
2015-09-19 07:00:00,30,170.120488313391,382.44634610368,94.648576144831,30.8426725989311
2015-09-19 08:00:00,30,147.992440436548,420.167624483579,107.026597524189,41.8789753915842
2015-09-19 09:00:00,30,175.559426467085,513.701597039297,107.84467216833,32.5782530829459
2015-09-19 10:00:00,30,159.781591935509,559.201637330148,84.8597227409552,41.078679092989
2015-09-19 11:00:00,30,173.610997017848,471.242198118434,100.750773370486,43.2911489592701
2015-09-19 12:00:00,30,192.797740660987,528.591709880555,91.2829314189481,47.8480000360016
2015-09-19 13:00:00,30,166.244535443325,487.282864279285,97.7487469196199,43.5772535415806
2015-09-19 14:00:00,30,178.615503899689,484.489299055524,119.394984353903,40.7004308737376
2015-09-19 15:00:00,30,197.332184207665,438.526563973433,122.522942881392,48.8974456199303
2015-09-19 16:00:00,30,143.597540881448,518.133168177817,97.223816436627,47.1035593340442
2015-09-19 17:00:00,30,171.299273354407,438.396557536558,107.504878177004,37.3554928704651
2015-09-19 18:00:00,30,164.449742821643,472.756325059222,107.57526496589,34.564445008565
2015-09-19 19:00:00,30,153.774636097905,408.565874481495,83.0911961813293,45.2965613051907
2015-09-19 20:00:00,30,152.287404020457,453.474943763953,93.4150540269177,42.1014117831083
2015-09-19 21:00:00,30,182.931900976158,514.111835186246,89.7575549554116,38.1806079371842
2015-09-19 22:00:00,30,166.738469224425,437.067604567584,99.9676848664603,50.8272101583364
2015-09-19 23:00:00,30,156.620957715124,557.961557674174,109.932391396487,31.0135390017272
2015-09-20 00:00:00,30,161.026412948034,498.75242436223,97.4635781410199,42.1548901319631
2015-09-20 01:00:00,30,186.832447979533,518.474133630919,100.717994560991,37.2403637610922
2015-09-20 02:00:00,30,169.707634737544,396.880504538473,105.225757041455,38.7636181637762
2015-09-20 03:00:00,30,156.263772645524,421.997535999856,94.1368885104647,31.8625089059903
2015-09-20 04:00:00,30,156.681939160397,352.217291797347,107.026819413661,45.347266741485
2015-09-20 05:00:00,30,159.642938957354,380.807078875877,96.2917006343876,42.0095462068324
2015-09-20 06:00:00,30,168.43322177941,484.784034288863,103.881831491869,38.915900108241
2015-09-20 07:00:00,30,161.699485489813,414.475270836646,104.09669434796,29.0761845453945
2015-09-20 08:00:00,30,174.79039549329,359.583175029455,101.911059945611,44.5260427117986
2015-09-20 09:00:00,30,176.944251387134,399.299810250277,91.1679622713799,38.643073183562
2015-09-20 10:00:00,30,169.311135783815,441.13030267048,98.2108729669463,47.3224314058576
2015-09-20 11:00:00,30,159.6976585424,422.925140460596,108.532536205261,34.9824655634698
2015-09-20 12:00:00,30,174.719713142372,442.505093720448,95.4849635525001,37.1250600643807
2015-09-20 13:00:00,30,174.26465713632,509.500009900808,89.8816062091698,37.4400820967746
2015-09-20 14:00:00,30,159.051221406258,462.097055692049,73.9121844083439,41.6786097735686
2015-09-20 15:00:00,30,156.408399415242,451.872582268497,99.5423641354274,46.6921261158893
2015-09-20 16:00:00,30,165.876585532142,481.309416566957,104.456171365905,46.9534969247854
2015-09-20 17:00:00,30,155.429847617806,473.946072053325,91.3821047609057,38.2211380431572
2015-09-20 18:00:00,30,159.365363438459,399.504224596526,104.946060904234,37.3034354585753
2015-09-20 19:00:00,30,178.000344820246,456.535311318996,91.7919449046591,43.5588443248872
2015-09-20 20:00:00,30,151.704411562027,448.117243290528,110.279733503076,35.0390529933209
2015-09-20 21:00:00,30,179.938022731998,390.577507738343,92.4473646010788,39.9088658672954
2015-09-20 22:00:00,30,195.982755453429,488.886746610755,109.977623305602,35.2425285870583
2015-09-20 23:00:00,30,179.494909311581,463.893648845551,104.80167817083,40.8870220920137
2015-09-21 00:00:00,30,185.01361221202,549.837523587767,106.862831534767,38.5367126020468
2015-09-21 01:00:00,30,169.397581929121,487.309943486959,94.8668665824958,35.5423827170205
2015-09-21 02:00:00,30,158.669044813501,415.884400708113,98.0567189670194,38.4896072949505
2015-09-21 03:00:00,30,164.718609417581,493.306005414149,112.640728182625,42.2268483510508
2015-09-21 04:00:00,30,175.441899079317,422.002048755141,119.644634791517,46.7091905007119
2015-09-21 05:00:00,30,167.365360666814,443.244354303111,119.815268482731,51.7157930506178
2015-09-21 06:00:00,30,166.748929222167,497.345091767304,86.7176355761843,44.9795020766505
2015-09-21 07:00:00,30,186.017081373295,376.840700881062,110.243649410976,34.0709506376271
2015-09-21 08:00:00,30,180.591013014049,414.534235329231,97.1023042915986,44.0678692992964
2015-09-21 09:00:00,30,164.927337437403,418.782335796488,108.039256148536,48.6998863654313
2015-09-21 10:00:00,30,170.298825722554,430.55435219088,102.208011859428,35.8538707848914
2015-09-21 11:00:00,30,156.449404051111,471.10886747651,113.468141105829,29.7518553039344
2015-09-21 12:00:00,30,185.126250070441,509.364731149035,106.216890826048,33.8372287355403
2015-09-21 13:00:00,30,172.346998789254,484.199649529538,100.614337981734,42.7248819108364
2015-09-21 14:00:00,30,165.484240647555,462.209682480048,78.3679697721639,33.7600837910427
2015-09-21 15:00:00,30,159.138723302263,350.725483114078,90.5178475968456,49.4037971409704
2015-09-21 16:00:00,30,167.383837530291,476.413374560286,104.072286354418,44.6889434505202
2015-09-21 17:00:00,30,159.791864026222,448.465064348494,116.536156826703,36.6155017733626
2015-09-21 18:00:00,30,186.082494549589,452.036380932939,102.549791886263,39.0048355027506
2015-09-21 19:00:00,30,153.931533887078,384.162567543003,103.419681339886,43.8787818423787
2015-09-21 20:00:00,30,181.2435623616,485.404013710905,112.106401936863,45.8602491230346
2015-09-21 21:00:00,30,179.833404653506,502.083421612233,113.815579717538,36.4581408726977
2015-09-21 22:00:00,30,177.743246997409,424.329712193706,89.6586286935844,40.1746874347908
2015-09-21 23:00:00,30,164.768829690261,375.67822402248,105.846626978763,38.3359025203103
2015-09-22 00:00:00,30,150.541113338005,512.160370490998,96.8801714098732,40.6134036168023
2015-09-22 01:00:00,30,178.843301104074,438.52073519363,99.9188867841693,29.1493831188361
2015-09-22 02:00:00,30,147.083298163185,324.324275309305,106.199180082423,29.4397946418909
2015-09-22 03:00:00,30,173.152942432052,408.158677373494,99.2737675442991,45.0296924522279
2015-09-22 04:00:00,30,164.205872877408,506.894184554452,102.376464590825,47.9891843977301
2015-09-22 05:00:00,30,172.516393431609,488.98920479374,108.956440984837,45.2373253507355
2015-09-22 06:00:00,30,172.443166859525,570.224088469263,78.5860502931007,42.8145095173085
2015-09-22 07:00:00,30,146.326316205898,396.710014355357,97.6703926813426,39.2893840687906
2015-09-22 08:00:00,30,179.011953118606,436.996034883761,89.1678935903737,45.7082234375085
2015-09-22 09:00:00,30,166.270618458984,463.368709355954,103.777303294821,26.4573218016822
2015-09-22 10:00:00,30,178.54148538185,521.436978539624,104.327795827537,42.4817327742003
2015-09-22 11:00:00,30,181.898308329976,462.331771131869,103.666694549515,47.4261326021799
2015-09-22 12:00:00,30,150.272417939266,385.540067983234,100.60488335907,35.3016589591779
2015-09-22 13:00:00,30,172.988330321013,450.482957217419,101.332889469549,27.8609992863342
2015-09-22 14:00:00,30,167.110464998087,460.440108974324,103.436408139161,41.7459618769578
2015-09-22 15:00:00,30,174.238464174343,412.724302130441,91.1932353487384,34.5393313832461
2015-09-22 16:00:00,30,161.508571529997,446.977067277421,100.378729947986,37.6175192084954
2015-09-22 17:00:00,30,158.304718767186,368.758738694341,108.952485108713,46.599310071869
2015-09-22 18:00:00,30,175.680454432604,525.953839064497,98.3422890638499,38.6487536022485
2015-09-22 19:00:00,30,146.857432637091,337.853046453631,107.447949604041,40.658964633522
2015-09-22 20:00:00,30,162.55599822582,418.099744373129,102.921556820225,34.5855956858101
2015-09-22 21:00:00,30,162.018205640661,439.431501928569,101.124660577764,45.8883735364231
2015-09-22 22:00:00,30,175.206865448332,432.49215871374,98.5394681733311,44.404079460443
2015-09-22 23:00:00,30,184.125292669724,394.475551471252,105.176300170988,39.4285859087839
2015-09-23 00:00:00,30,183.538798237601,437.520887980416,76.7698796343773,43.5500443412128
2015-09-23 01:00:00,30,160.756363800267,450.976154246839,101.354453143956,36.5593339465236
2015-09-23 02:00:00,30,172.512582427405,438.494996583864,100.264593209954,43.370943188362
2015-09-23 03:00:00,30,162.001030756587,290.169661532186,102.444033123377,30.6571540262739
2015-09-23 04:00:00,30,165.015773388315,359.029417709164,108.737754505112,42.4405864616604
2015-09-23 05:00:00,30,170.957250559802,469.399048289181,85.5532954931985,29.0718362750163
2015-09-23 06:00:00,30,177.545617816508,445.305590181358,113.211446912565,30.9153580855557
2015-09-23 07:00:00,30,149.849135795478,493.091307693213,107.327980698643,41.0458820560615
2015-09-23 08:00:00,30,198.422717653971,452.551204653961,108.979994949372,33.1300192143211
2015-09-23 09:00:00,30,173.99137247771,442.717792087732,116.863466534563,34.64380457565
2015-09-23 10:00:00,30,167.475611757846,397.764322417209,101.372015292282,44.7767902276507
2015-09-23 11:00:00,30,160.519654912816,488.25483682303,97.022433873173,39.8708244601243
2015-09-23 12:00:00,30,177.187548264129,413.329532409885,107.079703298729,39.3258791945616
2015-09-23 13:00:00,30,155.759296468021,443.95767657564,101.610119374609,35.903307248916
2015-09-23 14:00:00,30,151.946880040998,422.453144501532,104.603857526427,39.5821057398317
2015-09-23 15:00:00,30,176.336032589314,386.070867609753,95.8677772982944,41.3138924469665
2015-09-23 16:00:00,30,183.305067163427,423.411103249682,99.1368429534028,46.47158599012
2015-09-23 17:00:00,30,204.931750500754,469.713606555215,84.0152768855164,34.9216291609697
2015-09-23 18:00:00,30,183.416129605018,420.0744105515,101.111728501581,50.6830568189716
2015-09-23 19:00:00,30,195.162169546859,441.975920771293,104.707902033532,43.6665334590433
2015-09-23 20:00:00,30,152.842239838973,396.115212170224,96.2479851375603,45.7714964386901
2015-09-23 21:00:00,30,189.340259286522,430.029704956424,94.1262418571013,45.9318223175557
2015-09-23 22:00:00,30,162.541545680516,434.261874200066,104.457772005394,35.5493433248176
2015-09-23 23:00:00,30,164.668289614831,439.472811172651,103.768193043483,36.8073866393491
2015-09-24 00:00:00,30,165.675433683221,445.411236735757,94.59245315261,28.8832349330783
2015-09-24 01:00:00,30,158.659771169748,459.935940742141,96.4741764364677,38.4277650203665
2015-09-24 02:00:00,30,179.297296437421,451.98082823121,105.435966520327,36.2903052313993
2015-09-24 03:00:00,30,174.936143575604,455.924079883612,100.715888461637,48.1213674604934
2015-09-24 04:00:00,30,170.191015550468,432.63439180957,103.896920547823,41.4115351207093
2015-09-24 05:00:00,30,173.232613013914,408.915205882241,94.0017299398054,49.1742146471502
2015-09-24 06:00:00,30,180.929283713399,446.293551749551,106.061104521465,41.9685299539541
2015-09-24 07:00:00,30,154.788942456264,516.458205880749,108.999104631214,42.668825681409
2015-09-24 08:00:00,30,177.346045838256,481.518144786629,87.4569035641525,39.7567074294408
2015-09-24 09:00:00,30,164.35264854307,505.213144918308,95.580174274725,39.1429193312433
2015-09-24 10:00:00,30,186.189061317215,440.305618834139,111.155467636095,40.1620131590423
2015-09-24 11:00:00,30,161.808515150611,422.451759436458,103.144899664635,39.4507306734132
2015-09-24 12:00:00,30,159.630290185845,508.768588553622,92.2465341442883,30.1327046103867
2015-09-24 13:00:00,30,169.830339877125,492.140972256468,101.627767565017,33.1827983272996
2015-09-24 14:00:00,30,179.227868011984,393.899311894417,106.071829955722,29.2337075556854
2015-09-24 15:00:00,30,170.634451595977,444.339093158986,90.8433246300163,37.362919235786
2015-09-24 16:00:00,30,168.366926645579,474.220754658448,95.4619389060506,41.7551141637076
2015-09-24 17:00:00,30,158.219962871026,467.623275624747,123.813283187258,41.6451408413674
2015-09-24 18:00:00,30,159.328114987161,375.791257549569,121.791733611197,40.2878247254662
2015-09-24 19:00:00,30,179.675463705981,418.025393390801,120.790057054806,39.4340465999046
2015-09-24 20:00:00,30,168.408535692421,410.148271624229,119.141912542104,45.953280963042
2015-09-24 21:00:00,30,155.413365067724,455.732845308438,127.407609938535,37.3485948854
2015-09-24 22:00:00,30,166.863793183374,431.126731098043,132.873590170195,40.0482526550076
2015-09-24 23:00:00,30,172.485939625273,482.991830079555,109.478582277523,38.8241724913245
2015-09-25 00:00:00,30,209.049725130811,446.688796880569,137.83464438693,38.7387450714835
2015-09-25 01:00:00,30,199.849516488016,479.028726371986,120.38016771347,39.9201917019071
2015-09-25 02:00:00,30,163.933526329014,450.699966175727,123.732654070542,43.7301277699066
2015-09-25 03:00:00,30,171.039419091351,406.083171252663,116.319373891919,48.00510582262
2015-09-25 04:00:00,30,165.005746253812,523.631993799591,128.069585499301,39.2653184664651
2015-09-25 05:00:00,30,143.963441848922,455.417641543585,127.222219585791,46.7398164805736
2015-09-25 06:00:00,30,162.822326620582,538.873898648989,139.639539857749,48.2116430037027
2015-09-25 07:00:00,30,151.839250841264,440.013000179954,133.545520029551,38.0196182530292
2015-09-25 08:00:00,30,177.953538454517,525.066220784867,137.502733441749,35.2341781645124
2015-09-25 09:00:00,30,180.369388461163,447.78034666083,126.579157315943,31.7002945752616
2015-09-25 10:00:00,30,164.220174401404,432.373589722752,127.728424832232,43.1247186351086
2015-09-25 11:00:00,30,173.692927547429,344.857840699428,112.407734276449,50.586495353603
2015-09-25 12:00:00,30,182.982583132845,512.073309875269,139.296031950421,38.5087733579787
2015-09-25 13:00:00,30,185.045144659047,433.866029407738,131.443706698494,35.798912923365
2015-09-25 14:00:00,30,174.644998045792,365.044888158148,118.81047618025,41.0809314046273
2015-09-25 15:00:00,30,148.207239714956,458.656122154462,119.268592685959,37.496353338434
2015-09-25 16:00:00,30,189.780046342527,436.448590778871,125.439819110406,39.4392449029212
2015-09-25 17:00:00,30,181.415574433157,439.707987626261,119.880871494487,40.8204726749305
2015-09-25 18:00:00,30,186.970451595373,461.487347161795,124.56584961542,36.4766050217636
2015-09-25 19:00:00,30,157.53163693301,428.302945020388,110.662667566549,51.3156732040602
2015-09-25 20:00:00,30,181.493393834906,465.571785994806,115.54833399516,29.4879663202338
2015-09-25 21:00:00,30,184.80366592521,397.940000239828,116.228186164574,30.8571325180654
2015-09-25 22:00:00,30,191.34506261055,476.016253894674,144.135109547418,46.1294581715684
2015-09-25 23:00:00,30,186.335126964937,463.900710029441,132.510853764036,45.9060109576342
2015-09-26 00:00:00,30,161.919378009887,422.776852311746,133.890062909972,44.4327044289051
2015-09-26 01:00:00,30,184.805351648942,341.274092315841,118.316071742213,45.5326018480419
2015-09-26 02:00:00,30,205.444452627011,452.164560525056,125.887907477054,34.1472613728916
2015-09-26 03:00:00,30,147.99942377708,500.659652789182,120.841044601269,38.3037109899501
2015-09-26 04:00:00,30,150.752113432934,385.208150336216,121.480338963294,43.4327508766311
2015-09-26 05:00:00,30,157.048069811934,508.368168438481,124.211813485355,39.596009859264
2015-09-26 06:00:00,30,187.082517898965,419.789558942667,126.214853051679,41.4027948298447
2015-09-26 07:00:00,30,167.192661247992,358.777674780474,113.677429513441,37.884797230734
2015-09-26 08:00:00,30,163.682567498153,506.61099795252,114.141260659708,47.1285372115005
2015-09-26 09:00:00,30,176.625969430016,441.330479809722,127.366727854782,37.1275080975349
2015-09-26 10:00:00,30,178.555304124604,430.020053368764,132.237959049951,35.0492268163216
2015-09-26 11:00:00,30,158.573552812011,412.714833558469,121.022715630308,43.7250076629727
2015-09-26 12:00:00,30,152.063107379107,421.093325843166,129.333093890212,32.2698399250307
2015-09-26 13:00:00,30,186.762862281601,440.633513044667,122.929287647252,31.2991737267157
2015-09-26 14:00:00,30,182.213489748216,412.168083497361,114.845356577447,47.2040869204667
2015-09-26 15:00:00,30,149.503611138751,391.81782399881,121.08772187792,46.5886630939481
2015-09-26 16:00:00,30,202.667848812581,402.737350345263,138.995078341243,46.6515404555898
2015-09-26 17:00:00,30,191.03304990642,445.748569690869,109.777778156381,43.9032263991744
2015-09-26 18:00:00,30,179.891745209815,458.035746073723,102.113167614204,32.0110332661854
2015-09-26 19:00:00,30,176.737007653596,460.946354714413,122.217924492261,45.5667329122947
2015-09-26 20:00:00,30,167.986365192273,381.034633081362,132.806756742276,36.2110863107658
2015-09-26 21:00:00,30,151.72493104051,442.341562340979,146.308139457154,34.386259598915
2015-09-26 22:00:00,30,170.27913030946,480.855861076172,127.102591301228,31.1795559333833
2015-09-26 23:00:00,30,166.906881636547,364.994184233247,129.1515967569,36.8951821052715
2015-09-27 00:00:00,30,158.341411616558,440.291912076957,108.130990699593,35.3079068509422
2015-09-27 01:00:00,30,155.920458418931,494.590695208389,121.211884374757,36.644119107889
2015-09-27 02:00:00,30,160.992379908557,450.944116186329,119.072580364703,34.0270445565929
2015-09-27 03:00:00,30,148.55922145986,399.117812707615,120.675111791905,40.8742485333474
2015-09-27 04:00:00,30,178.726743381459,513.37011389452,121.432849139012,50.4389405674838
2015-09-27 05:00:00,30,168.402751782528,411.925507092173,132.481238908308,43.0980197497563
2015-09-27 06:00:00,30,177.17422182327,419.457518727437,124.285650360897,41.3529957273702
2015-09-27 07:00:00,30,179.854229759844,357.93974701087,138.848889056924,33.3676158252928
2015-09-27 08:00:00,30,183.395540607197,443.160874486158,127.365443871203,36.950311464819
2015-09-27 09:00:00,30,150.428338272412,399.468072823866,137.654252481845,40.3683437604451
2015-09-27 10:00:00,30,151.830610105565,470.152242567152,135.878365341656,43.31132707277
2015-09-27 11:00:00,30,168.882731899775,398.791331686609,146.937974108114,43.8532038588597
2015-09-27 12:00:00,30,171.120418066433,514.619738705867,114.918887011226,40.0992628211883
2015-09-27 13:00:00,30,154.940850087634,483.094997157215,111.700292325926,35.7228188710435
2015-09-27 14:00:00,30,192.328732380537,391.902497099253,119.405387524116,39.4765946351763
2015-09-27 15:00:00,30,181.039244361361,393.871322626102,127.899332775864,44.4331765296385
2015-09-27 16:00:00,30,146.655073512075,478.776469283745,130.637036109157,36.4153328064874
2015-09-27 17:00:00,30,144.062558327152,403.975281539929,131.980501314032,43.0175182852435
2015-09-27 18:00:00,30,162.14063368864,474.36350859683,130.06508701349,30.9957718347183
2015-09-27 19:00:00,30,188.70511637296,468.597625510651,101.442305777461,41.0543664125778
2015-09-27 20:00:00,30,189.712687172415,499.01681925097,127.281338246331,36.2870346080926
2015-09-27 21:00:00,30,186.872409377197,445.725955041475,131.80849493784,40.6363313953434
2015-09-27 22:00:00,30,176.344263636971,435.966048258152,114.386015536443,33.036537490115
2015-09-27 23:00:00,30,146.301630221192,504.93907119199,120.963192658346,35.6943370224731
2015-09-28 00:00:00,30,179.94795545487,389.809066061797,123.584474845001,40.3684013930663
2015-09-28 01:00:00,30,167.930891794141,352.811203582402,126.991063383864,40.3373885297745
2015-09-28 02:00:00,30,188.734947153272,487.373326760236,131.018890309005,33.6214179127885
2015-09-28 03:00:00,30,180.76956674464,457.481407311124,115.32785088151,40.5650540030966
2015-09-28 04:00:00,30,159.553858025515,503.055546004193,137.905362520403,39.4518132602675
2015-09-28 05:00:00,30,177.259155344781,425.440386039322,130.32649591109,47.9098328356873
2015-09-28 06:00:00,30,161.923334869623,508.242984968647,122.333865678177,35.2299471919488
2015-09-28 07:00:00,30,169.139269359034,533.20935655809,126.901892283599,45.8691722743289
2015-09-28 08:00:00,30,164.400936896628,459.097391891733,109.073153639472,41.3554039007459
2015-09-28 09:00:00,30,174.959610204785,449.153082223706,121.879043560297,41.2209507562687
2015-09-28 10:00:00,30,163.577600147608,513.471747987505,115.096906174279,32.6080305170825
2015-09-28 11:00:00,30,136.791196152486,449.30866319705,130.037401137694,38.330987459196
2015-09-28 12:00:00,30,175.503538278652,479.074731442361,132.546614624146,39.4859919665449
2015-09-28 13:00:00,30,147.451875780107,494.074658467452,130.362475046837,36.3914277083455
2015-09-28 14:00:00,30,156.283200704316,478.662668220685,116.735667614064,47.3951848893113
2015-09-28 15:00:00,30,172.90771888513,434.042228939272,125.383940491056,38.5436093137575
2015-09-28 16:00:00,30,153.764294281482,381.704081930098,131.201779874844,37.8179343301616
2015-09-28 17:00:00,30,181.989956312611,413.444382320108,123.697577109197,49.6467359560189
2015-09-28 18:00:00,30,143.420873581668,366.52639746763,119.598690807675,50.287088011741
2015-09-28 19:00:00,30,170.916550842712,454.839638304472,110.083454757154,44.1221841046482
2015-09-28 20:00:00,30,146.758548813997,433.272875807991,119.803829091456,45.6024177855432
2015-09-28 21:00:00,30,174.875105310134,417.396541845733,104.009384343594,40.7955928494943
2015-09-28 22:00:00,30,174.040921949134,548.601131901158,110.943559250742,36.3711626759589
2015-09-28 23:00:00,30,148.316072152325,432.91114938733,108.829990437457,40.5376186767408
2015-09-29 00:00:00,30,173.309984874059,328.538396800183,102.592874010697,45.6954771806258
2015-09-29 01:00:00,30,171.017636403807,461.114339595512,94.5302640477026,35.7459470317469
2015-09-29 02:00:00,30,152.842847020641,471.684616791302,85.47337333675,40.0844142693337
2015-09-29 03:00:00,30,138.8284097195,469.107123895601,112.855187973949,38.9236257911899
2015-09-29 04:00:00,30,147.407993500267,447.57580583314,119.11619648736,43.7575939824157
2015-09-29 05:00:00,30,153.515191811651,408.180012601846,114.607209439058,37.8489537144644
2015-09-29 06:00:00,30,165.813595908107,428.304342869849,116.139656137572,36.0987106000137
2015-09-29 07:00:00,30,165.941238624329,470.229746494678,93.9700361578509,35.0109100102438
2015-09-29 08:00:00,30,162.885824725348,466.374375456205,104.993019293749,36.7092926350156
2015-09-29 09:00:00,30,174.182288137536,590.919322874507,100.431389448986,36.7933753337126
2015-09-29 10:00:00,30,168.836599218821,537.062520904048,95.1935224236879,42.782125846672
2015-09-29 11:00:00,30,145.301888124653,404.232686761081,112.383230786766,47.3329948607706
2015-09-29 12:00:00,30,171.238328825454,415.828241648863,122.175561651659,40.3562399626863
2015-09-29 13:00:00,30,156.746321071395,421.419654622371,103.518552530152,47.954774574527
2015-09-29 14:00:00,30,155.427419993411,426.86066985883,118.676102566633,44.7204214874647
2015-09-29 15:00:00,30,157.173037309282,446.842729161712,91.897527481576,44.6684018609171
2015-09-29 16:00:00,30,189.959083740081,394.152229911995,91.9134729421478,41.7406182992048
2015-09-29 17:00:00,30,179.995435353768,417.193116430863,104.895135470955,42.6629379438776
2015-09-29 18:00:00,30,152.604584565694,536.797376448392,115.210909416101,42.8064186508621
2015-09-29 19:00:00,30,154.133198910156,475.184304770024,100.357679354272,35.0293187006048
2015-09-29 20:00:00,30,169.403474989914,535.306062387203,96.8564170834973,40.654103435876
2015-09-29 21:00:00,30,185.113415159703,438.983035908077,86.5978517571369,40.4577894678307
2015-09-29 22:00:00,30,182.452987574919,528.865129106488,106.402420322964,35.9848069700183
2015-09-29 23:00:00,30,166.758873197511,486.444446684878,119.988392717946,34.6113963731855
2015-09-30 00:00:00,30,172.23807484393,516.451707368465,97.0265274961996,45.8600307345966
2015-09-30 01:00:00,30,191.493325067204,470.168314259244,85.0795152747889,44.0576394682008
2015-09-30 02:00:00,30,167.73057528918,441.524799445275,100.316570886484,36.7013708084733
2015-09-30 03:00:00,30,160.775305562331,485.836705753974,94.5443488161004,45.3833426949823
2015-09-30 04:00:00,30,174.573302109726,509.172153071756,96.9353261827463,45.776073318884
2015-09-30 05:00:00,30,182.690268861201,509.776958702851,90.090177711842,33.7062061091536
2015-09-30 06:00:00,30,175.784574378172,488.193115890785,99.9261725011848,40.3283375318116
2015-09-30 07:00:00,30,175.487644781172,443.986786648664,91.504100723241,43.7546680325421
2015-09-30 08:00:00,30,167.161082587939,333.602141197666,87.6926963667558,41.1779952326409
2015-09-30 09:00:00,30,177.148888504018,470.99499362208,86.2232114193134,32.0891179354313
2015-09-30 10:00:00,30,157.399881175083,436.045687827122,113.438031961971,38.6027439454418
2015-09-30 11:00:00,30,179.990226664956,538.012140190298,87.7144996526451,34.2892072263348
2015-09-30 12:00:00,30,155.896786960761,380.337007756338,99.8984709013174,41.0404930840573
2015-09-30 13:00:00,30,176.849083546318,360.551884115205,108.9951333682,43.7150847540793
2015-09-30 14:00:00,30,196.248438500876,471.386656595856,93.399078102228,44.9480395855188
2015-09-30 15:00:00,30,173.651061791413,433.415279707253,97.4853859064854,41.4339712772527
2015-09-30 16:00:00,30,181.365466830204,403.26452455952,76.3292995456079,37.7901271216215
2015-09-30 17:00:00,30,147.89765136706,464.576203674558,93.3453732288126,40.6409437485766
2015-09-30 18:00:00,30,165.098561673267,430.814980106918,94.3249796767314,32.7234949201927
2015-09-30 19:00:00,30,154.889196409348,413.312251417245,101.047058662681,35.7934186915318
2015-09-30 20:00:00,30,164.213753382948,378.151266615429,99.7922583569052,49.9332685302867
2015-09-30 21:00:00,30,171.693214627278,475.611778944175,101.478328568794,37.3271661295384
2015-09-30 22:00:00,30,167.291058257629,494.601983433956,113.200757947403,44.5515519755804
2015-09-30 23:00:00,30,177.266231414592,428.164956000114,105.086751566141,32.7327768065788
2015-10-01 00:00:00,30,167.041582187758,455.508810588323,95.0511955744179,35.11790820901
2015-10-01 01:00:00,30,193.0355292458,433.612917383282,81.1074751002756,37.0558076324003
2015-10-01 02:00:00,30,164.40286198261,478.706162952137,97.1531996670927,43.9137748829071
2015-10-01 03:00:00,30,169.441905894944,443.014845090438,90.4699401717814,39.0272819344989
2015-10-01 04:00:00,30,168.516848905099,495.421744451843,89.1465104108859,41.3832203157364
2015-10-01 05:00:00,30,144.979463106404,345.367908346476,99.2513388242042,43.0002994509146
2015-10-01 06:00:00,30,191.898328762184,463.212623452449,111.388945493648,44.469978038305
2015-10-01 07:00:00,30,177.753369664803,477.512330924593,107.380789647623,31.019307444371
2015-10-01 08:00:00,30,160.855356471008,508.395152669126,105.570412693981,47.551214920301
2015-10-01 09:00:00,30,172.195672294572,384.177490074873,119.059106998047,32.0885808342122
2015-10-01 10:00:00,30,174.50848249177,469.117772729458,101.057693405288,40.3083296430803
2015-10-01 11:00:00,30,177.393140695055,503.942053139601,121.644890171035,40.9683708017863
2015-10-01 12:00:00,30,165.419195045428,394.807854577988,96.939500570157,45.3481761420598
2015-10-01 13:00:00,30,184.137014615524,445.293152889055,87.4412151613612,45.4681699426771
2015-10-01 14:00:00,30,156.653040979708,413.608414409207,113.520656266176,48.0161371398757
2015-10-01 15:00:00,30,165.567052891342,517.391985931398,112.4830463675,40.8563453424008
2015-10-01 16:00:00,30,191.995323909066,467.882440360492,115.313106588207,42.6370386856649
2015-10-01 17:00:00,30,159.374684408718,522.988034462697,100.414322279109,44.5862319206926
2015-10-01 18:00:00,30,152.891931752376,430.707603471464,107.081783598868,36.0546189793168
2015-10-01 19:00:00,30,144.077757158677,390.980850943119,99.3454642960684,35.9958677856066
2015-10-01 20:00:00,30,171.82625999086,455.413942976919,102.908672913354,34.1468895183302
2015-10-01 21:00:00,30,150.674598449102,487.115855507715,107.96687720518,40.0041178437729
2015-10-01 22:00:00,30,142.139389288264,468.28303590374,98.5240748327419,36.2543394741469
2015-10-01 23:00:00,30,158.798384611904,393.32459109605,86.4503199152896,23.171539670744
2015-10-02 00:00:00,30,169.659863530612,435.497594162535,101.623840778108,45.0125827254212
2015-10-02 01:00:00,30,165.907096174918,502.542547449165,105.042070525687,37.4374623997681
2015-10-02 02:00:00,30,166.001827317349,495.881854809235,98.2089001655079,45.0871729136236
2015-10-02 03:00:00,30,158.211976130355,544.046187637455,89.7685272393678,43.7418329614767
2015-10-02 04:00:00,30,175.579783846713,486.495419180696,96.2132160074646,40.6363422592114
2015-10-02 05:00:00,30,152.1418633591,403.40578103359,107.093167332594,44.5613008699949
2015-10-02 06:00:00,30,157.673617156687,563.808394737447,96.2386470215379,37.4568925581306
2015-10-02 07:00:00,30,174.050824789962,469.542602755591,100.025750099298,43.3702008386868
2015-10-02 08:00:00,30,174.705365452182,456.411707038607,104.457829264567,49.4424348765132
2015-10-02 09:00:00,30,176.856344457877,418.269429000224,78.7679107399694,29.2930589082966
2015-10-02 10:00:00,30,162.014586993364,430.131792242012,111.660052323332,43.2614253488382
2015-10-02 11:00:00,30,163.941828253334,455.919549172375,96.9127799378171,35.9966196594054
2015-10-02 12:00:00,30,158.023509736646,435.522972512054,106.925980516091,34.9371602758601
2015-10-02 13:00:00,30,164.824149977411,428.029883052578,96.5816750396116,46.5127053481304
2015-10-02 14:00:00,30,178.361050807298,465.030775338294,119.85981810502,33.7686430408675
2015-10-02 15:00:00,30,141.818396084275,604.728780313037,106.719156661961,39.8598569141636
2015-10-02 16:00:00,30,178.184569822817,443.193287145067,98.2767585533295,40.3942088104402
2015-10-02 17:00:00,30,163.50847804469,405.397695913653,99.0702498066108,38.1405489221134
2015-10-02 18:00:00,30,170.452773902177,400.41444837375,105.761671824466,47.8288479162962
2015-10-02 19:00:00,30,174.019294948978,406.969269292523,103.19298567677,45.84447564446
2015-10-02 20:00:00,30,174.660979394511,444.287105571007,126.876625374319,39.4330621865985
2015-10-02 21:00:00,30,173.030233163456,490.911246793119,106.390387743562,55.2814136819522
2015-10-02 22:00:00,30,170.363314278896,462.095136691097,101.961229243665,41.2492539510121
2015-10-02 23:00:00,30,198.595834931912,333.666878092967,113.846076419269,29.4411909348914
2015-10-03 00:00:00,30,164.527725269534,509.386998869198,117.655913456689,40.0975183985765
2015-10-03 01:00:00,30,168.199594214881,456.43621922588,100.948276260723,47.3917671796155
2015-10-03 02:00:00,30,170.915668246923,498.484399451087,97.938069641951,43.9770030441892
2015-10-03 03:00:00,30,177.072437683475,536.292972744767,96.7828639523264,42.0842353762388
2015-10-03 04:00:00,30,157.653877442268,567.866024161897,87.9923336736625,34.2557908471637
2015-10-03 05:00:00,30,168.979421757479,457.012080641331,105.256381648143,40.1559569615103
2015-10-03 06:00:00,30,174.877990761865,479.36346247066,103.130178411372,38.7153339220259
2015-10-03 07:00:00,30,174.272022102289,417.338606597198,113.879186524881,44.3428974151319
2015-10-03 08:00:00,30,170.926819178341,537.340470759648,99.4130480840633,36.6082609507237
2015-10-03 09:00:00,30,177.616055603803,470.344014588434,113.589578901122,43.8547388706328
2015-10-03 10:00:00,30,162.533868363992,414.1637096264,104.719101121048,40.2866857177812
2015-10-03 11:00:00,30,168.058497361448,459.051322099781,94.9194472428938,37.0215586850198
2015-10-03 12:00:00,30,162.618830047907,401.085538324977,101.339114755998,31.4671299765889
2015-10-03 13:00:00,30,195.173864367662,474.1703012849,100.9382187543,38.0241394769723
2015-10-03 14:00:00,30,168.395606861589,372.031244136147,84.4391597618623,38.0436036008809
2015-10-03 15:00:00,30,164.947358641019,432.998161606311,108.721615136506,49.7891711033107
2015-10-03 16:00:00,30,175.114357444855,561.704914367779,109.262711644417,43.3889132945734
2015-10-03 17:00:00,30,149.863088773524,431.098168466672,103.917083743103,46.2212194089756
2015-10-03 18:00:00,30,145.402170768719,443.106255098957,101.48164347631,34.101103257987
2015-10-03 19:00:00,30,173.904548563531,427.54695933693,104.672547861641,31.2937949227025
2015-10-03 20:00:00,30,189.714077544949,514.934473187308,86.4771652155594,45.6148303689624
2015-10-03 21:00:00,30,172.191939682208,481.293888481398,118.315672236838,29.9821302913562
2015-10-03 22:00:00,30,191.198339204321,537.588322952976,73.7155730621018,32.5562981588812
2015-10-03 23:00:00,30,144.557898362723,444.190369014692,97.3947741722801,46.745342813262
2015-10-04 00:00:00,30,176.854846581913,479.284321658237,103.98493341637,46.5698248289097
2015-10-04 01:00:00,30,151.648712086667,477.177337951984,98.1359790118863,34.5128521050745
2015-10-04 02:00:00,30,159.349770365092,415.602646273894,101.305470817595,38.319432107664
2015-10-04 03:00:00,30,146.783663218957,423.822853649422,98.6055795017782,35.7484661189137
2015-10-04 04:00:00,30,167.917564993688,407.18237382733,108.231162089437,33.6860786470543
2015-10-04 05:00:00,30,144.039920711835,508.34379170038,92.0010851453147,43.4897602896648
2015-10-04 06:00:00,30,166.408745036596,389.702602726326,109.058461206625,36.7965345228179
2015-10-04 07:00:00,30,147.738492023846,427.10092711693,101.264015630554,45.4057591006021
2015-10-04 08:00:00,30,155.238387068439,476.045716093344,90.3898302627423,46.1408720093039
2015-10-04 09:00:00,30,169.179804717131,491.919253782703,87.0600604352097,46.7907252727659
2015-10-04 10:00:00,30,175.82914853681,472.706885042896,100.439685512768,41.3527461463375
2015-10-04 11:00:00,30,142.083726877844,431.819516313171,101.898448616347,33.9790866254958
2015-10-04 12:00:00,30,173.979522442354,524.551689965075,99.1351618256484,40.6586070240489
2015-10-04 13:00:00,30,151.988097445108,364.230291114562,90.962873402393,40.2613517480843
2015-10-04 14:00:00,30,179.429227956937,571.652316855717,114.213548326507,35.8093027453779
2015-10-04 15:00:00,30,194.013638300695,405.30941779141,97.8874719320431,44.8777496016826
2015-10-04 16:00:00,30,172.75247160674,417.93015980761,101.505614990177,49.132560046717
2015-10-04 17:00:00,30,167.506031974693,552.145100977749,78.9293290808194,37.6887942750218
2015-10-04 18:00:00,30,181.406953668041,472.275137880408,112.471916697462,39.8678232627411
2015-10-04 19:00:00,30,180.8026946333,489.14519164912,85.3722109261476,42.2612246240833
2015-10-04 20:00:00,30,160.159980083346,425.731651933945,89.6098644832055,39.0837437858736
2015-10-04 21:00:00,30,158.806081336425,429.103407804527,107.631358150672,38.0036961055681
2015-10-04 22:00:00,30,186.301181525029,362.928268700722,104.800292966699,33.868379357543
2015-10-04 23:00:00,30,148.36458675271,442.222390309838,99.4504879163957,35.2636103217841
2015-10-05 00:00:00,30,156.50623848334,470.807700675048,98.0850121931934,43.4548874628147
2015-10-05 01:00:00,30,171.142833880576,376.666083701849,107.288720111879,42.630731793177
2015-10-05 02:00:00,30,168.644448741224,426.463809355558,95.0512841879338,41.7045146388023
2015-10-05 03:00:00,30,166.978726462047,501.300702686561,92.8358287915919,45.0299005325018
2015-10-05 04:00:00,30,151.485068118543,384.000190917107,97.4192891927753,39.0544469204671
2015-10-05 05:00:00,30,158.37682736341,481.751354836883,78.6273681225247,39.8406282826453
2015-10-05 06:00:00,30,136.447961833414,391.672934006852,106.018903653176,36.463926517372
2015-10-05 07:00:00,30,167.686960121601,451.410215724902,78.7105623708162,38.6679459166
2015-10-05 08:00:00,30,159.828682835866,491.816161315937,91.0193484066449,39.3349275845082
2015-10-05 09:00:00,30,160.169668498825,458.384513395542,111.899535175496,43.0200946532301
2015-10-05 10:00:00,30,171.332626893128,378.423880796537,87.6601932130963,40.245350093057
2015-10-05 11:00:00,30,184.28176848581,420.75702309594,101.472614159425,37.3906611436234
2015-10-05 12:00:00,30,190.977630958698,367.501574389227,90.5057897637524,40.1417367009721
2015-10-05 13:00:00,30,179.192730905265,434.140370539546,93.1705509198802,40.6115298531273
2015-10-05 14:00:00,30,157.164253619462,335.315158247047,97.5910525331726,52.3142293150036
2015-10-05 15:00:00,30,154.32882478986,417.59375239807,90.9888214710077,39.955872422975
2015-10-05 16:00:00,30,156.58829497251,477.755159394725,119.985936063792,42.0853070875648
2015-10-05 17:00:00,30,183.554369730152,382.92656385488,107.619482916818,39.0181939487308
2015-10-05 18:00:00,30,169.508549492349,471.086844824914,107.290490877023,35.7735796414842
2015-10-05 19:00:00,30,166.905579838134,496.752391872619,105.305297587742,40.6558526385707
2015-10-05 20:00:00,30,175.841323935553,492.589651897318,90.1829367243207,32.1824313558295
2015-10-05 21:00:00,30,164.993744690494,439.37063101606,96.8793058912716,48.0009039555065
2015-10-05 22:00:00,30,156.764664503711,529.841049194747,90.3451964461069,44.4107133425717
2015-10-05 23:00:00,30,191.509023447313,475.808467380763,84.9169691992371,38.4801577521021
2015-10-06 00:00:00,30,165.366341109562,540.645845946247,93.7002971465104,34.562993082942
2015-10-06 01:00:00,30,161.560637213146,315.258811232776,118.0245170459,42.1826821980474
2015-10-06 02:00:00,30,179.553552696625,461.516797043129,108.699281346373,31.9996885816655
2015-10-06 03:00:00,30,162.113749477249,479.353730910264,99.425480317542,30.4639329281776
2015-10-06 04:00:00,30,164.663629312279,436.784355830958,69.6960106830106,43.6749563512747
2015-10-06 05:00:00,30,184.417060620678,498.858121488067,92.5773443781312,34.657886012245
2015-10-06 06:00:00,30,155.931840159638,501.994091708512,88.6018498560959,33.7248023056235
2015-10-06 06:00:00,30,155.931840159638,501.994091708512,88.6018498560959,33.7248023056235
2015-10-06 07:00:00,30,160.530086400799,492.040029892205,109.332907935114,36.2607926664724
2015-10-06 08:00:00,30,186.208935605486,547.273401482747,100.074846592477,38.2408666865023
2015-10-06 09:00:00,30,199.448430433505,437.113361718062,103.863779135856,38.2566991702948
2015-10-06 10:00:00,30,184.717847614125,349.702674062626,106.618471310004,33.3081407113444
2015-10-06 11:00:00,30,151.516897270421,500.736619084477,90.4426227637589,36.8717626039308
2015-10-06 12:00:00,30,149.387432295105,471.14925039034,103.879779516938,43.917621645173
2015-10-06 13:00:00,30,140.732164772758,462.679358501769,91.5565394801973,39.9744617269359
2015-10-06 14:00:00,30,164.096733789348,419.977277125968,94.9294391604728,43.1615635620356
2015-10-06 15:00:00,30,156.528995462416,393.756392521361,91.0488791729641,38.2849184924103
2015-10-06 16:00:00,30,183.105566740104,498.632312604082,89.5778843999483,43.3721976172752
2015-10-06 17:00:00,30,147.61545386077,413.619883670239,109.996650259613,43.490306955592
2015-10-06 18:00:00,30,190.814606175853,350.061687672525,102.378400868739,47.0391008447431
2015-10-06 19:00:00,30,170.847895286461,380.938636570572,112.139561074499,36.0596775176407
2015-10-06 20:00:00,30,155.224908553602,477.055334070088,108.903553561387,39.3261827509895
2015-10-06 21:00:00,30,157.543017147184,502.468086009579,105.875769000419,39.6494440467066
2015-10-06 22:00:00,30,152.246759631662,497.477223557965,111.218506844533,38.1014070752068
2015-10-06 23:00:00,30,149.752562514227,487.059614890774,115.227857047338,41.0363733460354
2015-10-07 00:00:00,30,153.074221732748,507.21655952652,104.977553161005,39.9473890911616
2015-10-07 01:00:00,30,175.240908834471,384.387755783367,92.0911849078261,43.0079631377987
2015-10-07 02:00:00,30,165.904643627804,445.979125716408,95.4298590947667,38.7759884093127
2015-10-07 03:00:00,30,170.887391147674,444.002106708614,96.6733543015279,31.7661904837498
2015-10-07 04:00:00,30,163.732914286743,444.105338866322,107.09131164995,38.8620983047067
2015-10-07 05:00:00,30,172.765317605657,488.246451290576,90.5712799195898,37.8367457311195
2015-10-07 06:00:00,30,167.895948715533,355.92674541679,98.8327706472116,50.1834137062527
2015-10-07 07:00:00,30,162.556011948695,478.64299847828,111.255474613277,44.0792673394657
2015-10-07 08:00:00,30,157.219236745848,467.325964332371,92.3655368259528,31.8423040619168
2015-10-07 09:00:00,30,184.368408529355,467.488923564909,87.8691720651958,33.0560848378654
2015-10-07 10:00:00,30,176.833578279186,485.349577460965,97.2327355867688,41.4892930572547
2015-10-07 11:00:00,30,177.480437245577,397.444868102958,90.3573710072479,31.588401381844
2015-10-07 12:00:00,30,148.011187857641,475.013441967372,98.5149447606476,44.5282946898056
2015-10-07 13:00:00,30,183.227743664167,512.492069285471,91.483330432355,41.1886424042533
2015-10-07 14:00:00,30,176.693636642371,494.290575972655,117.131086885957,44.9941968687336
2015-10-07 15:00:00,30,168.607123219796,504.213758389519,96.556771227227,37.7745354015603
2015-10-07 16:00:00,30,185.458230667769,399.505618464933,90.7266729345121,34.6585195459175
2015-10-07 17:00:00,30,164.965740663248,363.859489385438,100.468920755791,39.1914797508657
2015-10-07 18:00:00,30,160.325754937694,474.06116041514,96.0485746594739,40.1401848633153
2015-10-07 19:00:00,30,174.667885998043,511.706760299806,98.712271801676,38.2637235119114
2015-10-07 20:00:00,30,142.230646845899,461.787877016785,94.5134318541323,40.2625648059371
2015-10-07 21:00:00,30,199.287068449143,459.205685667124,96.2963960211663,38.6149845432114
2015-10-07 22:00:00,30,170.731552343055,310.530210736753,91.0542869186343,42.0090886526411
2015-10-07 23:00:00,30,144.796864648381,478.381568232184,113.232253175466,47.1108433916431
2015-10-08 00:00:00,30,173.896092741732,366.094978082313,102.408933893209,42.6428916184562
2015-10-08 01:00:00,30,189.520258943878,440.744261095085,100.982862950086,41.1471693995087
2015-10-08 02:00:00,30,167.909473624491,390.694450069153,91.0877090188492,45.656204992159
2015-10-08 03:00:00,30,175.503860176436,471.351214008134,93.6047049906241,40.759946787892
2015-10-08 04:00:00,30,142.466739880627,422.839801663812,120.608705658013,48.268372810887
2015-10-08 05:00:00,30,146.934076835338,397.887719687394,83.6678965257023,38.3650020948372
2015-10-08 06:00:00,30,173.888328389058,511.423295118899,102.537269521627,46.1207574187921
2015-10-08 07:00:00,30,169.454195901852,486.700358924821,75.7911681369204,36.7140760909362
2015-10-08 08:00:00,30,161.665837632955,476.564942357783,99.8766325100484,43.695763296684
2015-10-08 09:00:00,30,163.786493622154,546.091812413511,110.537531906623,44.8874828302639
2015-10-08 10:00:00,30,201.938686868929,465.086811759258,112.034887443681,37.2511063837948
2015-10-08 11:00:00,30,173.352134406149,416.982062965869,84.3324522875341,38.1574688153189
2015-10-08 12:00:00,30,146.721604037643,451.078407003924,102.146699298325,34.1666833524332
2015-10-08 13:00:00,30,149.745182163276,411.405514136398,82.3962990733057,37.4040705810847
2015-10-08 14:00:00,30,172.382068901244,392.995474329366,116.334386476564,39.2581578494369
2015-10-08 15:00:00,30,142.109318444949,474.684155158936,103.407690116148,39.4081071119726
2015-10-08 16:00:00,30,162.374920413676,353.581896869495,86.966442439894,34.2902703693769
2015-10-08 17:00:00,30,176.088134630944,456.16144188522,82.3114131647369,36.6902398975814
2015-10-08 18:00:00,30,169.30792379951,419.960644695947,92.1622002093114,44.6565408874196
2015-10-08 19:00:00,30,166.790531039759,429.32140258929,88.6699201215894,40.2336003102567
2015-10-08 20:00:00,30,172.350359683816,456.226768059282,83.4455937179812,39.2810906754354
2015-10-08 21:00:00,30,158.052841025715,439.243076255846,86.3933002318392,35.5513869704983
2015-10-08 22:00:00,30,148.858121976293,478.73531118956,105.728526588992,39.2830451593681
2015-10-08 23:00:00,30,190.948570797219,442.2936500214,108.120790558154,39.7952374251995
2015-10-09 00:00:00,30,175.294359479341,417.926536987364,93.8434403548519,39.7801686688232
2015-10-09 01:00:00,30,166.503874723628,549.57600276483,88.9973327168531,36.2566497924106
2015-10-09 02:00:00,30,163.595960015179,413.954133308193,88.6925649877432,42.2543079045679
2015-10-09 03:00:00,30,144.812099233485,423.911983148536,120.046895617021,37.9087335573329
2015-10-09 04:00:00,30,168.972985508255,525.5676413226,97.6171931499664,46.3113526186513
2015-10-09 05:00:00,30,179.60290882109,500.899768732016,122.747859104323,40.8344453657213
2015-10-09 06:00:00,30,160.515365514036,511.255326975094,105.238973803598,39.9017560580173
2015-10-09 07:00:00,30,157.101632905504,497.301034284985,109.401568844876,53.7964942567503
2015-10-09 08:00:00,30,147.900352873984,467.205705126493,93.9444777765675,40.4394342131457
2015-10-09 09:00:00,30,154.611148142717,318.54544457901,90.5781852487797,35.105617992402
2015-10-09 10:00:00,30,182.306111657977,431.328927015797,110.106638854446,37.6570021044731
2015-10-09 11:00:00,30,149.797327296199,473.776736201168,86.1010579565355,38.1478055456369
2015-10-09 12:00:00,30,185.396720968702,391.964742317658,92.8057012181036,41.2986517173266
2015-10-09 13:00:00,30,173.305774956337,389.069530772164,92.0470956616942,38.6367618472863
2015-10-09 14:00:00,30,173.756785479517,507.898024014257,98.885561823401,47.8191187978362
2015-10-09 15:00:00,30,176.117349684182,417.874072988865,90.315438351483,33.9271191491743
2015-10-09 16:00:00,30,163.45825185247,397.279020075831,100.150759036813,38.8014353589938
2015-10-09 17:00:00,30,148.413009936281,453.037466787634,104.471096179367,44.0679552077219
2015-10-09 18:00:00,30,181.663623798866,548.291782114215,98.3910128815075,42.1259804832331
2015-10-09 19:00:00,30,162.972705890385,472.408364850723,98.4885679066324,42.1004125926957
2015-10-09 20:00:00,30,173.004920846049,508.413617112564,106.740385073748,44.5487833545881
2015-10-09 21:00:00,30,156.225741389034,464.758996811189,106.098738450022,39.7274311324429
2015-10-09 22:00:00,30,168.645961624988,476.78939462069,86.1885250650395,32.6319260220964
2015-10-09 23:00:00,30,165.760579990466,393.777004966018,102.296666947027,35.6376915035964
2015-10-10 00:00:00,30,194.889987021273,515.340230094482,80.0121570751047,40.5442061442394
2015-10-10 01:00:00,30,164.718803824429,499.49993771768,117.498841314647,40.0121644427453
2015-10-10 02:00:00,30,190.770979061081,431.876216526079,109.225297723658,42.7280118165697
2015-10-10 03:00:00,30,181.533015237777,513.467730710232,104.668793604404,32.5056978950937
2015-10-10 04:00:00,30,180.76760146305,479.252419587403,86.1479148355086,50.8428422741906
2015-10-10 05:00:00,30,183.854076236947,486.446190633445,101.546269435378,41.4185309665991
2015-10-10 06:00:00,30,172.475952837028,444.351507064665,87.8862655146101,38.4800044017687
2015-10-10 07:00:00,30,185.138910055138,521.406625405745,87.8021536266053,42.8801234412434
2015-10-10 08:00:00,30,190.361148157126,442.120757106607,101.003012843024,35.358524997758
2015-10-10 09:00:00,30,161.003594496308,470.953363302274,100.452976765765,46.2220142357678
2015-10-10 10:00:00,30,214.372461177092,374.958233075504,105.212929515014,42.0614022162845
2015-10-10 11:00:00,30,183.043669099307,443.755198170278,102.730399486308,46.2048315949691
2015-10-10 12:00:00,30,152.163229655728,434.080220485888,93.3391631934748,41.9103625630151
2015-10-10 13:00:00,30,171.311007559169,378.982474481438,117.083960207467,47.8236213966206
2015-10-10 14:00:00,30,166.430448824261,390.360148243328,86.8256107890739,45.9689928569851
2015-10-10 15:00:00,30,173.875665169257,362.541847464956,103.467167221361,37.4445993734018
2015-10-10 16:00:00,30,182.705921082699,494.593473402751,109.050463011584,36.3524077311664
2015-10-10 17:00:00,30,168.834125830912,333.728445697949,95.550380921529,41.9813787786457
2015-10-10 18:00:00,30,167.564884586344,526.546258117903,111.842358835993,38.5652858084365
2015-10-10 19:00:00,30,174.032474090775,557.476891272952,103.466029197873,38.6043774704917
2015-10-10 20:00:00,30,160.888840871125,393.702783431768,108.769954311721,40.5654934358536
2015-10-10 21:00:00,30,174.025347309609,437.476822851678,107.982576828113,37.776776557824
2015-10-10 22:00:00,30,165.046079075013,430.840597947174,103.778898976691,44.4405335485631
2015-10-10 23:00:00,30,165.505227188727,453.304937414083,98.8875078811468,42.0713283839583
2015-10-11 00:00:00,30,186.304108050186,471.834612730793,115.915688920822,46.0654683263063
2015-10-11 01:00:00,30,179.674303639008,384.927076599744,103.225078693958,40.0934494441532
2015-10-11 02:00:00,30,193.745668487852,467.453061316477,87.6252440498701,33.0229590375334
2015-10-11 03:00:00,30,168.961267513962,414.816459567584,108.96260762135,36.9579420794295
2015-10-11 04:00:00,30,172.779776787788,442.951966312568,103.772866900729,36.8344782272014
2015-10-11 05:00:00,30,191.790667431117,437.822308366023,89.1164580189518,27.4189325701191
2015-10-11 06:00:00,30,193.771014686741,423.955996781366,126.976245622813,43.416175413163
2015-10-11 07:00:00,30,189.941270073368,488.94719718287,100.51530358675,42.7150368985201
2015-10-11 08:00:00,30,175.773774685866,450.450998738856,93.7816939705093,44.4280800579244
2015-10-11 09:00:00,30,168.408515246209,333.042334363504,118.930916442499,52.8760621854313
2015-10-11 10:00:00,30,175.839009919861,470.738603973196,115.965471510716,37.6623837227146
2015-10-11 11:00:00,30,143.30595893943,463.771296094079,99.2473914990248,35.8719701918355
2015-10-11 12:00:00,30,146.181872203351,393.662134273148,100.10013711212,48.0523597298223
2015-10-11 13:00:00,30,161.530292057951,525.27242898772,87.053776692685,41.0476378890739
2015-10-11 14:00:00,30,164.012687508284,482.833317785518,85.3208284367087,35.5805007352924
2015-10-11 15:00:00,30,177.284881848645,447.200085876374,80.1063011019743,38.5787324252344
2015-10-11 16:00:00,30,165.345982387169,490.178921949289,85.8463699844721,45.1135585574125
2015-10-11 17:00:00,30,176.919902521906,426.502713428885,110.68338072672,27.4196832768532
2015-10-11 18:00:00,30,162.202712133806,473.644563564507,107.041038803667,35.3244906471144
2015-10-11 19:00:00,30,165.549583260557,419.463135186252,105.084392608407,33.7099035278234
2015-10-11 20:00:00,30,177.713964072565,482.002645716481,113.60007055084,41.8777297198747
2015-10-11 21:00:00,30,193.896674740555,402.078462334594,106.031650335263,39.4138195740082
2015-10-11 22:00:00,30,164.661220367842,404.448786344832,84.2150025267595,39.9858583185262
2015-10-11 23:00:00,30,171.432008568492,508.904824954128,103.895508195702,35.338759617374
2015-10-12 00:00:00,30,145.741812185781,447.415163090053,113.762254345985,32.501632046565
2015-10-12 01:00:00,30,160.60813880688,410.375335184011,86.5175577620744,39.921097418683
2015-10-12 02:00:00,30,159.709106563706,461.311059051938,100.921189118626,32.4240841778692
2015-10-12 03:00:00,30,192.536012052773,481.348983465864,98.9890101771775,37.7982006035753
2015-10-12 04:00:00,30,162.565650398338,525.150222999982,94.2171994140991,40.5663930635574
2015-10-12 05:00:00,30,170.903203215704,493.490850186597,94.3644350296303,36.7226552636101
2015-10-12 06:00:00,30,160.174061130392,380.114136854775,89.8470583663669,39.0965002532795
2015-10-12 07:00:00,30,189.904878913456,443.644264155321,77.9737641909073,33.6324115343492
2015-10-12 08:00:00,30,148.282549097374,424.384864228193,92.1525289597629,43.5800966624236
2015-10-12 09:00:00,30,157.218556800213,451.803948795456,92.946209152312,46.8139536687217
2015-10-12 10:00:00,30,195.190893103339,451.091762956279,95.312056923183,33.3586077302955
2015-10-12 11:00:00,30,185.123959687261,505.853131234081,100.955164163672,47.96398263416
2015-10-12 12:00:00,30,168.119372997891,443.674060798397,103.075285509368,37.8303398469591
2015-10-12 13:00:00,30,143.126862029441,460.984239746497,105.159472886235,46.908440543919
2015-10-12 14:00:00,30,189.862015071543,510.742878002043,87.3168017694524,43.9036254165627
2015-10-12 15:00:00,30,185.089927496893,487.317996428908,88.4149642774862,41.929328416985
2015-10-12 16:00:00,30,163.649473238551,367.526143721252,93.4080178423048,36.1013363277508
2015-10-12 17:00:00,30,164.277707326096,523.576330655048,102.227611555965,38.6018159974816
2015-10-12 18:00:00,30,158.956759837866,478.890542550595,99.8203155585884,40.0222041927134
2015-10-12 19:00:00,30,167.506724903139,463.868182875126,125.250265922409,40.1539796691245
2015-10-12 20:00:00,30,172.63857471289,497.755248068131,100.603094891388,38.134835335503
2015-10-12 21:00:00,30,155.188608539993,473.446850672467,104.326593495513,41.225200390035
2015-10-12 22:00:00,30,158.734794421288,341.000518115595,113.623754572663,38.052903181358
2015-10-12 23:00:00,30,160.615319927992,393.107753464317,123.082277137394,40.447172420478
2015-10-13 00:00:00,30,176.571912667416,457.862674447766,97.2326621965968,46.1383322384715
2015-10-13 01:00:00,30,151.998022533954,552.347262711637,96.3388501215467,41.2208036915313
2015-10-13 02:00:00,30,142.061948749829,535.295575948047,91.9843841080955,38.9343951626947
2015-10-13 03:00:00,30,153.215349847387,473.753850002541,97.0299229986946,32.507770839227
2015-10-13 04:00:00,30,189.851816770265,429.739376682527,96.7459511397399,45.3393947598962
2015-10-13 05:00:00,30,150.478055369571,452.515377583759,99.5957563039708,40.9373081362441
2015-10-13 06:00:00,30,160.56415680906,436.386894282821,82.4551702088174,34.6078072476273
2015-10-13 07:00:00,30,181.439202898179,445.469355797188,106.241216940136,48.7507580262352
2015-10-13 08:00:00,30,163.028343635633,527.875523755884,108.367153339823,44.9591636734228
2015-10-13 09:00:00,30,143.763648439146,463.798538411069,85.0768039819381,32.4227159787162
2015-10-13 10:00:00,30,180.171209067874,497.485284713162,122.425552068232,38.2822841263159
2015-10-13 11:00:00,30,172.99632004111,375.079897667521,74.7552742723789,39.6393385149677
2015-10-13 12:00:00,30,174.858176276033,403.343880418788,113.168161449121,40.6760963595653
2015-10-13 13:00:00,30,174.614830744142,472.26135232326,101.442205157602,39.1535465999307
2015-10-13 14:00:00,30,171.662556661948,524.028087256734,107.604771580992,45.9376023602335
2015-10-13 15:00:00,30,140.754189450346,407.757303197458,93.861210126327,43.1282355379503
2015-10-13 16:00:00,30,169.063354130067,450.56729303121,97.9275567224292,46.4999253816038
2015-10-13 17:00:00,30,131.747964562657,446.115484154147,101.420783576513,49.5854860157456
2015-10-13 18:00:00,30,175.774623211349,448.361011439886,94.3004967612811,33.4664279292529
2015-10-13 19:00:00,30,156.229198429823,437.296588022572,110.167122864323,37.0550323087467
2015-10-13 20:00:00,30,174.394670341011,450.479821065312,100.016234479818,38.4630227325057
2015-10-13 21:00:00,30,194.158040455758,400.777311866776,97.1501924198136,34.5645051882558
2015-10-13 22:00:00,30,178.430028021395,355.557668069142,85.9643594397654,41.9715094885933
2015-10-13 23:00:00,30,190.71611368375,415.688840902607,105.383915037627,47.8193818095819
2015-10-14 00:00:00,30,188.68254020611,413.758278577586,81.7962156698229,42.8865648311963
2015-10-14 01:00:00,30,145.844969911373,378.34644455893,114.133670802067,48.8045637860636
2015-10-14 02:00:00,30,163.475022177627,488.960556725156,99.514925482865,40.5300512763975
2015-10-14 03:00:00,30,191.61606929727,358.008673974533,113.877377884276,44.1944006862681
2015-10-14 04:00:00,30,166.446477109885,445.596690652526,104.762254361819,39.4150643929971
2015-10-14 05:00:00,30,164.085757756568,363.57964371241,103.103935609119,37.3867455920917
2015-10-14 06:00:00,30,176.479439726847,516.532966383375,83.9418104303463,43.0423478449938
2015-10-14 07:00:00,30,145.830234861948,483.023453332392,95.0572407531466,45.1152507714793
2015-10-14 08:00:00,30,197.519789888284,510.637894951945,86.5592431128007,39.9168324339768
2015-10-14 09:00:00,30,192.611562572805,455.456238278659,87.3351013776921,45.7409108232513
2015-10-14 10:00:00,30,188.342342804601,343.98726083669,106.241834504293,39.2602018927535
2015-10-14 11:00:00,30,164.120087315021,463.640945925835,100.182528864153,45.6694734971304
2015-10-14 12:00:00,30,148.79360305381,457.958128651343,105.777302568792,41.9306877929052
2015-10-14 13:00:00,30,184.190510628408,466.714046550465,84.7263810507314,43.3220547389622
2015-10-14 14:00:00,30,183.535975280125,418.561623209904,101.286274212498,48.32351526037
2015-10-14 15:00:00,30,152.919810039326,485.396924803767,101.920576841622,36.274909400166
2015-10-14 16:00:00,30,174.803301275997,477.369872875767,95.6472119754799,51.7598740670029
2015-10-14 17:00:00,30,151.512506715874,446.468643389513,71.7282955504969,32.9585078742033
2015-10-14 18:00:00,30,158.497367326762,435.599509538737,112.139868245341,43.9868909705685
2015-10-14 19:00:00,30,167.947416209386,471.952003669102,90.2997681033808,42.969053518638
2015-10-14 20:00:00,30,170.218652677563,469.297576396126,81.7067913939844,36.2047711360011
2015-10-14 21:00:00,30,174.558815162074,419.562626212452,120.210450593684,26.0410161121849
2015-10-14 22:00:00,30,184.130946157959,484.932765809353,102.672496908017,40.6697922281977
2015-10-14 23:00:00,30,166.869554342437,470.4547720074,90.0530682549155,39.2836339766771
2015-10-15 00:00:00,30,145.316047537904,446.815287680735,116.731968349205,39.076967225479
2015-10-15 01:00:00,30,183.85288134594,396.241289488163,97.1145208695543,47.3486850578088
2015-10-15 02:00:00,30,147.831794728504,475.390158743093,100.443859383623,26.9381579182474
2015-10-15 03:00:00,30,178.206243623228,457.49771287724,102.742852996082,37.1622252886215
2015-10-15 04:00:00,30,146.694105376045,481.844852597491,102.331761124421,38.5188956372335
2015-10-15 05:00:00,30,186.45448227752,491.289856167188,111.428746388967,41.2479793692361
2015-10-15 06:00:00,30,193.912057668511,505.116272983832,94.2436845344249,39.7098828518605
2015-10-15 07:00:00,30,179.97080932229,492.435617884995,89.6266545342496,34.9255812320169
2015-10-15 08:00:00,30,188.939907780597,502.814960586377,96.4713225445583,40.6163620836448
2015-10-15 09:00:00,30,162.858940189129,504.445853637202,104.505528394133,50.0414662109175
2015-10-15 10:00:00,30,149.18523256873,441.918638237527,100.130745137984,37.8874621783257
2015-10-15 11:00:00,30,175.961777950406,473.153895350043,103.260956280933,43.7604133183311
2015-10-15 12:00:00,30,179.364930800045,485.831098085648,95.6841241356408,40.4590855623159
2015-10-15 13:00:00,30,179.611540793881,422.797820074778,91.8889294072228,41.8264554798973
2015-10-15 14:00:00,30,146.293818130623,441.243325255238,93.3209831846164,44.1673068926376
2015-10-15 15:00:00,30,163.975714071693,455.38328273566,103.982746914156,43.489239188757
2015-10-15 16:00:00,30,170.247237961072,464.189269709407,104.043521960286,41.3924303923646
2015-10-15 17:00:00,30,157.812329436363,426.340339325773,94.8891895178164,33.2766732322995
2015-10-15 18:00:00,30,200.841144897551,532.753053014342,90.4065770188862,34.9085331816866
2015-10-15 19:00:00,30,152.473579343845,444.413398437105,111.632555880634,41.8996448119324
2015-10-15 20:00:00,30,168.781988416777,507.273836092734,97.3960108523553,44.8039740632927
2015-10-15 21:00:00,30,146.101573157085,465.866954251227,101.779550127962,39.223543880455
2015-10-15 22:00:00,30,165.78430625383,389.102598097575,113.166947686609,40.1961928516524
2015-10-15 23:00:00,30,194.438499650572,317.897572943144,87.6330089688595,49.2481881598765
2015-10-16 00:00:00,30,189.067377892879,439.345115136265,93.1150080314478,44.1170415280713
2015-10-16 01:00:00,30,153.92065517185,462.373487178204,91.026298874126,42.5783472603305
2015-10-16 02:00:00,30,179.028533598021,456.459250952718,109.664679618857,52.9301992833591
2015-10-16 03:00:00,30,183.227212013498,476.606769410725,92.8655391461925,37.8178015538143
2015-10-16 04:00:00,30,180.306476683465,475.327129989168,97.658256385677,39.6535239108476
2015-10-16 05:00:00,30,194.840658151488,434.195745425327,109.909428556506,49.8220550458157
2015-10-16 06:00:00,30,169.938672968862,428.871015286878,77.1760409558579,41.6366649464673
2015-10-16 07:00:00,30,155.908403980077,382.339188106958,85.8464565182226,33.3562273908733
2015-10-16 08:00:00,30,154.032524634516,497.714223358154,101.646383681298,35.862106606874
2015-10-16 09:00:00,30,193.017241151851,375.145065847544,104.441565808684,33.4897711882478
2015-10-16 10:00:00,30,174.587865216714,359.092735072159,105.823713540158,37.617797458153
2015-10-16 11:00:00,30,183.21392391697,444.325820188276,101.714775791877,38.7933884450143
2015-10-16 12:00:00,30,150.416418959421,517.703654785646,123.569588856774,45.4130845392243
2015-10-16 13:00:00,30,192.99591778302,458.440654697105,98.700197959774,43.3032748285552
2015-10-16 14:00:00,30,175.399706944271,395.495860836498,106.066038594905,35.9971293797749
2015-10-16 15:00:00,30,149.825510242735,530.367707203468,125.885308985318,38.9335317355272
2015-10-16 16:00:00,30,173.242767428692,419.695530026505,108.595111325423,34.3194410995561
2015-10-16 17:00:00,30,159.083411362408,440.459512834636,90.6071735473693,41.4274384749207
2015-10-16 18:00:00,30,179.333878513018,424.735752681746,123.671007495613,44.5978937557928
2015-10-16 19:00:00,30,144.183690595781,501.721955157154,108.143744308715,33.837031108249
2015-10-16 20:00:00,30,182.632945763295,404.170154456434,81.9704614666117,42.2655929243758
2015-10-16 21:00:00,30,175.498711287468,502.192295167281,99.5286047380434,34.1282171652138
2015-10-16 22:00:00,30,129.243083114401,295.985744969574,94.2830447202694,43.6716563230494
2015-10-16 23:00:00,30,176.892872232921,513.883997199211,110.253999549153,35.2311660443797
2015-10-17 00:00:00,30,204.14934188455,394.850696821403,112.693775056904,41.4306429887474
2015-10-17 01:00:00,30,188.52461523629,404.59383665154,106.639906836261,38.6488219021855
2015-10-17 02:00:00,30,202.258999531525,492.156308621664,107.508167786394,31.870022464222
2015-10-17 03:00:00,30,175.162166358538,421.220413328405,109.393732376294,44.4430990306318
2015-10-17 04:00:00,30,170.051217644577,420.729175887129,117.481276920798,36.5334016384577
2015-10-17 05:00:00,30,176.926798235093,412.892881797219,108.889427065542,37.6726448649638
2015-10-17 06:00:00,30,149.308957745328,473.823883259744,102.352148016001,40.9798038330821
2015-10-17 07:00:00,30,167.414785671053,468.147511691903,76.6886788469118,39.5213003614573
2015-10-17 08:00:00,30,157.907788344364,447.694745677669,99.720698887273,46.5803969636432
2015-10-17 09:00:00,30,198.982634452082,609.524965922652,122.964189287364,41.2780616265968
2015-10-17 10:00:00,30,159.029924350924,619.215788045262,98.9326903410635,37.991740899204
2015-10-17 11:00:00,30,180.427841695054,393.869657027921,97.6578489745098,43.6046796207912
2015-10-17 12:00:00,30,147.236480133656,530.370827970583,95.4747549382729,34.7142295930894
2015-10-17 13:00:00,30,155.660414795459,401.708674839316,108.167368547423,49.6743508461232
2015-10-17 14:00:00,30,144.431319684272,485.278906667849,94.3311849337268,28.7311967469119
2015-10-17 15:00:00,30,182.575644321023,467.965829229814,109.292385450435,48.9617386488527
2015-10-17 16:00:00,30,169.98127478512,478.848333612174,113.021876383654,41.8984960709057
2015-10-17 17:00:00,30,180.505259526463,569.674038135696,90.7466979419206,36.018771632814
2015-10-17 18:00:00,30,167.413839403753,514.560746674257,86.8360390625825,46.337040771599
2015-10-17 19:00:00,30,174.631309557868,456.841183325613,99.8567447515669,41.9572610201358
2015-10-17 20:00:00,30,152.047555005314,471.144405467939,85.8213153022391,28.9206418145373
2015-10-17 21:00:00,30,159.114836386839,427.016805258406,112.822975856738,42.2618163036931
2015-10-17 22:00:00,30,197.782334157636,438.947301181009,93.1816484439761,35.9962365123542
2015-10-17 23:00:00,30,176.1096854205,515.494937484212,91.5873684481057,46.1194903125151
2015-10-18 00:00:00,30,139.453759532419,338.729250089638,100.604844053686,34.2821165992863
2015-10-18 01:00:00,30,162.244989323394,473.787274593223,112.550724635388,50.6240449774523
2015-10-18 02:00:00,30,140.661873203295,448.939135155365,105.555830998875,39.2436158764619
2015-10-18 03:00:00,30,181.762172081177,396.163655774973,115.456534047117,42.3386391974995
2015-10-18 04:00:00,30,152.555520560631,438.064104111644,98.6290944160319,33.2036968722642
2015-10-18 05:00:00,30,182.515863267274,484.477336531673,97.0526389909154,40.0381930013864
2015-10-18 06:00:00,30,176.083688873749,422.623014784909,93.5823500605973,41.7974862918855
2015-10-18 07:00:00,30,196.107050035024,356.576631344011,98.775283249068,40.2609180077926
2015-10-18 08:00:00,30,188.112559863,519.876060246454,102.492281702759,33.8622242299949
2015-10-18 09:00:00,30,184.17597865139,457.677176263929,111.382590502266,44.779429568052
2015-10-18 10:00:00,30,156.416349056735,424.524915059119,83.7613603986778,39.9345869583356
2015-10-18 11:00:00,30,151.715304359694,528.523771346929,90.0772441914472,47.2532568198975
2015-10-18 12:00:00,30,145.533785726086,506.26578305469,86.8554725594665,40.1363781190522
2015-10-18 13:00:00,30,213.84487091926,475.613479240058,91.4123097832877,48.0327557562016
2015-10-18 14:00:00,30,179.39600875176,418.282615789306,86.6339032827737,45.48526701664
2015-10-18 15:00:00,30,139.481605739363,373.964683881371,91.6440994395101,44.4564850909889
2015-10-18 16:00:00,30,176.753619123162,493.792196736032,95.5825210590245,32.3544638884215
2015-10-18 17:00:00,30,165.378956293495,370.66278433416,96.0573802619214,30.6812372049911
2015-10-18 18:00:00,30,155.169986931088,482.432920655605,90.7601714111372,32.6962768071575
2015-10-18 19:00:00,30,166.41011118345,485.569093738385,112.261231396699,32.5552062197258
2015-10-18 20:00:00,30,188.038769779358,468.669246678241,87.2248818049625,38.4102403784179
2015-10-18 21:00:00,30,147.570898385697,430.391136813364,101.877367202589,44.9489192916633
2015-10-18 22:00:00,30,171.965371406153,468.686150464439,129.728817075235,33.6980910390244
2015-10-18 23:00:00,30,151.480468811903,447.750574228464,96.2960627557489,43.0026155054112
2015-10-19 00:00:00,30,176.946208129823,412.175113049174,96.4000123383118,40.0430457308432
2015-10-19 01:00:00,30,162.016363857747,494.497854718424,98.8371860431387,42.888114940539
2015-10-19 02:00:00,30,193.424615701182,554.108685896694,96.3185104360012,44.1251418548639
2015-10-19 03:00:00,30,185.648870845057,467.531972886212,99.8522442204199,37.1508667085714
2015-10-19 04:00:00,30,164.368414741732,480.981434594482,98.7722793698432,39.299740999676
2015-10-19 05:00:00,30,173.030311449568,445.051070533272,95.8077168629148,46.0079013133083
2015-10-19 06:00:00,30,150.622126246492,419.577856535962,94.2429422076342,43.715442209497
2015-10-19 07:00:00,30,147.465078733039,505.063999376759,100.530612081122,38.9759001152931
2015-10-19 08:00:00,30,177.865259231866,417.84339914169,113.589759251837,48.871839466193
2015-10-19 09:00:00,30,176.461157663149,468.082290780786,94.81930881564,42.694151334039
2015-10-19 10:00:00,30,188.186868555753,399.596085804269,94.3449061312045,47.8286763701792
2015-10-19 11:00:00,30,176.573397463369,480.349475235187,99.9414869301219,44.7242515490294
2015-10-19 12:00:00,30,149.194627590212,473.295298873627,106.535876431565,38.1002994450171
2015-10-19 13:00:00,30,157.12474308778,351.483661608663,100.835220059692,43.6024824886804
2015-10-19 14:00:00,30,192.180060563625,481.701759870002,95.9492473713762,44.6111016386735
2015-10-19 15:00:00,30,163.721967984963,488.297225869309,96.1611043782473,41.7635467189637
2015-10-19 16:00:00,30,180.10799180367,426.212988683857,108.301531980103,42.595980558343
2015-10-19 17:00:00,30,181.547810807538,499.456718458942,91.9298037905867,35.2184354306142
2015-10-19 18:00:00,30,206.201701399457,470.624498166191,103.859511804957,35.853212779681
2015-10-19 19:00:00,30,192.4873614663,416.224837059002,87.4012597526048,45.908586104761
2015-10-19 20:00:00,30,193.90925707373,373.929103893871,110.455931121572,35.778863822472
2015-10-19 21:00:00,30,194.650229767253,471.972939998577,100.850899216689,47.2852394046651
2015-10-19 22:00:00,30,167.364698687034,381.208391395974,80.4943328590466,41.5415005371399
2015-10-19 23:00:00,30,176.731729302926,482.53482791074,93.5904489996571,45.7206382550473
2015-10-20 00:00:00,30,174.34846141762,553.599358964778,91.5241428730218,39.4063452556188
2015-10-20 01:00:00,30,173.455821974943,450.369234414374,96.880849365527,33.0769493853595
2015-10-20 02:00:00,30,181.439291014879,429.607869499084,94.0420511346341,36.6554327791054
2015-10-20 03:00:00,30,188.334815550827,511.335566513395,80.4696537400926,40.2638239474793
2015-10-20 04:00:00,30,182.637593454271,401.370611326282,105.63298683108,32.5143025825855
2015-10-20 05:00:00,30,172.86966843539,421.66741788698,111.178411467606,46.5197419640544
2015-10-20 06:00:00,30,133.490977161918,517.408760822423,89.3761261540495,44.5284381705415
2015-10-20 07:00:00,30,161.807296120195,448.23804461753,92.6114017016512,45.1632453056792
2015-10-20 08:00:00,30,169.609594692172,363.507367620397,101.301078453765,46.1068898490007
2015-10-20 09:00:00,30,161.476058424709,482.799945175512,78.2917537518458,39.9956499874577
2015-10-20 10:00:00,30,189.237715725215,459.033982936339,89.4303238227937,39.9547798424226
2015-10-20 11:00:00,30,146.549420181151,382.55505578048,91.8222700596898,39.9517515807798
2015-10-20 12:00:00,30,154.687737709495,536.457479964124,94.389074760703,36.7891137717696
2015-10-20 13:00:00,30,172.01729997485,534.818069754196,103.458561376605,39.5875257428293
2015-10-20 14:00:00,30,146.012428436444,489.971352981436,99.4122263957885,39.4161911989125
2015-10-20 15:00:00,30,160.259202411182,482.745342498406,100.479727323856,40.4129622002669
2015-10-20 16:00:00,30,168.62329084147,415.948955642007,93.9558731355986,36.0906339741503
2015-10-20 17:00:00,30,161.855308984889,466.087244164871,96.3043580623754,31.3063872919395
2015-10-20 18:00:00,30,192.110398714178,418.098047955501,93.4152938589105,40.6313788456787
2015-10-20 19:00:00,30,191.915859482938,378.764031948026,110.546521151982,43.9985850066055
2015-10-20 20:00:00,30,178.205263764015,406.857301065574,108.327941102447,38.0605045917453
2015-10-20 21:00:00,30,145.177224663936,465.164844165775,108.32586750642,53.2092572916128
2015-10-20 22:00:00,30,169.191753776459,407.99159859595,120.229473761145,34.8506296105132
2015-10-20 23:00:00,30,163.871764299133,436.862225150482,107.987467485701,36.3812206757567
2015-10-21 00:00:00,30,163.534007712806,454.123426212974,83.4121674010977,43.0694017033394
2015-10-21 01:00:00,30,173.850981617846,470.874469696423,110.046766873172,43.7182778894692
2015-10-21 02:00:00,30,183.786430764974,459.249926750352,92.4789257997736,38.0056943579079
2015-10-21 03:00:00,30,167.03285815379,517.040449976159,86.8065251556113,50.2529155701608
2015-10-21 04:00:00,30,210.286362400942,482.597659204839,100.938511498002,39.3304862789516
2015-10-21 05:00:00,30,169.682082911191,423.172104314859,90.9871874461564,38.9445328632528
2015-10-21 06:00:00,30,177.816193675642,456.576768460013,79.7952284011711,32.5392417767832
2015-10-21 07:00:00,30,151.750460016663,475.149182344553,92.5947405957786,43.0232786096901
2015-10-21 08:00:00,30,172.79095113916,380.5084179039,81.6475271604362,43.8167578800468
2015-10-21 09:00:00,30,157.896999211323,394.158426463537,88.4029231811758,42.9280043366428
2015-10-21 10:00:00,30,165.855873463067,512.274044680107,109.419197783187,44.944644696458
2015-10-21 11:00:00,30,199.551953118007,519.624972639655,111.610398834388,51.8508907765082
2015-10-21 12:00:00,30,154.783791714896,503.190702370649,105.566056505624,32.2423536657439
2015-10-21 13:00:00,30,186.08062822232,492.980432473012,103.348366924362,47.0076211562712
2015-10-21 14:00:00,30,199.62956034127,497.272720107724,108.117763278499,39.9511484308354
2015-10-21 15:00:00,30,158.932821567259,385.53513373462,105.878072756611,39.7281200566846
2015-10-21 16:00:00,30,191.402568059993,486.314518039915,104.474216696883,38.0521864549504
2015-10-21 17:00:00,30,168.731382172663,537.844021719235,96.535265508745,33.973711547254
2015-10-21 18:00:00,30,182.684548000493,488.763838586946,95.0977369455963,46.7288641500325
2015-10-21 19:00:00,30,166.909095320561,436.484192524665,98.1259287843658,39.2316732542964
2015-10-21 20:00:00,30,181.272034715836,516.513922385211,99.4970635430466,36.538676239653
2015-10-21 21:00:00,30,164.019430664001,405.345500297032,81.5737746569612,41.1954707157011
2015-10-21 22:00:00,30,163.272054135842,482.930672837705,101.312681223265,39.5620917257998
2015-10-21 23:00:00,30,162.192213025314,458.658623643415,95.6831007223107,33.808218911169
2015-10-22 00:00:00,30,154.729292880591,414.863357177599,94.5876125453867,43.769654033095
2015-10-22 01:00:00,30,158.040318574816,414.31634051526,100.965022429894,39.126019531905
2015-10-22 02:00:00,30,158.472447820348,423.829022490431,98.4890728751485,35.5888273146898
2015-10-22 03:00:00,30,170.062510517363,484.53662269401,94.5090661118162,42.4077179451015
2015-10-22 04:00:00,30,196.668266345414,499.398871031631,92.8150821642322,40.2910953121137
2015-10-22 05:00:00,30,168.622038034733,416.517825340852,94.2568939613998,33.5276263829324
2015-10-22 06:00:00,30,160.351249003453,500.223823765814,100.420881534997,31.3832223880282
2015-10-22 07:00:00,30,181.777917300505,419.746714987822,82.1622981400746,49.3753376927336
2015-10-22 08:00:00,30,162.772489697067,489.924586069741,90.7392651398795,38.0686027162909
2015-10-22 09:00:00,30,138.008877596179,446.968004003436,103.738716698696,40.0854365545532
2015-10-22 10:00:00,30,181.647444573605,502.494633551128,92.1917418707679,39.7180838181186
2015-10-22 11:00:00,30,200.771174304599,464.301085396538,115.247778315749,33.6216996429472
2015-10-22 12:00:00,30,194.167939489588,443.45113554978,87.1293630878008,43.2858913236689
2015-10-22 13:00:00,30,194.130481425418,471.781641240377,94.9539018574568,30.7154227350292
2015-10-22 14:00:00,30,162.666949272393,423.427528700133,94.7561381270386,40.0890530192804
2015-10-22 15:00:00,30,150.082040360699,522.533283706308,97.3858042015867,41.1727358479877
2015-10-22 16:00:00,30,186.199393050496,438.915269027762,90.7954019448839,46.5094735566309
2015-10-22 17:00:00,30,166.673656701912,421.156460847486,93.0897409879515,39.2798124167911
2015-10-22 18:00:00,30,180.993333167973,444.445312740013,102.655474461586,32.8913418078801
2015-10-22 19:00:00,30,183.417557978348,437.936365522329,114.578548214333,36.2430830804519
2015-10-22 20:00:00,30,165.619687772462,386.826459001206,111.997602449585,44.9536584223314
2015-10-22 21:00:00,30,157.524371267498,486.552432328,107.887570701368,46.7668995762262
2015-10-22 22:00:00,30,189.162489585959,495.312944970463,104.81230700843,38.5127021518682
2015-10-22 23:00:00,30,176.868975973846,448.031193298247,99.9195096210798,34.4153266157024
2015-10-23 00:00:00,30,170.631661853186,463.699826020301,107.222301131632,33.1149231757537
2015-10-23 01:00:00,30,174.339561867566,427.976320727094,97.51611212526,45.119336698187
2015-10-23 02:00:00,30,174.582876429402,434.547465146093,122.2853407449,39.9140117398277
2015-10-23 03:00:00,30,167.414307688503,502.593718082245,114.94145216351,43.4977668901246
2015-10-23 04:00:00,30,181.497363985502,464.032620276328,99.2067562976896,34.0494850904035
2015-10-23 05:00:00,30,164.157550743052,401.313148417396,94.8998750160274,41.7167116867938
2015-10-23 06:00:00,30,149.089721982899,442.984641418859,91.9589837218222,37.4931381203619
2015-10-23 07:00:00,30,158.214501996798,504.178391664447,107.603755495995,42.3776330323182
2015-10-23 08:00:00,30,179.815143968482,486.060628149489,94.6840210208233,31.0190496974846
2015-10-23 09:00:00,30,154.962291499194,463.31804489063,113.411032332028,45.8107161557712
2015-10-23 10:00:00,30,197.932320208045,439.997627430227,94.3076358525166,26.5485913555724
2015-10-23 11:00:00,30,153.603454150818,470.335029986651,94.9428196508894,39.4820020356078
2015-10-23 12:00:00,30,174.794504469971,394.894277296171,98.8386355829831,49.1189569510022
2015-10-23 13:00:00,30,190.878166387065,495.490744858075,109.290422205556,45.0415042260459
2015-10-23 14:00:00,30,169.10933101838,482.625596066524,118.892128705171,38.3286743262683
2015-10-23 15:00:00,30,185.074105693411,446.056272502543,95.5022228942222,42.1161620319131
2015-10-23 16:00:00,30,195.493768351567,489.418762361149,88.5279867805482,41.1326499809376
2015-10-23 17:00:00,30,188.666636731176,434.042174778076,109.914352861027,43.9852690019966
2015-10-23 18:00:00,30,157.13724867046,439.344290640349,99.3650053656592,49.0735024175859
2015-10-23 19:00:00,30,178.108663268707,433.394155576053,104.421474909665,37.6530262024726
2015-10-23 20:00:00,30,166.502153981994,461.355202452922,92.3384449591681,41.7139295204296
2015-10-23 21:00:00,30,185.109165105123,481.748298094123,101.82015299218,35.1815319041652
2015-10-23 22:00:00,30,185.06181951868,455.104293335414,107.852173082553,43.7421506533039
2015-10-23 23:00:00,30,164.312756486805,486.815384977656,103.326909490317,42.3072527862984
2015-10-24 00:00:00,30,179.886028998034,351.15055871177,93.9105110838686,38.1406594313218
2015-10-24 01:00:00,30,170.379072656728,404.997159659213,88.2903431906018,33.3481016508569
2015-10-24 02:00:00,30,164.165183501185,417.796076487116,105.466135835737,38.1094481650341
2015-10-24 03:00:00,30,187.93925316726,484.641742276733,111.38574971921,38.6550639105808
2015-10-24 04:00:00,30,177.697518638478,402.377387338381,113.348004283782,40.9363295150567
2015-10-24 05:00:00,30,158.476446432141,349.338520155582,108.402985386986,47.2689168279476
2015-10-24 06:00:00,30,141.423236623565,488.562542400486,102.743748388338,31.072194195648
2015-10-24 07:00:00,30,194.253555503523,421.039254249686,95.8328811327787,34.494282295603
2015-10-24 08:00:00,30,155.716937682252,479.517711821199,91.4479729116432,44.5580630233122
2015-10-24 09:00:00,30,165.187101837019,429.244937775429,105.732367962002,35.365276313064
2015-10-24 10:00:00,30,178.027801296096,433.28256372434,88.1334492321941,45.1933928263713
2015-10-24 11:00:00,30,156.52755608384,454.626905248973,103.932737103241,24.0232224352165
2015-10-24 12:00:00,30,177.97652711568,404.975613434137,73.9863892127683,39.6452981536013
2015-10-24 13:00:00,30,184.591870308051,359.086802005992,88.7698303055201,41.5379436381036
2015-10-24 14:00:00,30,168.139328699136,471.661341183976,89.7285960596711,35.9254789841864
2015-10-24 15:00:00,30,169.481563629181,368.61244578489,80.0752941825375,46.8735510664497
2015-10-24 16:00:00,30,162.056126032594,440.489503821387,76.7636515298111,48.1304882249344
2015-10-24 17:00:00,30,156.883572269334,446.940065623212,95.8030324690772,43.9992698440166
2015-10-24 18:00:00,30,188.64951539727,460.285194734408,98.6701563195147,39.6718413797562
2015-10-24 19:00:00,30,153.772839864523,416.410576349479,113.548439868916,33.6399199448518
2015-10-24 20:00:00,30,158.649381705129,495.342003646843,85.2406108886491,39.0797310018019
2015-10-24 21:00:00,30,163.405731908333,465.810239531599,112.167124906117,41.6784118819779
2015-10-24 22:00:00,30,174.844217381553,473.002317314244,117.764217690152,42.089047179288
2015-10-24 23:00:00,30,156.185524909401,485.697275296855,108.390645146842,34.5934531140054
2015-10-25 00:00:00,30,184.378778813738,442.319998554123,92.316862332285,47.9487930998813
2015-10-25 01:00:00,30,194.893400231578,407.762594972572,114.242038204066,41.2856526424249
2015-10-25 02:00:00,30,160.293220150993,429.882340923684,110.106519102185,45.0265793438762
2015-10-25 03:00:00,30,174.755295064323,432.26298918728,118.646166648531,44.7559305711131
2015-10-25 04:00:00,30,180.036808329077,501.334742283221,90.7233196800886,42.7835293562242
2015-10-25 05:00:00,30,157.937746824341,459.338983703737,89.1615698054864,42.3394581850651
2015-10-25 06:00:00,30,158.230565609938,439.952790424915,91.9351987617667,36.9926976194403
2015-10-25 07:00:00,30,149.504319291667,388.654625350801,99.1825680811956,42.0977908900991
2015-10-25 08:00:00,30,169.809966064039,413.871151433514,77.2723257301155,41.1465807962653
2015-10-25 09:00:00,30,186.274634864622,353.883373634551,99.1488561263137,36.4585453233443
2015-10-25 10:00:00,30,163.24961139676,485.491957304969,115.322129846031,45.1863911828857
2015-10-25 11:00:00,30,171.374213025217,390.365491543567,83.1008389827876,33.56030956924
2015-10-25 12:00:00,30,138.462281097108,461.230849685458,105.680362019895,43.6840771839148
2015-10-25 13:00:00,30,159.464446553734,432.54059543632,83.5455931660405,44.9655431348681
2015-10-25 14:00:00,30,173.664221551183,483.655629372909,104.79316765849,40.7109797158084
2015-10-25 15:00:00,30,190.602938335444,441.005037814186,91.5264091920034,44.2650524647425
2015-10-25 16:00:00,30,187.242702066588,558.326706712496,100.977681420755,46.2587447547296
2015-10-25 17:00:00,30,192.575157794096,551.185618357551,106.551181296287,47.0362995633909
2015-10-25 18:00:00,30,172.342388054015,479.404813486669,109.563281054935,42.377593642596
2015-10-25 19:00:00,30,176.165608711448,347.83651226295,93.0815198369341,34.0213294767653
2015-10-25 20:00:00,30,134.141179443181,438.323701442024,100.116671258991,43.7755252362733
2015-10-25 21:00:00,30,169.340924432686,450.224347345067,100.013098349958,43.6980900674701
2015-10-25 22:00:00,30,152.767809283869,481.827402273403,107.660619333825,40.7058644911296
2015-10-25 23:00:00,30,170.25160788997,387.033209684883,82.5364387708197,45.8492324883297
2015-10-26 00:00:00,30,159.519707498275,452.42819230743,77.0886703865692,43.9719824208738
2015-10-26 01:00:00,30,159.335615309145,459.21692450981,100.654441730884,43.2204597833102
2015-10-26 02:00:00,30,178.167736291451,592.624517350789,102.103851500741,38.7613274443498
2015-10-26 03:00:00,30,146.045836762724,402.229590782934,93.1356166661207,34.9817746479568
2015-10-26 04:00:00,30,188.216203135201,408.389893860708,85.6500359557141,46.913689953295
2015-10-26 05:00:00,30,157.499892099031,431.828902623942,99.574790136765,48.9215556679803
2015-10-26 06:00:00,30,138.742069449632,429.282419550106,111.591380476521,43.5315592139603
2015-10-26 07:00:00,30,164.401946830682,418.349137483979,114.494937506674,32.0067794588662
2015-10-26 08:00:00,30,152.482511098165,387.923450870425,106.716096044486,46.0588526603346
2015-10-26 09:00:00,30,173.934521992278,491.727063584191,84.4381003935036,39.4579019368753
2015-10-26 10:00:00,30,168.825813693141,482.020349620533,107.183752161539,42.8052198985122
2015-10-26 11:00:00,30,176.518822741166,519.971266766125,85.6965946724621,36.2325892193076
2015-10-26 12:00:00,30,165.017836998183,383.103982187302,96.2196926513358,51.6809296336058
2015-10-26 13:00:00,30,138.509740892654,396.361239744479,101.200733946218,41.3260218139373
2015-10-26 14:00:00,30,178.380436240506,485.408508776674,97.5496731660359,49.2310277089082
2015-10-26 15:00:00,30,168.814737763285,411.505075154726,89.7130106085734,34.0498079936967
2015-10-26 16:00:00,30,187.318266900116,375.244995436042,104.574663417295,37.6160929982146
2015-10-26 17:00:00,30,184.513245493212,471.390218039435,80.6544094934774,39.2587252058835
2015-10-26 18:00:00,30,157.718955012193,480.802829466886,100.556518739093,38.5763477466387
2015-10-26 19:00:00,30,177.116342064034,482.007170451056,99.7863528483682,38.2717948265154
2015-10-26 20:00:00,30,155.746199202271,487.570256127828,106.036934830286,49.8783514421442
2015-10-26 21:00:00,30,165.939619849495,450.353849200455,98.5810854986497,32.5371755226493
2015-10-26 22:00:00,30,172.348434978265,462.069141150146,101.736160467126,41.7657998416763
2015-10-26 23:00:00,30,170.87833452068,438.634083219615,97.6294976145975,40.4979920151542
2015-10-27 00:00:00,30,190.428564410728,470.730798864619,111.557099024994,34.312961950733
2015-10-27 01:00:00,30,150.716652007337,395.896848634323,107.521171806432,40.4913485443001
2015-10-27 02:00:00,30,181.702218469953,469.977830219208,104.463761946771,37.8390417118055
2015-10-27 03:00:00,30,199.466550982476,423.415571510872,111.673971009701,38.7432277525235
2015-10-27 04:00:00,30,126.156615164029,458.877921631938,121.662221466095,36.5304877881522
2015-10-27 05:00:00,30,154.318449136303,428.281714795011,96.999067395714,38.1722666508619
2015-10-27 06:00:00,30,161.300276851349,479.224380981344,83.1423061449224,48.2068845876074
2015-10-27 07:00:00,30,203.968039009601,388.606485164288,92.6868847784037,42.977414347085
2015-10-27 08:00:00,30,159.139030622485,355.463262395088,113.833414620429,42.7992742665847
2015-10-27 09:00:00,30,141.754669475705,441.04069347591,87.0576888335613,40.4832288313317
2015-10-27 10:00:00,30,166.536824720158,522.909483863441,103.602670811522,41.7920526914847
2015-10-27 11:00:00,30,169.999412058621,554.062273750114,102.031759640042,41.9382157913806
2015-10-27 12:00:00,30,182.317582383709,415.293236895932,89.2402087520638,44.841674237479
2015-10-27 13:00:00,30,177.281576016959,468.637283360565,101.602456893569,37.3595253640669
2015-10-27 14:00:00,30,150.539200413522,491.300094868069,82.1336126263344,36.7660209138417
2015-10-27 15:00:00,30,136.226416989606,448.322390645144,113.919267457637,36.426007354396
2015-10-27 16:00:00,30,172.095633619818,552.507338100617,93.0610663176561,35.7291522810659
2015-10-27 17:00:00,30,158.431850869252,411.867956028823,81.6464244283781,43.1803032194906
2015-10-27 18:00:00,30,164.82804922818,429.829065052823,93.1082813515057,42.184533821418
2015-10-27 19:00:00,30,169.997803619132,481.875661462235,99.2274009736519,37.5211768481278
2015-10-27 20:00:00,30,156.189534648252,475.915121368123,97.7251779974098,50.9727289358089
2015-10-27 21:00:00,30,170.828458310064,434.523762515414,100.427936928701,33.7135178306143
2015-10-27 22:00:00,30,159.177577727326,448.076705950607,101.92137455732,38.5824759843938
2015-10-27 23:00:00,30,187.652713380737,368.33516206071,106.234049399433,33.4644711595031
2015-10-28 00:00:00,30,159.192563984307,469.571227863568,90.7148703748468,34.5585602061775
2015-10-28 01:00:00,30,171.336294859323,415.577250448564,118.178367317008,47.3647043077968
2015-10-28 02:00:00,30,186.964502040112,471.923642351107,91.7239087441789,34.5494202097339
2015-10-28 03:00:00,30,149.007936598943,414.477061271304,115.631004954794,40.2598669194664
2015-10-28 04:00:00,30,189.93495648978,417.742148879161,85.4381734210513,44.6260045717663
2015-10-28 05:00:00,30,193.883510719511,431.466907162229,96.6330741226067,38.2999621797225
2015-10-28 06:00:00,30,179.092387602754,349.278763155588,107.069605938124,36.7293018962195
2015-10-28 07:00:00,30,191.164828634541,474.464638170695,129.302214452421,44.0038817494599
2015-10-28 08:00:00,30,163.362082338475,445.540761806378,111.924394640774,44.7896619277348
2015-10-28 09:00:00,30,147.012713495033,470.502943062575,112.57782593183,36.9502714981589
2015-10-28 10:00:00,30,163.964222383869,371.281348985256,119.274146474143,36.5508913002587
2015-10-28 11:00:00,30,185.177140707135,549.793950922901,90.0624725843837,35.9815071594106
2015-10-28 12:00:00,30,138.955994494823,471.796071695872,87.6378762654907,34.4810511166568
2015-10-28 13:00:00,30,147.974122637291,505.159698465303,92.9675488864361,45.1915655417455
2015-10-28 14:00:00,30,198.761665355296,376.529666119806,110.962158445159,35.3304547421801
2015-10-28 15:00:00,30,135.617383926026,403.563075965216,97.3762497060158,33.8289968545178
2015-10-28 16:00:00,30,147.842987665647,454.229440143517,100.973727576814,41.114416867497
2015-10-28 17:00:00,30,198.2779049989,445.847009832578,95.2645929701824,37.8046519948704
2015-10-28 18:00:00,30,169.245043905632,412.657766525425,96.9029633999739,34.8135652852324
2015-10-28 19:00:00,30,170.727527581222,541.491877977115,111.188112328165,43.6910878548863
2015-10-28 20:00:00,30,167.291422861088,449.247630587157,101.340505966664,36.6376163836913
2015-10-28 21:00:00,30,175.588108357052,480.380625210624,93.582591916807,40.8830731504873
2015-10-28 22:00:00,30,173.979382806682,498.377645092582,114.753789602356,39.5619965065772
2015-10-28 23:00:00,30,148.175303911609,407.549179069447,107.183405208931,46.3648323182651
2015-10-29 00:00:00,30,171.458876179128,447.980157512707,113.118183892538,35.222597057811
2015-10-29 01:00:00,30,178.187474270793,341.479589606218,105.904021154546,40.1560369792501
2015-10-29 02:00:00,30,149.186079829421,445.713754486468,94.8605527940798,33.0421359750658
2015-10-29 03:00:00,30,162.360298001294,462.128691622016,94.578741096404,35.7786939824786
2015-10-29 04:00:00,30,166.036144206309,417.489828735254,110.111158653244,41.0650200792719
2015-10-29 05:00:00,30,145.321433311437,344.014204575372,79.3504396385354,48.2406850745635
2015-10-29 06:00:00,30,161.907173107273,457.753063560008,119.083097603514,38.834642512378
2015-10-29 07:00:00,30,164.591820922376,552.201727113468,97.7152327612571,38.0628193696745
2015-10-29 08:00:00,30,177.295235577917,502.480996410152,114.548414187972,39.4885989384586
2015-10-29 09:00:00,30,191.95402728603,456.793191627165,99.1782365967925,33.6575446588455
2015-10-29 10:00:00,30,178.692063984204,412.57262084922,102.749680756098,42.1927440779656
2015-10-29 11:00:00,30,137.32329010771,525.749158730632,117.880524977794,50.6443188595162
2015-10-29 12:00:00,30,163.811140636124,498.656639510977,97.1123341064361,50.2465067678557
2015-10-29 13:00:00,30,145.851376416447,463.403063542252,97.9189296452079,45.8425700207438
2015-10-29 14:00:00,30,165.956749846517,334.753893919096,110.137895352697,41.6742184600961
2015-10-29 15:00:00,30,178.318105020961,343.877121619411,112.841567117,45.4655617086213
2015-10-29 16:00:00,30,171.887206051611,439.247598472073,99.4202617271349,41.2318759336044
2015-10-29 17:00:00,30,193.205347755875,460.635569450399,104.522972768519,36.8262944898214
2015-10-29 18:00:00,30,196.553780493372,425.010280031532,103.083515682493,44.9534970950643
2015-10-29 19:00:00,30,172.747100067811,426.655755271723,98.6194437879395,47.2439649245726
2015-10-29 20:00:00,30,194.925264242532,524.480321280003,94.4200739978712,30.8337566473207
2015-10-29 21:00:00,30,152.075615009305,455.072180394474,91.1375310506448,41.1612040696587
2015-10-29 22:00:00,30,157.161058563791,452.954649334974,104.292090349529,34.8418034761438
2015-10-29 23:00:00,30,162.28536645302,517.576664647927,83.3047804676118,42.0856037591035
2015-10-30 00:00:00,30,194.161535182354,518.000290629259,92.7722656799375,32.3087882428062
2015-10-30 01:00:00,30,151.229543513848,384.278190674322,100.587190645993,49.7427333514062
2015-10-30 02:00:00,30,169.759716678395,465.810634835706,99.9511036354597,47.3488291035772
2015-10-30 03:00:00,30,151.319408657658,537.685320560569,87.1911511889692,31.0784487409114
2015-10-30 04:00:00,30,178.891665652838,436.977049311241,110.204477314788,41.8005774268994
2015-10-30 05:00:00,30,188.10383467533,505.186246656311,86.085762896707,43.2195442866927
2015-10-30 06:00:00,30,179.743280596928,435.455359857907,106.252477173873,39.6184934889859
2015-10-30 07:00:00,30,148.647556826582,362.98064334751,85.1998826632429,43.2434254931498
2015-10-30 08:00:00,30,165.58916891372,472.391207175499,88.3066916330903,46.6965707466918
2015-10-30 09:00:00,30,177.067709515322,479.174483758841,105.295398288026,44.3080159674177
2015-10-30 10:00:00,30,161.20744844646,425.900678829501,105.499952052922,41.1991209208245
2015-10-30 11:00:00,30,156.9752555664,441.493959912539,97.6208441350743,50.7563437265051
2015-10-30 12:00:00,30,171.663530866703,499.969445482469,104.977690838752,37.6830652206674
2015-10-30 13:00:00,30,141.397999860868,463.124452216117,99.89350559225,46.5134027063918
2015-10-30 14:00:00,30,164.655767719685,405.313151763707,111.058525516022,37.6864103897268
2015-10-30 15:00:00,30,208.234994309789,476.090535162559,110.768887201319,35.076703513783
2015-10-30 16:00:00,30,148.10793388778,496.937542000101,83.8633660283098,39.9115625562794
2015-10-30 17:00:00,30,157.645772866167,448.748406286185,104.628305235558,39.3265092287796
2015-10-30 18:00:00,30,182.906820165714,440.491426323047,90.7008771901797,43.8236725993253
2015-10-30 19:00:00,30,201.920757032229,420.167951774874,114.37720682091,40.6461020242651
2015-10-30 20:00:00,30,198.040932032233,429.434097163605,110.5248999871,34.6637706839884
2015-10-30 21:00:00,30,130.71628090841,404.08793459551,82.5776562962134,42.4750849782761
2015-10-30 22:00:00,30,173.807522917438,447.401196741829,114.227908139539,45.3693585344024
2015-10-30 23:00:00,30,162.903289036372,446.903232042809,101.584627329326,46.6756422934054
2015-10-31 00:00:00,30,187.722688610819,458.672129679002,101.216408141891,49.5989336044589
2015-10-31 01:00:00,30,149.631403535333,493.185311370122,103.520587996202,41.8095192835582
2015-10-31 02:00:00,30,186.566729147247,469.118974658655,93.6307975654969,30.7418156671457
2015-10-31 03:00:00,30,159.831304875571,598.693092314155,87.9646821515437,35.5995594168818
2015-10-31 04:00:00,30,170.851827802876,473.169857695638,85.4762954077856,43.6192361428992
2015-10-31 05:00:00,30,150.113993197334,549.739191724119,108.918812827743,36.424833976065
2015-10-31 06:00:00,30,165.088573149197,472.207438781607,112.001540032645,44.1150285990017
2015-10-31 07:00:00,30,177.035925618872,494.198547965352,82.7767062323484,43.9105645411468
2015-10-31 08:00:00,30,169.532803369468,481.141606471575,85.778052722642,35.4289631192091
2015-10-31 09:00:00,30,155.382972330361,494.150527192471,95.009175438029,32.458264168061
2015-10-31 10:00:00,30,165.393770408738,480.072582768754,107.54534076779,46.2830839096748
2015-10-31 11:00:00,30,178.683995472288,485.001080031383,76.8343910104718,38.0678759030688
2015-10-31 12:00:00,30,163.579593021152,425.43871508426,100.220294446219,48.4169666669723
2015-10-31 13:00:00,30,164.663862934058,369.305818177398,83.5075203669001,42.3409305425366
2015-10-31 14:00:00,30,179.081181122218,424.406939676395,98.8423279174622,42.506005191889
2015-10-31 15:00:00,30,157.51775361418,519.750132716978,91.9495923882985,47.3982693669745
2015-10-31 16:00:00,30,163.955637960802,524.326692016655,82.8542920479141,27.2977954707522
2015-10-31 17:00:00,30,175.994063350829,431.947285615686,103.591527115969,34.4091065263368
2015-10-31 18:00:00,30,151.784192084246,522.926738988461,100.578053850194,39.3754917270114
2015-10-31 19:00:00,30,156.456816326913,384.160604755128,97.1076132486587,41.7727177492393
2015-10-31 20:00:00,30,146.261518602091,451.596118600158,97.7941889953876,38.1732051800188
2015-10-31 21:00:00,30,152.528588315527,431.065532504992,112.082714731325,43.8979338020434
2015-10-31 22:00:00,30,182.441420522067,418.906273432438,94.17177884187,43.8474919346923
2015-10-31 23:00:00,30,182.642516198245,506.127464842715,109.925136375738,36.3312184810434
2015-11-01 00:00:00,30,191.648919468781,478.838740668584,122.408049525068,32.7022242118903
2015-11-01 01:00:00,30,166.078598707533,377.683556065819,121.072542084411,35.8449179740186
2015-11-01 02:00:00,30,183.571103036081,579.234202075577,107.876102848886,36.7863258514898
2015-11-01 03:00:00,30,172.106246807641,544.855732296882,124.876560108041,43.3456620627749
2015-11-01 04:00:00,30,153.152595689943,484.888424037209,101.362251063925,42.0297399358189
2015-11-01 05:00:00,30,175.474363148414,475.574111355899,102.595674850245,38.2653663160519
2015-11-01 06:00:00,30,184.69824766507,497.808413792869,102.309257953982,42.7596094135063
2015-11-01 07:00:00,30,182.561947281297,445.89604271056,89.4244808502656,39.1253634049708
2015-11-01 08:00:00,30,183.375487671803,477.718181346609,89.9547324884314,41.1739347346223
2015-11-01 09:00:00,30,152.425757912376,453.514188703131,106.536949421858,43.5826769722492
2015-11-01 10:00:00,30,162.906612641425,467.497237690312,95.8086818146709,49.7543992056067
2015-11-01 11:00:00,30,183.582729791972,421.899943500671,98.0903130212639,43.5426339315953
2015-11-01 12:00:00,30,153.395435175715,369.412628702339,99.1047712913244,39.0787005679579
2015-11-01 13:00:00,30,173.242641315936,454.264814945457,100.103433779826,41.0781944190157
2015-11-01 14:00:00,30,166.005107498428,408.767187673825,105.063042960262,39.8212607944011
2015-11-01 15:00:00,30,152.474884287149,457.500373036401,100.971795806885,38.6226370814363
2015-11-01 16:00:00,30,171.723147264296,429.695017803248,86.3485860836202,35.3405515823204
2015-11-01 17:00:00,30,171.402960112316,476.224720138223,79.3699537278509,47.6826916209399
2015-11-01 18:00:00,30,161.828335341549,420.681256681526,100.787026040591,33.9474324672604
2015-11-01 19:00:00,30,178.596615683745,463.244748935472,106.046212261421,47.6417257832245
2015-11-01 20:00:00,30,156.961404522267,473.981306991088,94.4540680327349,46.2298468803629
2015-11-01 21:00:00,30,159.791904359229,493.612725639903,90.6973468494976,39.6617338807633
2015-11-01 22:00:00,30,160.173981259708,500.455441007276,95.7985138094782,40.693871735843
2015-11-01 23:00:00,30,139.698927284237,418.464131340921,106.608270262955,39.2489114007487
2015-11-02 00:00:00,30,160.008347478664,466.581876460958,87.5406797603282,30.5270239948927
2015-11-02 01:00:00,30,171.367678288046,422.131655218666,95.0932339771194,36.3089021822271
2015-11-02 02:00:00,30,149.353235693067,357.092087049332,101.378977838803,33.9887512490537
2015-11-02 03:00:00,30,160.47005864798,473.312444208551,101.086085787788,40.0512742128767
2015-11-02 04:00:00,30,160.602865886257,483.098071403096,90.0185141862056,38.5194019025594
2015-11-02 05:00:00,30,177.670737989526,385.675952895828,106.329118082718,38.1262937679972
2015-11-02 06:00:00,30,169.097820660519,509.026868288597,93.7447509915092,23.743513706368
2015-11-02 07:00:00,30,188.621508928286,480.541780199997,93.5621960726096,49.1125157286466
2015-11-02 08:00:00,30,165.254114551631,279.845682993998,120.148854596443,32.3117185885056
2015-11-02 09:00:00,30,190.973353855669,438.659749730611,104.856269593614,48.2050092252645
2015-11-02 10:00:00,30,183.647400315648,417.330388743827,98.7023783165642,45.2390251394231
2015-11-02 11:00:00,30,186.228375624003,440.343618247513,120.60653836553,37.2554087602573
2015-11-02 12:00:00,30,160.602935908748,493.482553325826,93.9317897948721,34.6747811009293
2015-11-02 13:00:00,30,172.68296107268,470.578780732433,96.6368778982464,37.2628330123526
2015-11-02 14:00:00,30,167.147218317161,433.38544714231,94.7925455695333,36.1284151326492
2015-11-02 15:00:00,30,188.791498487555,518.763101133889,91.0455379031196,45.7848418586539
2015-11-02 16:00:00,30,165.003862018713,445.550924410716,117.300895118844,37.8297473633885
2015-11-02 17:00:00,30,181.844237361173,407.705151125243,105.794000323436,43.8081954758698
2015-11-02 18:00:00,30,145.299079730201,415.556496681926,98.6469250915807,36.8413927964939
2015-11-02 19:00:00,30,154.345638454586,453.63986468217,101.965585980998,39.73386976532
2015-11-02 20:00:00,30,175.079211142611,430.735025164325,89.7338398858554,35.5544626964322
2015-11-02 21:00:00,30,183.035731737899,463.623728920185,93.5662414502132,44.5597641299975
2015-11-02 22:00:00,30,203.091968307171,499.598824854106,111.134950518217,24.3737660504369
2015-11-02 23:00:00,30,181.546426598884,451.434907497847,86.8529895805794,39.613360028734
2015-11-03 00:00:00,30,143.408690291967,453.217664811466,103.70405074031,38.4956119033999
2015-11-03 01:00:00,30,160.257892702187,396.188381265997,93.0842937612258,34.8801804096514
2015-11-03 02:00:00,30,167.41926338506,451.363659119282,90.810524591656,36.2531453324481
2015-11-03 03:00:00,30,176.674990741182,373.509186772872,109.394443025664,48.8744558830843
2015-11-03 04:00:00,30,179.902469515243,474.145034299078,92.1513679239897,41.6555360597156
2015-11-03 05:00:00,30,149.693398973624,454.338204466854,119.71874434038,44.2106919592001
2015-11-03 06:00:00,30,189.163369171136,463.898286233617,113.981410580858,39.7736740740746
2015-11-03 07:00:00,30,162.10885073283,406.640731532729,103.731724835766,49.3146646826363
2015-11-03 08:00:00,30,180.444331340233,455.925940787455,105.329857654881,39.813770405379
2015-11-03 09:00:00,30,145.788339643648,475.591872291783,111.557762830503,45.1692895280056
2015-11-03 10:00:00,30,173.833450480184,413.678953902245,114.587905158379,39.8706342471313
2015-11-03 11:00:00,30,169.551003652839,391.181286021479,96.9328918214866,39.2587331927174
2015-11-03 12:00:00,30,181.591692315178,421.901086652551,106.288733047221,35.2073852333226
2015-11-03 13:00:00,30,165.411246466544,438.311107296913,93.032460813188,41.3373701738186
2015-11-03 14:00:00,30,167.432573421455,442.11820224878,88.3170752287894,34.6542748184643
2015-11-03 15:00:00,30,163.95696483031,344.653231870942,92.4830174712445,35.785133947294
2015-11-03 16:00:00,30,177.472914836752,475.168596017774,99.5584388894887,37.2617533901586
2015-11-03 17:00:00,30,166.036427455224,479.526754257227,94.114528230237,34.7493898847273
2015-11-03 18:00:00,30,151.816179549772,373.648410746408,90.0033067800382,46.3554301050621
2015-11-03 19:00:00,30,165.192290344797,447.755996612299,103.992102877088,43.4594283601256
2015-11-03 20:00:00,30,156.050969609818,448.408535176269,103.847946397954,39.0884016366502
2015-11-03 21:00:00,30,174.957559671148,434.044289804009,89.9681879947614,32.1182559617193
2015-11-03 22:00:00,30,187.221472170291,422.720435404513,98.1577431855211,30.306745166988
2015-11-03 23:00:00,30,185.817878826602,448.410836126307,112.515074807406,44.2186590328306
2015-11-04 00:00:00,30,189.176923839512,381.561193966675,88.44540808951,44.8506414438118
2015-11-04 01:00:00,30,229.216613617344,495.398896836873,83.1735426459558,39.9895925789668
2015-11-04 02:00:00,30,159.751539550292,405.350799608449,94.7528276969726,32.3962765546905
2015-11-04 03:00:00,30,207.031547281948,486.313098800542,96.8485306552724,40.4362717140285
2015-11-04 04:00:00,30,169.820869559876,499.913535042174,97.7755977909226,37.3294353233321
2015-11-04 05:00:00,30,176.702585545017,543.436940373728,119.745992428374,38.1118446602916
2015-11-04 06:00:00,30,170.270311552786,422.812936376825,121.770153769339,50.409418794752
2015-11-04 07:00:00,30,165.721658473604,475.048471068161,96.4539324054601,45.4534812369874
2015-11-04 08:00:00,30,156.102684754534,402.298208517767,90.7836639014033,40.7317745162652
2015-11-04 09:00:00,30,165.442870430838,433.778987783275,104.535261898595,46.5644203558956
2015-11-04 10:00:00,30,176.195033761676,469.432361505129,78.4842032241298,31.8555141685915
2015-11-04 11:00:00,30,170.433084203906,407.915184976186,98.2073931933209,41.5078522408434
2015-11-04 12:00:00,30,175.782746678171,481.340248115401,104.846953209372,40.7589658230136
2015-11-04 13:00:00,30,165.403802601832,436.850278753092,102.135321264348,36.1650122694079
2015-11-04 14:00:00,30,160.358036886207,504.394042425361,102.634145674066,44.7429344933774
2015-11-04 15:00:00,30,178.948821410685,416.342448286401,90.7475927994426,44.0205754920379
2015-11-04 16:00:00,30,169.808976051991,411.545969407081,100.926682403198,32.7033020404967
2015-11-04 17:00:00,30,173.992057377729,476.705719043644,93.2193029162117,38.1492686016162
2015-11-04 18:00:00,30,160.890550514242,452.921730595038,100.124241894327,47.2312636987107
2015-11-04 19:00:00,30,139.212280617128,454.189129162392,111.82758140601,39.0103691622189
2015-11-04 20:00:00,30,187.942669862239,456.404872971233,106.922853883313,40.87600615899
2015-11-04 21:00:00,30,163.141343263434,474.835885885051,88.8012262194581,38.8945372755552
2015-11-04 22:00:00,30,154.205593252616,458.94376329125,112.003871550147,43.6836481826455
2015-11-04 23:00:00,30,183.51689864495,409.719022170072,104.995106833766,37.2054366198476
2015-11-05 00:00:00,30,143.921507210846,541.145165967476,99.3027224446896,41.0282725699838
2015-11-05 01:00:00,30,178.793045085497,484.491420081976,89.7911609100053,41.7368003032126
2015-11-05 02:00:00,30,173.718611749117,418.146847772056,101.897223765218,30.2797502211845
2015-11-05 03:00:00,30,175.932854817819,370.278257307844,96.3658811921752,32.4930726257798
2015-11-05 04:00:00,30,172.326138830561,410.158436856808,81.818559744785,41.95836310797
2015-11-05 05:00:00,30,169.780432198975,473.044280072328,105.678748065346,40.4672173670771
2015-11-05 06:00:00,30,181.451629497221,476.274495759409,102.941298904562,48.0111631223433
2015-11-05 07:00:00,30,167.716612584066,407.193721773692,84.6519978173011,38.4563144090033
2015-11-05 08:00:00,30,173.596635278795,374.543899735262,102.889633577909,44.4399056305636
2015-11-05 09:00:00,30,139.649584356138,521.650355631795,96.5694561570365,45.2043346111527
2015-11-05 10:00:00,30,157.244647890189,554.479583224967,100.092599855637,44.2355421534049
2015-11-05 11:00:00,30,167.661821794146,481.799602297786,102.442093287323,34.8452907524621
2015-11-05 12:00:00,30,181.121671895732,488.299686800002,100.873265671366,35.226171062108
2015-11-05 13:00:00,30,180.736644682556,504.701696469103,87.803018044202,39.1128121256608
2015-11-05 14:00:00,30,173.558333706862,324.949139775696,99.9299703971145,48.9504106653042
2015-11-05 15:00:00,30,178.426282432803,549.7717617822,98.8119671043725,32.9521143821098
2015-11-05 16:00:00,30,165.575703483028,426.919850487341,106.842259498394,45.9417116986536
2015-11-05 17:00:00,30,159.15904385841,471.267655748635,103.876991540848,48.2585563902377
2015-11-05 18:00:00,30,169.392995900395,368.643132276128,103.980923625354,46.1039029330102
2015-11-05 19:00:00,30,157.41077598249,407.299315283089,94.5985901530714,42.1388207607281
2015-11-05 20:00:00,30,188.533652211185,419.389568223427,101.117525041379,37.1100431802363
2015-11-05 21:00:00,30,174.644590202337,394.385223229637,90.2653653004659,39.6224202311234
2015-11-05 22:00:00,30,172.195714340427,416.98286722661,101.262172067506,39.8214846727614
2015-11-05 23:00:00,30,164.803456593386,482.789243501423,98.6414113984391,37.5677422874463
2015-11-06 00:00:00,30,179.824677196546,494.028845204801,108.533737729251,43.961615134765
2015-11-06 01:00:00,30,195.681982828837,460.697514495451,118.379254632638,39.9053622578388
2015-11-06 02:00:00,30,171.967901287273,388.176240481707,92.2713693548081,41.2379355399251
2015-11-06 03:00:00,30,181.426281040287,466.947347445942,108.093928824832,33.3417877867274
2015-11-06 04:00:00,30,153.902870363823,509.258876093366,111.291270486295,45.45171125963
2015-11-06 05:00:00,30,152.391666973177,537.058964691977,86.1961630553959,37.146292019901
2015-11-06 06:00:00,30,143.41615658551,510.398774047462,92.6991375852998,52.9406206573378
2015-11-06 07:00:00,30,148.308696889568,406.645917665627,111.078292786111,43.2131666668687
2015-11-06 08:00:00,30,186.869635685473,474.416535921824,89.6773181783745,39.7623519258777
2015-11-06 09:00:00,30,173.826802505037,425.441536521594,98.3545016323587,43.2568653076205
2015-11-06 10:00:00,30,178.321507057615,469.477146877479,98.6390332349871,37.0241202989297
2015-11-06 11:00:00,30,179.471920673307,502.641500642578,99.7049852055117,37.3009360999498
2015-11-06 12:00:00,30,175.40587722578,442.79008602011,96.3414207150213,38.0848310152596
2015-11-06 13:00:00,30,180.494164742299,449.725041728344,104.262654140116,47.0891664652555
2015-11-06 14:00:00,30,194.631815188868,469.442702578821,105.125071972255,40.9091701611791
2015-11-06 15:00:00,30,181.59298563156,481.509062489294,95.7504518798614,41.3129731729734
2015-11-06 16:00:00,30,161.720376438566,394.609607505904,97.3965542001635,39.2292086168053
2015-11-06 17:00:00,30,156.434342705871,467.334278944321,97.2469688808572,42.770931826445
2015-11-06 18:00:00,30,170.65818867973,443.819034645811,85.0411887064189,42.6616733313961
2015-11-06 19:00:00,30,187.138204040388,459.158804711311,102.934136658415,41.3932254083856
2015-11-06 20:00:00,30,160.442835932693,515.128957877826,95.7421628409761,41.782079805458
2015-11-06 21:00:00,30,171.625987884554,415.543028198634,92.4128339810922,40.4210326774761
2015-11-06 22:00:00,30,162.206717407911,426.440049949088,94.5770010057545,53.2672837487832
2015-11-06 23:00:00,30,152.4031434989,470.48367347256,90.540783338467,39.796439767117
2015-11-07 00:00:00,30,212.432780667097,482.659089418375,88.7662401575326,30.088060725417
2015-11-07 01:00:00,30,208.57922545528,544.073331303303,108.592632041758,43.5384896553777
2015-11-07 02:00:00,30,188.76262222403,435.23831445739,109.486084761868,41.3124315253343
2015-11-07 03:00:00,30,194.907467668322,453.643908024703,108.033169240588,36.3796101338839
2015-11-07 04:00:00,30,149.0623500915,445.91699455939,89.8898405163843,37.3997533134386
2015-11-07 05:00:00,30,188.053607208028,438.672231644434,114.166546657299,41.3174164972873
2015-11-07 06:00:00,30,187.77693705458,416.342888689726,112.865323618149,45.5600810885865
2015-11-07 07:00:00,30,181.38386292368,446.480325598366,100.661440466785,35.5508120944834
2015-11-07 08:00:00,30,195.952267718669,403.488486129277,95.210334250327,40.8571720211309
2015-11-07 09:00:00,30,187.409703858705,430.100725017106,90.4163376010917,33.8511314132482
2015-11-07 10:00:00,30,196.313165580297,464.810751773095,101.261321664968,38.3243728260113
2015-11-07 11:00:00,30,192.797207284869,483.23301036853,94.2829964293229,27.3666216533553
2015-11-07 12:00:00,30,208.643044135699,367.457154571981,98.7225535284214,43.9185254492823
2015-11-07 13:00:00,30,164.505508701194,513.222812479949,99.3833282356691,39.2032299059998
2015-11-07 14:00:00,30,160.554310846247,506.234157494934,104.568620660592,33.9430056090779
2015-11-07 15:00:00,30,183.457346180788,481.262890052056,106.036722188022,33.1694720081952
2015-11-07 16:00:00,30,198.291334811734,399.336734565776,105.067828642471,37.3565553975321
2015-11-07 17:00:00,30,188.501657625209,349.319374827348,108.688639779852,44.7030683228429
2015-11-07 18:00:00,30,211.965746493656,460.719929643025,92.7743161975964,45.072908519758
2015-11-07 19:00:00,30,185.503329145883,463.279224648063,97.9152306595578,40.9899936143339
2015-11-07 20:00:00,30,184.381384213659,468.522399582183,99.3134883277348,42.1837463799454
2015-11-07 21:00:00,30,204.068357921612,367.978452161999,110.978530421128,41.3721565139998
2015-11-07 22:00:00,30,175.324642055586,422.468225508484,103.038282946401,40.912560124985
2015-11-07 23:00:00,30,200.962649268116,420.603141648698,84.7365776562279,45.2821104255901
2015-11-08 00:00:00,30,193.20567339891,433.084493168555,103.651753286464,44.5600806922107
2015-11-08 01:00:00,30,187.982606935006,469.000040753993,95.934970377402,38.0131359074533
2015-11-08 02:00:00,30,166.163252547888,452.28021516831,90.7658147403797,36.2844740397828
2015-11-08 03:00:00,30,174.225161948808,503.548292001093,89.1238831689205,40.9728990513284
2015-11-08 04:00:00,30,213.76237790737,478.912127504623,96.4242063839295,42.831278138325
2015-11-08 05:00:00,30,198.63130220512,474.292935135274,106.727845440511,42.6934405178885
2015-11-08 06:00:00,30,175.745062186237,421.252439527088,95.5253268488209,33.4532883883698
2015-11-08 07:00:00,30,196.732671617786,477.553900139247,97.8383737677448,39.5624677920561
2015-11-08 08:00:00,30,183.425575747722,432.178906872306,117.017209733799,31.6928722824727
2015-11-08 09:00:00,30,177.735244830184,407.700081350697,106.197113079961,38.8829475620587
2015-11-08 10:00:00,30,186.720198990935,499.751426820893,93.7778177995355,50.4186207411815
2015-11-08 11:00:00,30,175.780701236397,439.324758044698,101.885977990805,41.6217398900225
2015-11-08 12:00:00,30,179.524594064622,422.028051633888,96.3775757579656,36.3673416544006
2015-11-08 13:00:00,30,204.157010128151,430.255106667208,90.0037224274204,38.8896620243152
2015-11-08 14:00:00,30,177.583973462959,469.610423610821,106.202495139815,39.7643709220766
2015-11-08 15:00:00,30,223.672013514026,438.646011247616,109.096688763274,47.5263648027421
2015-11-08 16:00:00,30,203.526661745516,442.801886147242,105.61871749383,36.7467532082711
2015-11-08 17:00:00,30,210.493874055459,447.538571827777,101.866595503704,33.8112608345275
2015-11-08 18:00:00,30,175.693882665591,443.309430660317,78.0875946786706,44.2073554284421
2015-11-08 19:00:00,30,199.815141659377,368.844049568825,103.426495909171,37.4780712772381
2015-11-08 20:00:00,30,193.096832364144,374.29197068127,111.712081691592,37.2484231795285
2015-11-08 21:00:00,30,190.378893858213,460.726596597407,102.082853736949,40.0872989835542
2015-11-08 22:00:00,30,210.217677758878,387.512707467211,107.205724556221,40.8520247807758
2015-11-08 23:00:00,30,184.138432333457,423.874464312234,89.3958960755328,31.8334689455864
2015-11-09 00:00:00,30,207.642524164755,442.240217418205,100.67948183396,44.8902964720684
2015-11-09 01:00:00,30,178.027485928846,445.030038754075,105.545133274953,37.7643515012791
2015-11-09 02:00:00,30,191.595971450127,490.762446669716,104.04180123118,48.3386414295031
2015-11-09 03:00:00,30,180.831432081279,428.175443702739,90.6181801221215,34.3843831760427
2015-11-09 04:00:00,30,171.103187945612,473.8743210776,86.1767260162279,42.9215157590075
2015-11-09 05:00:00,30,181.50165690094,392.814685968011,113.965447544061,53.4166994940878
2015-11-09 06:00:00,30,194.498294921328,385.897008319371,104.528176707222,31.0770488874779
2015-11-09 07:00:00,30,162.746792423394,422.485866785149,87.2281384205807,43.8413842906765
2015-11-09 08:00:00,30,148.195943756183,434.382270713367,106.031315283287,35.1597384296576
2015-11-09 09:00:00,30,163.514396584771,419.763592275655,99.058971064016,38.6903505317777
2015-11-09 10:00:00,30,179.358890345885,500.809744126415,117.325427157154,38.5633332704105
2015-11-09 11:00:00,30,156.901042389128,475.91441496066,105.379905987441,37.921464228419
2015-11-09 12:00:00,30,159.990220970783,452.614030884041,91.9978980404215,37.2266292731933
2015-11-09 13:00:00,30,188.523689227703,499.956562224268,97.7044644081789,32.3643504458837
2015-11-09 14:00:00,30,178.054399172193,487.546532896375,98.0296603366594,49.4078836924057
2015-11-09 15:00:00,30,163.646064258406,438.29767418208,105.853272727879,39.5728539802006
2015-11-09 16:00:00,30,160.901182374848,430.766641235613,113.450353250848,38.0852650003482
2015-11-09 17:00:00,30,162.262412830891,531.265617072413,121.093053805367,35.4875606175139
2015-11-09 18:00:00,30,166.438606686642,474.735543440632,101.114331791516,35.901202691697
2015-11-09 19:00:00,30,165.766339914316,500.164196313231,102.120824027089,39.3399626761273
2015-11-09 20:00:00,30,165.377323770689,392.469409514233,97.6105126082504,48.1084350513258
2015-11-09 21:00:00,30,179.437638239331,427.786510332318,117.65961666406,37.428934098477
2015-11-09 22:00:00,30,156.191123974067,491.359624290386,98.097385236777,32.4786421903908
2015-11-09 23:00:00,30,142.17881591605,427.494153898636,82.8051729259277,37.321653885801
2015-11-10 00:00:00,30,153.011131850662,464.447797777607,116.382855812727,44.5352874457166
2015-11-10 01:00:00,30,173.785381846084,497.380555638449,109.409114565351,36.5295812606368
2015-11-10 02:00:00,30,165.963920182735,407.855957856194,100.390349570221,41.2803388182387
2015-11-10 03:00:00,30,188.412329783404,371.705831535795,107.694853369156,39.7638744391118
2015-11-10 04:00:00,30,172.240827636718,495.727675540297,94.3356574783501,43.9495534770852
2015-11-10 05:00:00,30,179.332033323016,468.867115813029,116.198544822312,36.300812418347
2015-11-10 06:00:00,30,173.377099732395,485.16023817286,88.6404769677763,35.4903232466949
2015-11-10 07:00:00,30,164.418646430629,508.62747704825,93.3895860620305,40.0921266470836
2015-11-10 08:00:00,30,193.441218040301,491.345117169611,106.268575163117,39.5400068566864
2015-11-10 09:00:00,30,170.124361176813,433.635697931073,85.729184536578,41.6567294235799
2015-11-10 10:00:00,30,190.07311006968,386.971085324466,111.590817387789,40.2111976187969
2015-11-10 11:00:00,30,197.084222253557,405.124063969823,89.4308874738441,29.4621052414246
2015-11-10 12:00:00,30,155.559312558827,428.441466475613,106.556409161446,42.1504709080313
2015-11-10 13:00:00,30,176.142503538201,314.373873939628,97.2793551395026,36.8757121557883
2015-11-10 14:00:00,30,152.278975993845,417.951366734541,105.144764174272,49.5131851093518
2015-11-10 15:00:00,30,197.613943485409,333.422937491883,102.377934455136,35.395537160412
2015-11-10 16:00:00,30,190.425497484656,341.184814386958,116.026876905667,44.561800625245
2015-11-10 17:00:00,30,177.03088577194,261.273232751533,116.360145092933,45.6023431294104
2015-11-10 18:00:00,30,162.704033154925,395.524191507988,108.3078766308,37.1058497747002
2015-11-10 19:00:00,30,151.655923398086,450.404416959817,92.8723791726924,37.2611120067348
2015-11-10 20:00:00,30,141.516492390081,443.654433529772,107.41409110704,42.9295999167093
2015-11-10 21:00:00,30,163.019538905567,389.652334574741,98.9203332382029,45.2563644578265
2015-11-10 22:00:00,30,175.615141572408,384.694687612513,99.2845741475085,37.0761102221955
2015-11-10 23:00:00,30,160.434677025755,369.096770270697,113.935669257982,44.5156024468479
2015-11-11 00:00:00,30,175.45515804388,304.755604519911,81.6661780911706,47.3231169804029
2015-11-11 01:00:00,30,186.551797112499,347.972954681142,94.8508291525109,38.4453805615141
2015-11-11 02:00:00,30,158.771780730139,421.110805340819,105.696978660935,36.9414438201312
2015-11-11 03:00:00,30,183.538887379376,372.92382471016,109.164685581281,45.7183827122183
2015-11-11 04:00:00,30,164.496147373466,387.554175575355,101.531227342476,38.1466913124776
2015-11-11 05:00:00,30,146.143065080236,334.955225481179,107.148573443474,36.7475638066596
2015-11-11 06:00:00,30,155.144362672938,331.560432857121,112.662022423595,35.8153538134731
2015-11-11 07:00:00,30,188.066300684165,339.193433094509,99.426958599893,38.7235397906291
2015-11-11 08:00:00,30,153.442255872322,362.270643903991,98.8799979793666,48.6497313054669
2015-11-11 09:00:00,30,164.16489229478,379.777876697489,113.165027526602,31.9140763306389
2015-11-11 10:00:00,30,160.24919723626,264.281422700598,91.8799544883998,42.8055289338949
2015-11-11 11:00:00,30,171.072945411487,284.441881326356,98.5615007556887,43.2811089623744
2015-11-11 12:00:00,30,182.250496477608,331.379711375245,102.653799130203,41.7895999155943
2015-11-11 13:00:00,30,160.435879916349,352.927373509163,80.3943717020837,47.0244972474653
2015-11-11 14:00:00,30,170.862767046098,285.31262740437,111.488147280625,31.6556897618157
2015-11-11 15:00:00,30,201.298998218448,380.759485267345,106.511795957992,38.9636472940028
2015-11-11 16:00:00,30,178.507759053018,362.053819419687,92.5173532635429,35.197412414497
2015-11-11 17:00:00,30,180.436993597089,379.334476387618,103.035491762183,34.7662512355697
2015-11-11 18:00:00,30,167.564111853355,308.60498725171,85.8278843404969,40.6444039048617
2015-11-11 19:00:00,30,158.843927611187,394.948033842571,84.9897584005714,35.9531608200826
2015-11-11 20:00:00,30,143.98034940862,363.784100889107,99.3027721037555,41.1860501315522
2015-11-11 21:00:00,30,178.741435107052,367.859013148356,87.4076628489047,37.2621376126357
2015-11-11 22:00:00,30,165.277558227588,349.366523287873,100.112198502059,45.6572005554381
2015-11-11 23:00:00,30,169.133287443594,348.091524626719,104.008799494892,40.1693985931664
2015-11-12 00:00:00,30,177.475756900368,256.839238934521,106.618803919944,40.0431155611556
2015-11-12 01:00:00,30,157.511359963084,417.205355774187,111.366798779787,37.8000861325131
2015-11-12 02:00:00,30,162.542743664761,387.031450417303,101.241134734027,45.9540210549488
2015-11-12 03:00:00,30,176.71142138401,352.886407999427,94.6008016789359,36.2989556719066
2015-11-12 04:00:00,30,168.650744142171,361.892364290561,96.8008122463108,31.9022593965979
2015-11-12 05:00:00,30,165.288744136374,392.80834357844,87.3282080607522,32.1371099656144
2015-11-12 06:00:00,30,165.136707280138,356.62061610598,123.029886977087,38.1741534004356
2015-11-12 07:00:00,30,160.225065656036,381.478780361735,97.5420706855416,30.8324863260088
2015-11-12 08:00:00,30,156.092214510904,351.276581803332,96.864278854547,45.9077321158601
2015-11-12 09:00:00,30,150.709381377823,387.080052535738,104.504798141203,39.8548050059865
2015-11-12 10:00:00,30,152.652855901369,394.439141300033,91.6166250100219,36.877511135793
2015-11-12 11:00:00,30,191.899462312481,484.760824113645,88.6785364298221,34.4274900467899
2015-11-12 12:00:00,30,154.662929359084,374.48617156738,104.691883549083,37.0311999937739
2015-11-12 13:00:00,30,159.730132692343,470.496297528426,112.100479188504,36.8503359739752
2015-11-12 14:00:00,30,182.56113529967,467.340758106749,86.5843385852065,44.6455778665377
2015-11-12 15:00:00,30,176.454464898914,394.317490247784,95.7687255001988,38.4461228221807
2015-11-12 16:00:00,30,189.606134496967,415.293542057455,82.7056682701773,30.3808651730938
2015-11-12 17:00:00,30,191.773855001661,466.971160190819,104.768023157756,36.188643589318
2015-11-12 18:00:00,30,173.155682706963,458.936822857256,107.423130585306,45.4055177481225
2015-11-12 19:00:00,30,165.115703336525,440.851827613874,101.475468687614,37.8909612205184
2015-11-12 20:00:00,30,175.313702086884,557.315100669367,103.796916107277,44.3224484464286
2015-11-12 21:00:00,30,167.082239851459,383.880927894086,108.157801731875,47.8870966814628
2015-11-12 22:00:00,30,136.655693764479,582.24266137525,80.2679527288732,41.6742147376641
2015-11-12 23:00:00,30,168.942578290051,504.497647501395,99.651562281343,43.037765082906
2015-11-13 00:00:00,30,159.089835202222,531.596053283501,117.271735593009,36.7237303310404
2015-11-13 01:00:00,30,160.703056985518,508.097624070575,96.6599307978938,38.7974483224779
2015-11-13 02:00:00,30,192.273447200748,486.174062702038,108.667033439562,34.9962962935101
2015-11-13 03:00:00,30,150.122530739058,542.853256431064,87.0514306318507,43.5700632418216
2015-11-13 04:00:00,30,158.069823789746,386.086980041008,101.076475827993,32.2764223261267
2015-11-13 05:00:00,30,167.143474372531,420.571763688463,87.8323622123293,48.6398859364373
2015-11-13 06:00:00,30,156.534463848026,383.30097747973,114.381361333163,42.1146030355299
2015-11-13 07:00:00,30,137.267193420847,433.76888093041,99.5756384083137,45.575911313778
2015-11-13 08:00:00,30,190.906453336636,460.060153083964,99.8220011407636,43.2423602133109
2015-11-13 09:00:00,30,168.66598255508,452.374123423115,103.340992869269,42.2302503653034
2015-11-13 10:00:00,30,177.805630828157,450.208803774547,109.515980680313,36.113836185215
2015-11-13 11:00:00,30,173.03237439959,435.688219910584,92.0867211395183,33.1856851545199
2015-11-13 12:00:00,30,162.70651196651,502.704684618803,93.3408448542843,37.7975337221798
2015-11-13 13:00:00,30,184.264666054853,499.103165401192,97.333855131138,36.262866428246
2015-11-13 14:00:00,30,156.746269527338,422.974946235869,96.3690402994824,42.0247814843678
2015-11-13 15:00:00,30,171.683720945864,482.485991483974,112.566816830804,41.7164332952144
2015-11-13 16:00:00,30,187.333536045139,412.887882535684,100.943708907626,49.9678721036015
2015-11-13 17:00:00,30,195.172336150583,546.090488202948,97.5142514547031,39.0386212677675
2015-11-13 18:00:00,30,173.422782720547,511.447020834111,101.359135607085,34.5257292085851
2015-11-13 19:00:00,30,172.326966370827,470.146482900261,111.691799854723,42.0976140285474
2015-11-13 20:00:00,30,188.629099845049,472.898695883025,90.6548148674745,36.2133072016787
2015-11-13 21:00:00,30,180.028812888279,487.709369753641,104.357639169368,31.6444032319272
2015-11-13 22:00:00,30,157.507889745401,467.619701994123,103.86081746503,45.8832932914359
2015-11-13 23:00:00,30,137.967925740899,507.648874725423,103.607999031134,37.8784612239414
2015-11-14 00:00:00,30,171.956061545256,507.622109440721,111.518050366936,44.8760601631642
2015-11-14 01:00:00,30,157.47707917724,512.218310487139,109.859850311836,41.1646016504527
2015-11-14 02:00:00,30,177.623384139144,370.980676737302,92.397391021046,37.4365548675357
2015-11-14 03:00:00,30,160.411714213862,375.852172391692,106.608600601526,39.2411737137401
2015-11-14 04:00:00,30,179.81836871577,484.951669784247,96.0779720549598,29.2393119105606
2015-11-14 05:00:00,30,132.821804993338,444.52514244573,114.406516388107,53.844672464225
2015-11-14 06:00:00,30,152.044875516234,466.898042160569,98.9241242358041,45.6310865193374
2015-11-14 07:00:00,30,165.137123732357,340.983297686221,100.532120920956,44.2066367750743
2015-11-14 08:00:00,30,161.020964318179,468.930897463128,112.684482242446,35.0016901254889
2015-11-14 09:00:00,30,173.917938994081,422.71246095418,89.6354612503672,37.9698805950644
2015-11-14 10:00:00,30,172.264077129898,483.02417910214,107.84288911,39.563214798635
2015-11-14 11:00:00,30,178.756353442056,445.628202976661,93.6239491903557,51.5908604345704
2015-11-14 12:00:00,30,156.852880695258,435.904016039873,99.4390662100844,43.9310619173724
2015-11-14 13:00:00,30,182.557341683837,512.06436944056,102.964762186517,44.3189406723906
2015-11-14 14:00:00,30,148.529413223959,405.29512738469,133.716392128792,32.9855711887992
2015-11-14 15:00:00,30,173.685634969132,513.614935443341,91.6439135842536,39.7016370394429
2015-11-14 16:00:00,30,177.468260922925,483.463396070525,95.2475169449716,41.0920312190558
2015-11-14 17:00:00,30,182.908157265684,387.188131582953,96.5349064452571,41.6295600818556
2015-11-14 18:00:00,30,171.973276713409,443.428397936538,101.357440650357,38.8552707300946
2015-11-14 19:00:00,30,203.887146082016,462.850106464481,109.355705597913,44.3661152475406
2015-11-14 20:00:00,30,161.534065032532,563.930600664057,98.2676085575471,45.5795730864243
2015-11-14 21:00:00,30,186.788450527885,523.504133369578,102.906497878249,43.2256018253797
2015-11-14 22:00:00,30,166.041993657566,462.695489529883,94.0256641556211,34.9376884529352
2015-11-14 23:00:00,30,160.51838283388,473.124251562512,80.7106638188462,41.391147046764
2015-11-15 00:00:00,30,182.608632091003,463.189309855282,95.2600376353933,43.7434596513749
2015-11-15 01:00:00,30,136.622829712471,485.25036310144,120.856869232338,45.209746951221
2015-11-15 02:00:00,30,167.831109498858,428.47689904551,114.133504207288,41.20363939668
2015-11-15 03:00:00,30,133.147930643876,460.31014792206,99.7103069802519,39.2376710124119
2015-11-15 04:00:00,30,214.70754723889,466.240838846486,102.310802073139,41.3447909638958
2015-11-15 05:00:00,30,169.3914135174,503.731224526258,90.313970131874,35.2454284966422
2015-11-15 06:00:00,30,166.153903640944,463.432561132509,99.157207299979,42.784697897078
2015-11-15 07:00:00,30,152.837985039143,488.605484410019,110.538598727855,42.8219327329645
2015-11-15 08:00:00,30,136.631933521553,457.083059424335,111.096985148585,39.4691250833582
2015-11-15 09:00:00,30,188.073960332337,457.21788584088,119.796557360277,35.4671559635302
2015-11-15 10:00:00,30,183.30930437814,341.290084047217,87.3312850809731,41.9547548107757
2015-11-15 11:00:00,30,163.351645729042,441.110550701578,107.038185745667,28.6944383708257
2015-11-15 12:00:00,30,138.41385526915,442.173224053447,101.541243464411,43.0737398609173
2015-11-15 13:00:00,30,178.416487707051,437.817184272118,103.057603212817,33.4813465186906
2015-11-15 14:00:00,30,168.05107514977,435.289715300265,99.6884754943322,29.6318233769319
2015-11-15 15:00:00,30,172.951758148398,530.022350884061,97.9992038490588,38.2864371716103
2015-11-15 16:00:00,30,178.734816004929,434.231992592062,100.125248404276,35.4803413108134
2015-11-15 17:00:00,30,161.756387950245,437.0901217826,97.2910694533212,37.5160659145995
2015-11-15 18:00:00,30,189.653992061907,448.257544248182,116.291613220751,44.0961166165353
2015-11-15 19:00:00,30,176.526688849646,330.902749603993,100.492937221849,40.4047673819346
2015-11-15 20:00:00,30,169.673374931163,363.68724373428,100.402333988363,42.8430635925775
2015-11-15 21:00:00,30,178.568678732478,497.581058827992,97.1157537122896,40.0925576365759
2015-11-15 22:00:00,30,185.26672963019,473.155021149231,88.855694121753,37.7235740802663
2015-11-15 23:00:00,30,183.867946958849,527.209103964444,107.125227327667,35.0930422023492
2015-11-16 00:00:00,30,149.423259315123,457.460745277399,91.2838254120965,30.3090975098213
2015-11-16 01:00:00,30,191.163768787578,424.313152620747,94.0305742810101,45.7054272945496
2015-11-16 02:00:00,30,168.104238745689,391.214635948834,116.403167321331,42.1637574736533
2015-11-16 03:00:00,30,155.433859336019,398.731290128907,85.1169361095092,42.7055917994779
2015-11-16 04:00:00,30,187.562078347511,452.671819958778,117.865286917505,44.473600610017
2015-11-16 05:00:00,30,164.888976847564,503.729999021402,82.6825800808459,40.4158551391519
2015-11-16 06:00:00,30,163.019740758345,354.812726127189,109.925374050677,34.3879062854304
2015-11-16 07:00:00,30,185.472707980397,458.660671417467,109.761073259276,44.5836904351777
2015-11-16 08:00:00,30,154.392011643589,371.348320828498,108.098537865291,37.3147806211878
2015-11-16 09:00:00,30,153.72493158557,418.405440007476,87.0936283810398,46.6773503640973
2015-11-16 10:00:00,30,176.297021480986,477.999659287271,103.185348503604,42.1191135820789
2015-11-16 11:00:00,30,172.520352179877,361.745823057898,111.399803145497,46.7605461404306
2015-11-16 12:00:00,30,203.032231317789,437.335834042518,97.4545167586335,44.5695653513587
2015-11-16 13:00:00,30,158.783389069831,388.760733480643,119.018327023118,23.9160792565513
2015-11-16 14:00:00,30,173.358106016779,389.124562662779,115.882532078435,44.5013447734255
2015-11-16 15:00:00,30,143.830143732926,374.102197820696,99.69605869153,40.2287725355264
2015-11-16 16:00:00,30,178.036622502134,432.639245241612,93.5197081026084,49.8785955293997
2015-11-16 17:00:00,30,179.545333632737,484.483540945403,97.1937476894101,45.4535193848663
2015-11-16 18:00:00,30,214.001794418871,513.59537145251,88.3606228339935,39.7746629364081
2015-11-16 19:00:00,30,180.455388814237,439.73436278333,107.612433874365,27.0235251985943
2015-11-16 20:00:00,30,158.335257183101,431.110653785667,115.794477902129,40.0168241149243
2015-11-16 21:00:00,30,183.506747044555,474.752719339273,100.03704369225,30.2356208617755
2015-11-16 22:00:00,30,185.864995482959,419.362736448295,95.7374456271823,38.6363471722797
2015-11-16 23:00:00,30,158.819251635948,441.180638546774,78.6522692708873,37.9345241667866
2015-11-17 00:00:00,30,167.562853112935,426.933581408861,102.978468077602,40.4079457781853
2015-11-17 01:00:00,30,170.335593660667,455.901547125753,95.4106204041361,32.8275059069145
2015-11-17 02:00:00,30,174.850832680194,483.949241702879,115.754691363893,39.5128415864369
2015-11-17 03:00:00,30,131.311823876471,520.711094143552,106.724213913241,28.297037612284
2015-11-17 04:00:00,30,157.723488735871,447.669332300023,84.8945460571916,38.6415510350334
2015-11-17 05:00:00,30,150.084106076071,487.504737435331,97.7689412832975,35.750541301671
2015-11-17 06:00:00,30,148.25414726235,502.584437851061,104.558172782796,42.4801728517602
2015-11-17 07:00:00,30,174.752657483842,475.742144589224,85.4785809773769,36.1896400611154
2015-11-17 08:00:00,30,170.993333661983,423.327609056723,91.9182873598609,41.7668212541138
2015-11-17 09:00:00,30,162.473046250649,428.584151586979,112.656081319193,43.269393400282
2015-11-17 10:00:00,30,171.048336265641,462.637364913864,126.455108258233,42.1268569643638
2015-11-17 11:00:00,30,161.665233768313,521.415118194879,97.5589685277643,33.8050128820639
2015-11-17 12:00:00,30,164.956887293632,435.397601776338,94.3145834530577,38.7848627683772
2015-11-17 13:00:00,30,166.684996853551,493.064608918721,95.4943581461545,45.4657857514787
2015-11-17 14:00:00,30,172.031217824826,472.88978189782,108.259135796734,41.51171387958
2015-11-17 15:00:00,30,202.038856831998,461.595064366586,99.7940436588287,29.8110933290117
2015-11-17 16:00:00,30,170.529537492544,425.842944728798,100.180161669979,38.6691301736451
2015-11-17 17:00:00,30,179.378621518388,398.529999136376,114.943487640736,44.5006940528877
2015-11-17 18:00:00,30,136.984732599088,498.262291216661,87.7348599276404,37.5261000385377
2015-11-17 19:00:00,30,205.933480338516,464.709147443254,103.636468278071,45.3170629595146
2015-11-17 20:00:00,30,147.545486197604,407.198699919133,98.2116202730394,39.5743638117184
2015-11-17 21:00:00,30,154.08545755147,409.980988810719,117.301105538971,42.1129303355483
2015-11-17 22:00:00,30,167.617769307047,518.190140953197,102.008322555244,38.1105697385647
2015-11-17 23:00:00,30,185.095635014747,451.058561704402,109.501658389309,34.8494385414502
2015-11-18 00:00:00,30,162.182290777568,473.053941351514,79.5763511208197,38.6615148817383
2015-11-18 01:00:00,30,167.785988087961,425.75311870612,94.2480679144624,37.2497509943508
2015-11-18 02:00:00,30,167.402462647564,374.376638291314,107.319168980202,30.9142075564994
2015-11-18 03:00:00,30,191.264037197485,323.734764617292,100.05872631388,36.9491033048905
2015-11-18 04:00:00,30,190.186385891005,484.55602390991,106.087433704747,32.3486531719741
2015-11-18 05:00:00,30,185.221972835635,532.916159803469,79.4600837723643,37.4477942272433
2015-11-18 06:00:00,30,164.210216239374,439.585856992812,105.328551234065,46.2009062265875
2015-11-18 07:00:00,30,167.069527948068,491.656104457144,131.011859454469,36.3968314954909
2015-11-18 08:00:00,30,165.50941710087,481.176748885982,112.01689164193,41.1856458028901
2015-11-18 09:00:00,30,166.455791921172,528.795002628198,114.63799622939,36.2597624907085
2015-11-18 10:00:00,30,172.37542993268,474.697932827037,100.783007461602,31.6774134982853
2015-11-18 11:00:00,30,169.388907304054,445.045973903413,105.388294142072,39.2476562872008
2015-11-18 12:00:00,30,161.73033336137,401.927891034377,99.7851763621794,47.9855102673908
2015-11-18 13:00:00,30,174.679301797887,494.262857991928,82.7583650766852,41.7760419601557
2015-11-18 14:00:00,30,211.797108279853,452.631571724129,102.085779140807,40.4574830428525
2015-11-18 15:00:00,30,167.675983693965,441.622836853651,85.9279964466221,31.1002311192969
2015-11-18 16:00:00,30,145.810131051493,473.832471841325,86.7694161480403,44.6435192326352
2015-11-18 17:00:00,30,184.750301913172,441.39947564136,120.874855092403,36.4771093136401
2015-11-18 18:00:00,30,169.296057566656,518.803636585615,110.388737008669,34.8726791395452
2015-11-18 19:00:00,30,148.540379962459,513.575646552081,98.226123488499,35.1596027744587
2015-11-18 20:00:00,30,196.631885984459,434.962398510041,99.1717961891887,40.9664478894891
2015-11-18 21:00:00,30,169.410563689298,480.445346432125,98.8170937518566,35.6832119828959
2015-11-18 22:00:00,30,176.278697319492,430.917156675171,105.880445432337,41.8926610617903
2015-11-18 23:00:00,30,175.175664298702,381.68595892908,110.885653343376,42.4990627453048
2015-11-19 00:00:00,30,145.596062275898,387.159126920804,96.8993139157737,45.2699185642446
2015-11-19 01:00:00,30,187.566661756073,485.209142668308,99.3001219319571,40.6744962768521
2015-11-19 02:00:00,30,165.21950917222,438.740132569386,89.0158126647589,38.0378361193146
2015-11-19 03:00:00,30,201.81657525733,471.291715520347,98.7366645814297,36.8127113387813
2015-11-19 04:00:00,30,167.314292319207,397.647830586919,109.797296396893,40.2246806496228
2015-11-19 05:00:00,30,163.57650110209,528.216284065952,87.8770516020975,41.5931684464009
2015-11-19 06:00:00,30,167.193654666667,510.92065188958,101.766191128702,40.5426482852843
2015-11-19 07:00:00,30,168.997553391586,431.358453451974,79.098148412714,33.2445876979148
2015-11-19 08:00:00,30,154.184655736604,563.355166561615,103.630261309967,36.8073376823125
2015-11-19 09:00:00,30,181.979350471068,372.55774032004,91.3713420396628,49.915152920649
2015-11-19 10:00:00,30,190.474608888482,404.793668318354,107.244217217137,40.5217541936282
2015-11-19 11:00:00,30,197.560841377782,477.447004252084,104.310287068472,39.8262855197275
2015-11-19 12:00:00,30,178.290406637894,480.772767521425,78.8698042129467,30.4540944375335
2015-11-19 13:00:00,30,155.702836428301,367.180603789204,119.673778930525,46.0444308441859
2015-11-19 14:00:00,30,151.474604355313,487.585101287601,87.9700757800258,43.4121793637095
2015-11-19 15:00:00,30,160.698044545902,429.43007590886,86.9218783171064,45.6672575469217
2015-11-19 16:00:00,30,156.494108485063,358.619985160535,94.7319206256719,39.2976758470446
2015-11-19 17:00:00,30,181.678811731668,417.250714188253,104.87871136646,44.3321265681904
2015-11-19 18:00:00,30,170.193764749997,434.076762210775,92.1749339785595,40.3761490102866
2015-11-19 19:00:00,30,180.138408757219,437.15685447696,88.1745318831236,39.8013876638855
2015-11-19 20:00:00,30,175.298702819894,435.251846493461,104.533692988024,50.7490527290483
2015-11-19 21:00:00,30,192.840027280049,410.482922737766,108.632637683886,37.7573554140343
2015-11-19 22:00:00,30,177.171971266436,569.548066972534,94.6012936725349,34.606071206142
2015-11-19 23:00:00,30,152.865850570224,468.089408409342,92.8370890477415,37.0743815087377
2015-11-20 00:00:00,30,189.93837906477,374.969462597509,85.0658096526556,36.0332262030967
2015-11-20 01:00:00,30,147.88566297156,479.242344861742,98.7571053651917,46.7208827500495
2015-11-20 02:00:00,30,172.841760118197,464.700678402006,98.8481344455099,42.7115466764423
2015-11-20 03:00:00,30,172.841126720116,438.309225479632,80.0906702440365,41.7748550856158
2015-11-20 04:00:00,30,144.32016534373,358.095061099983,121.752321365793,41.9125274482921
2015-11-20 05:00:00,30,163.613756496253,420.043816523413,96.9853046470449,47.2090525606225
2015-11-20 06:00:00,30,173.053480415458,491.467182785645,94.9434793729904,43.5258996781336
2015-11-20 07:00:00,30,181.669591381265,458.837206105244,83.6006277153443,31.614789189277
2015-11-20 08:00:00,30,163.349611221742,465.150816326691,100.91331806287,45.5919062464351
2015-11-20 09:00:00,30,185.400655781803,317.834401727639,117.552591174783,50.9624821033008
2015-11-20 10:00:00,30,185.732244453262,452.072935738228,101.135064793653,39.8301838538038
2015-11-20 11:00:00,30,175.18134706916,406.72320885472,92.0046351450959,39.1307763235334
2015-11-20 12:00:00,30,168.82379260222,404.898863467371,97.1573713879883,55.0020976546685
2015-11-20 13:00:00,30,173.105771472183,461.796768654034,94.212041663695,48.1820531946238
2015-11-20 14:00:00,30,185.306845178723,429.312419778909,114.769256320169,40.8235112480515
2015-11-20 15:00:00,30,151.821390096603,494.985009145481,99.9352539293201,46.6235956690453
2015-11-20 16:00:00,30,168.772293745527,440.607526697291,103.798184994095,40.5941949430842
2015-11-20 17:00:00,30,201.367705687461,421.915793877889,106.001307151515,46.0931653690335
2015-11-20 18:00:00,30,145.533679654046,372.961383174798,117.125315085414,35.9320515361468
2015-11-20 19:00:00,30,162.861657592791,361.73864913915,94.9070126650367,35.9788916108942
2015-11-20 20:00:00,30,164.711007210277,449.110872056975,84.3641415128026,32.477556127915
2015-11-20 21:00:00,30,200.825159482838,409.056243441061,93.7328158869799,43.3163879412535
2015-11-20 22:00:00,30,168.220624176047,431.29253886516,93.7801910704994,33.4664302947899
2015-11-20 23:00:00,30,175.850078026973,388.261350329139,92.1520879848244,40.6873367369449
2015-11-21 00:00:00,30,183.968634495415,378.049090406963,109.24609170336,42.8314102339114
2015-11-21 01:00:00,30,194.723335161957,490.982363563522,103.139659908648,41.6902207678715
2015-11-21 02:00:00,30,161.387264748959,323.644318304584,97.2450480601137,37.5165141003234
2015-11-21 03:00:00,30,186.422348495558,452.855058186335,101.378184213418,39.2750225876564
2015-11-21 04:00:00,30,158.953083305879,465.060169124796,120.727569287186,42.5546676980119
2015-11-21 05:00:00,30,157.312125360242,461.699526795551,109.124944635682,45.2061434767032
2015-11-21 06:00:00,30,122.715985959124,441.11851629201,87.3996332299803,42.4425400565207
2015-11-21 07:00:00,30,177.917672751363,346.642484100671,106.794859320838,36.3524381591826
2015-11-21 08:00:00,30,161.525091766716,347.850106089428,99.8866823991112,41.4629468309536
2015-11-21 09:00:00,30,189.471039293906,413.486692453575,106.108187217548,36.8155104667917
2015-11-21 10:00:00,30,173.842193411707,338.230633534576,88.0660275795408,35.4618004871805
2015-11-21 11:00:00,30,163.5964403424,328.499544628815,97.6515080562213,45.5462340384255
2015-11-21 12:00:00,30,163.657454417233,385.341957852772,101.450112224155,45.1781379489023
2015-11-21 13:00:00,30,186.335318979169,390.502073594216,97.5671817957318,40.5246194983969
2015-11-21 14:00:00,30,201.2793025996,414.692849311059,113.417114032268,42.688109422958
2015-11-21 15:00:00,30,166.394186547983,451.779834679805,105.251527744739,36.264925955042
2015-11-21 16:00:00,30,190.847388779394,402.578605577516,104.038377596862,44.9958275911381
2015-11-21 17:00:00,30,181.927033419455,346.738468829904,99.834573122156,32.635040752766
2015-11-21 18:00:00,30,169.368413067737,359.878110038221,102.144412127743,40.3299512058283
2015-11-21 19:00:00,30,177.202743018095,265.12239801009,110.658299452449,38.6628562747207
2015-11-21 20:00:00,30,158.24031794474,420.538369207636,97.7415388842021,40.9527006255891
2015-11-21 21:00:00,30,178.401818853609,346.770240112279,103.511057839255,33.8670733872536
2015-11-21 22:00:00,30,195.063507227873,430.580390954617,90.9391849277526,50.9310027079918
2015-11-21 23:00:00,30,178.729944937074,450.678744968794,93.8805418865181,34.1278252876887
2015-11-22 00:00:00,30,174.45353053435,356.672161513612,102.276412263001,39.4731873312071
2015-11-22 01:00:00,30,167.413600321641,385.089486516397,97.0188134052286,43.3871629203518
2015-11-22 02:00:00,30,178.157739180541,411.270025761312,92.7928890597342,41.6564509476699
2015-11-22 03:00:00,30,150.075541292453,437.42743297392,93.9246023541102,36.8574148884782
2015-11-22 04:00:00,30,145.117181331695,375.498160099803,101.889604524587,47.3432167350931
2015-11-22 05:00:00,30,181.395713495144,414.276901205349,84.7911055927613,38.1345408012272
2015-11-22 06:00:00,30,173.995666872685,443.553590684847,91.5062591122381,31.6487845800509
2015-11-22 07:00:00,30,174.531220089832,359.777798195241,120.128145435693,37.3013620207007
2015-11-22 08:00:00,30,174.187430037936,361.637382890628,104.277941166204,38.2740532049656
2015-11-22 09:00:00,30,165.783396202056,419.14790422293,98.0502697807433,36.2565518981724
2015-11-22 10:00:00,30,185.000984881867,374.785968318611,110.901221002249,37.505195504412
2015-11-22 11:00:00,30,169.787845393668,379.801227206149,104.125193785879,40.7918833099428
2015-11-22 12:00:00,30,197.95756174893,373.090919468459,80.437397993986,40.5126821190414
2015-11-22 13:00:00,30,213.59176662534,378.632037618599,112.655346724384,41.9268926928971
2015-11-22 14:00:00,30,174.471934625601,286.280345471561,104.408476991662,42.9624118551046
2015-11-22 15:00:00,30,174.533595344251,322.966095089131,105.985865266033,41.5478668342631
2015-11-22 16:00:00,30,171.777693717686,359.438490231727,89.2226013108071,40.4581658830594
2015-11-22 17:00:00,30,156.770705610169,411.136550945553,96.8867739529482,34.9475394680949
2015-11-22 18:00:00,30,188.296798737371,369.375914964697,113.868368632645,36.6436984495269
2015-11-22 19:00:00,30,141.594305323029,370.600300760792,93.0066387517123,46.9942193725933
2015-11-22 20:00:00,30,191.448657427384,386.272531941952,105.856238940623,38.4403384492895
2015-11-22 21:00:00,30,160.476363442941,367.765334287644,111.914670676595,43.8361322378823
2015-11-22 22:00:00,30,165.109369777575,347.958174630978,94.1928473509641,37.5868271339422
2015-11-22 23:00:00,30,193.001271587612,394.28841194495,101.912856086698,34.3638554232373
2015-11-23 00:00:00,30,177.714843443198,376.33261337432,83.3327565601535,36.1203096009924
2015-11-23 01:00:00,30,191.488301204176,331.770238376244,107.322961141812,43.3177976473422
2015-11-23 02:00:00,30,180.335348902137,443.032776901855,114.112486637338,39.5604404905503
2015-11-23 03:00:00,30,167.861068405425,413.450527295233,81.1933765980585,44.0054590747349
2015-11-23 04:00:00,30,149.027141122145,417.981942899796,116.955817657723,48.4304850531557
2015-11-23 05:00:00,30,163.186300284775,339.416353004107,107.753221797264,40.1777416835869
2015-11-23 06:00:00,30,158.567421811254,421.36803511365,98.9603526423433,44.296976502817
2015-11-23 07:00:00,30,166.672703584717,378.224512569525,87.42784120678,35.9776306250809
2015-11-23 08:00:00,30,176.420237670263,507.712176648635,96.7231434533541,38.8747090033129
2015-11-23 09:00:00,30,167.268341889728,437.476080998631,103.026339160177,34.7437445753905
2015-11-23 10:00:00,30,161.603984741597,470.669749093842,105.014545270218,45.9185571238996
2015-11-23 11:00:00,30,160.350892544767,487.75570324831,102.703840930408,39.7153378948101
2015-11-23 12:00:00,30,195.221976899137,467.736435505459,80.836103270157,46.1431900863645
2015-11-23 13:00:00,30,174.49305904598,412.713897306648,93.3789173917627,35.6697084112885
2015-11-23 14:00:00,30,170.88382320981,490.698306344446,94.719143059958,59.5923687040495
2015-11-23 15:00:00,30,150.516986593787,510.417475382721,99.3971858829899,41.0550310763536
2015-11-23 16:00:00,30,172.077286197562,421.242862553037,95.2416530953022,33.5690446771846
2015-11-23 17:00:00,30,154.748457197072,393.011905464184,94.5253054311781,40.4503404973545
2015-11-23 18:00:00,30,153.072853251748,499.636732714373,100.018320428538,36.1064645656173
2015-11-23 19:00:00,30,157.206236074545,434.890186011975,102.670093852211,39.1343001841121
2015-11-23 20:00:00,30,184.444226035621,478.682547442135,69.5446940119867,45.2968296819297
2015-11-23 21:00:00,30,155.737354337574,402.903208636842,96.0211811752302,35.9700640376852
2015-11-23 22:00:00,30,178.268669872362,399.583581420929,96.5502716955947,37.8835964855842
2015-11-23 23:00:00,30,167.033740302674,526.619418493525,120.138761085937,36.9107558093092
2015-11-24 00:00:00,30,169.013482433226,521.494598403011,101.930938141775,44.0554784824036
2015-11-24 01:00:00,30,201.648569529243,443.582620143215,90.5186192356341,33.0527807064052
2015-11-24 02:00:00,30,151.149313073813,494.005870370935,95.9844211533716,34.0411301282001
2015-11-24 03:00:00,30,180.114582017853,430.269563930674,104.549257651317,44.0662912228035
2015-11-24 04:00:00,30,174.056579258216,480.881534740021,105.459250010911,39.3462017995791
2015-11-24 05:00:00,30,172.083837845574,516.858975427262,101.192115518182,30.7241304781593
2015-11-24 06:00:00,30,165.479245824321,514.998531033955,92.0999784962003,44.647270787545
2015-11-24 07:00:00,30,148.983735071574,435.865322705157,88.2278913240437,42.0950595334238
2015-11-24 08:00:00,30,177.278809192766,395.127368337542,102.285986963718,40.033522156553
2015-11-24 09:00:00,30,169.954489518453,440.079264504977,98.90953642031,39.000369383643
2015-11-24 10:00:00,30,167.065594656071,514.976170365393,82.2089029951402,39.3210795772331
2015-11-24 11:00:00,30,179.591437264427,300.008196586527,87.429677142964,37.9086761515123
2015-11-24 12:00:00,30,200.256498500005,445.646369423863,106.922324659251,27.9196454132291
2015-11-24 13:00:00,30,173.004765948614,382.742520912814,105.99070697774,36.809080529106
2015-11-24 14:00:00,30,170.270910348699,402.434941331718,98.0746984149498,48.9495493135009
2015-11-24 15:00:00,30,192.287261981082,499.714943679263,107.017539997079,33.2405196518923
2015-11-24 16:00:00,30,198.060562423238,489.799394067723,96.3203767324886,38.8172208081576
2015-11-24 17:00:00,30,161.211163062473,393.338493771171,99.2599466133199,38.0632389572238
2015-11-24 18:00:00,30,193.307339338285,399.671954557771,97.5307832143927,40.0512639300461
2015-11-24 19:00:00,30,168.030320254087,535.629351099578,102.243725130944,32.8467867297246
2015-11-24 20:00:00,30,150.647151483114,452.950784283218,87.3251479369416,40.8484500695055
2015-11-24 21:00:00,30,174.7935855607,446.500114664611,101.028660272664,42.0389751643405
2015-11-24 22:00:00,30,157.543804460803,538.640214264414,102.61316906044,42.6304416638142
2015-11-24 23:00:00,30,146.327072710581,459.247614615843,84.4862579049607,32.4453071110132
2015-11-25 00:00:00,30,178.086128495154,436.107160015378,96.2133690243382,40.7002057237131
2015-11-25 01:00:00,30,169.560774380286,492.70497536895,88.2578288714121,42.2327806543476
2015-11-25 02:00:00,30,143.231813220752,506.535625860783,94.7757570450208,32.0883272165862
2015-11-25 03:00:00,30,183.781101327319,445.424512543187,104.232292007069,33.8654232736444
2015-11-25 04:00:00,30,161.790173279736,441.198646031958,97.3180693211955,39.5668203512946
2015-11-25 05:00:00,30,198.944152226758,458.398701790582,91.6560891554399,35.4517454240939
2015-11-25 06:00:00,30,135.558376895233,454.552408807858,109.057869394454,43.3824897593773
2015-11-25 07:00:00,30,181.624070051571,436.142408530741,87.4934995690969,43.6492689321149
2015-11-25 08:00:00,30,167.397557216953,420.24417050844,104.892875366283,38.3591567963514
2015-11-25 09:00:00,30,173.47115673112,552.797130789778,88.019493631564,39.4935676238296
2015-11-25 10:00:00,30,165.369842027113,477.172455795688,112.31623694858,41.8937149255587
2015-11-25 11:00:00,30,153.477884000989,439.646884144197,103.970692974051,42.6591002577531
2015-11-25 12:00:00,30,187.410021157668,487.727677084639,96.0642167707885,42.9738428840133
2015-11-25 13:00:00,30,178.220344161832,446.241738770735,108.003225547768,30.2527139962385
2015-11-25 14:00:00,30,158.136546957303,483.413513263742,109.066303809455,33.526959523896
2015-11-25 15:00:00,30,180.392608250461,405.310830234007,127.88374035179,42.5385255542529
2015-11-25 16:00:00,30,170.305683062474,407.137318554326,98.5561828539365,37.5236339182794
2015-11-25 17:00:00,30,153.063993070917,381.05364813399,113.166673934907,36.1851097492132
2015-11-25 18:00:00,30,166.167492315593,487.49055218345,95.2322040105159,42.5140169076145
2015-11-25 19:00:00,30,148.527466325251,378.430477131904,103.932690398969,43.2867552485314
2015-11-25 20:00:00,30,208.823878343314,423.18869931516,95.5545514294106,36.333482753956
2015-11-25 21:00:00,30,164.775148403858,470.440367043218,75.7121636797467,44.714069739334
2015-11-25 22:00:00,30,180.648503060887,447.715398177323,111.08277208379,40.074791206167
2015-11-25 23:00:00,30,167.988840149872,495.384873412297,88.6398457383033,42.5560638895157
2015-11-26 00:00:00,30,171.685396109854,410.932621793548,108.455531782683,39.8309411487049
2015-11-26 01:00:00,30,176.817785002942,487.487804838765,95.5010939959624,35.5427949604395
2015-11-26 02:00:00,30,152.840616560693,446.722756792522,108.643509700134,31.2843032129145
2015-11-26 03:00:00,30,170.323437685066,488.22831154168,108.845878312454,33.4226219836612
2015-11-26 04:00:00,30,169.533004037291,479.073769360131,103.096988037155,45.855492218888
2015-11-26 05:00:00,30,165.45459878163,427.56678818218,97.0244349820259,40.939531303163
2015-11-26 06:00:00,30,187.633056487689,405.71974669386,78.5351115196198,37.0161395444078
2015-11-26 07:00:00,30,182.517587857377,485.560672222546,86.8700729861151,40.6118122952722
2015-11-26 08:00:00,30,179.574306136156,476.793508102589,98.9951577548873,44.0117423593296
2015-11-26 09:00:00,30,147.265663835738,440.424146469659,85.6788735725387,44.7553535933914
2015-11-26 10:00:00,30,145.037331672596,582.793776393838,93.881337722091,36.5755692081666
2015-11-26 11:00:00,30,147.96759874688,444.98741846539,92.2470691376802,46.9586527909995
2015-11-26 12:00:00,30,190.080021477842,427.6475520869,97.1534970349394,43.9853805314123
2015-11-26 13:00:00,30,178.922834782807,479.320799229657,98.8554663966127,48.3387445433803
2015-11-26 14:00:00,30,157.914947547078,408.776820795023,105.632090868136,41.6217661227891
2015-11-26 15:00:00,30,168.733945989836,479.040333324392,87.0418762108877,32.0848761182653
2015-11-26 16:00:00,30,162.03720975607,488.480880456773,103.788152537907,33.18821137457
2015-11-26 17:00:00,30,177.489003658857,542.193177150987,79.0636970344609,40.139029090444
2015-11-26 18:00:00,30,165.23527614703,416.082370566536,105.212022802822,33.4568972070856
2015-11-26 19:00:00,30,183.921206107261,469.387402220615,95.1657234596486,45.7991215780895
2015-11-26 20:00:00,30,172.751430181311,476.350968735838,101.118226897668,30.9532017919875
2015-11-26 21:00:00,30,146.968180958299,456.693495098103,98.8856100587608,38.3437347981237
2015-11-26 22:00:00,30,146.654419130295,499.081626574828,97.1063223497379,38.5521900362617
2015-11-26 23:00:00,30,152.161358222739,459.181755795724,98.6026323017385,47.3094943421259
2015-11-27 00:00:00,30,142.187460733918,525.263210496548,109.651379861452,44.3355998896864
2015-11-27 01:00:00,30,165.844911285321,465.475391363579,103.625170489326,38.8526660797034
2015-11-27 02:00:00,30,163.433669046586,465.956824777713,100.890938408443,45.9229167191951
2015-11-27 03:00:00,30,163.026264738888,438.820460586892,103.297428603243,41.3020580975514
2015-11-27 04:00:00,30,160.659347948529,395.397088704421,96.2672164595439,34.9571770506125
2015-11-27 05:00:00,30,187.238821862898,522.494275742204,88.1645309608709,45.4131576997632
2015-11-27 06:00:00,30,161.666048856856,431.088770154439,92.2256367740266,39.6227274460883
2015-11-27 07:00:00,30,164.819112706247,417.920571995079,95.8012529606556,37.8078227636916
2015-11-27 08:00:00,30,174.646211666762,527.662031576985,101.131767446435,35.6976765137577
2015-11-27 09:00:00,30,186.869308147621,483.806701897964,120.378374342983,41.9260340842911
2015-11-27 10:00:00,30,143.285399162208,455.921825910237,104.544445208114,36.7346300867292
2015-11-27 11:00:00,30,144.665469071985,373.239796918467,109.051540947614,44.3155464638327
2015-11-27 12:00:00,30,164.758729971827,470.984040505333,105.561967273018,41.5573255197551
2015-11-27 13:00:00,30,199.276549469308,419.584268833886,117.639389491373,46.2657679543778
2015-11-27 14:00:00,30,145.980044485039,517.765454363762,108.819084006679,35.7013305736656
2015-11-27 15:00:00,30,161.516509172091,402.799342694444,99.501118279291,39.6381260009166
2015-11-27 16:00:00,30,154.209842189634,398.215462392046,108.342783999075,36.6692120127768
2015-11-27 17:00:00,30,172.39417138929,424.762353172438,125.316642477665,41.5974688475291
2015-11-27 18:00:00,30,169.133653034529,495.375573970608,99.9944133774938,45.0002887588625
2015-11-27 19:00:00,30,167.604613120933,553.168437884126,115.396112205157,38.1793222244706
2015-11-27 20:00:00,30,169.746048357022,476.067489447439,117.869951597817,43.3414299161437
2015-11-27 21:00:00,30,177.894970035324,544.605091348886,121.332875211959,24.3014291220109
2015-11-27 22:00:00,30,187.416155747443,452.696003018815,88.5534435277931,38.3355170574369
2015-11-27 23:00:00,30,175.792391252102,448.075222955707,99.4885404761873,39.8282182026461
2015-11-28 00:00:00,30,165.26535094798,540.239608761155,100.274743905813,35.9978074081423
2015-11-28 01:00:00,30,201.937278340467,464.212251462131,89.4262023840329,32.2656801500647
2015-11-28 02:00:00,30,166.415534843147,462.643184877049,89.4489970738092,44.0411695278536
2015-11-28 03:00:00,30,139.725190462997,388.611209817847,90.3864918860982,39.1461101931728
2015-11-28 04:00:00,30,159.099532297712,422.697579687383,103.181416619858,35.8311505608097
2015-11-28 05:00:00,30,151.943894492975,388.619664483316,105.196062578377,26.0643748516611
2015-11-28 06:00:00,30,181.612088504776,422.187669744872,104.340486747251,32.9106220303451
2015-11-28 07:00:00,30,180.502453592964,390.090024923497,112.801598929256,36.7324125532209
2015-11-28 08:00:00,30,166.098057571134,484.129457270661,101.836388442052,31.0468385637305
2015-11-28 09:00:00,30,174.167567839859,537.295643163294,85.4171521240379,38.165027100115
2015-11-28 10:00:00,30,148.032584373224,485.997313085248,110.600935039858,34.5192311234854
2015-11-28 11:00:00,30,163.965809214707,455.188112958611,108.549847689679,42.9955546442935
2015-11-28 12:00:00,30,173.978389356804,542.096691456973,103.432763529201,34.8897948385561
2015-11-28 13:00:00,30,180.742018865498,388.735659494164,87.6855563775975,36.1323696807048
2015-11-28 14:00:00,30,171.835735982527,465.740010117874,103.587914512318,37.7312490864701
2015-11-28 15:00:00,30,180.999492182397,479.320669866633,100.10095882267,42.0108310744343
2015-11-28 16:00:00,30,161.96557030057,398.53572596623,103.626599834764,35.6102006156247
2015-11-28 17:00:00,30,165.772521750469,340.513129561341,106.948877549488,39.3047115505986
2015-11-28 18:00:00,30,161.208629092655,459.723324606807,98.4262169561611,40.0496520662688
2015-11-28 19:00:00,30,170.515779821045,502.938701872016,92.8409105975098,39.7031226214879
2015-11-28 20:00:00,30,166.995127816442,432.126788664235,108.429076980356,49.2310343239462
2015-11-28 21:00:00,30,162.239290204976,458.868469144822,97.1308618894862,38.6296255418432
2015-11-28 22:00:00,30,145.363196970175,419.106374318665,100.054532782892,41.3718973598546
2015-11-28 23:00:00,30,171.120713276412,414.862244420281,84.9217060311078,38.6203280122524
2015-11-29 00:00:00,30,157.59819016287,397.79010918772,103.011354781948,41.4839379864993
2015-11-29 01:00:00,30,176.959702058027,460.021235851774,108.814757399175,36.2015027711219
2015-11-29 02:00:00,30,161.040314724633,402.163033589632,115.630668095113,35.5020977425752
2015-11-29 03:00:00,30,163.82412226476,514.678595653333,94.4298791862101,33.0308922493148
2015-11-29 04:00:00,30,177.47496074773,440.973702758694,82.9196975926827,38.7806330575226
2015-11-29 05:00:00,30,187.776452285054,534.922655448343,99.116201372775,41.7272647445941
2015-11-29 06:00:00,30,126.69696955053,412.334404537667,89.6299034571548,34.1088020709484
2015-11-29 07:00:00,30,174.534880253151,471.304718248641,89.9110576548787,34.5792195713597
2015-11-29 08:00:00,30,181.931958479703,443.641911951644,108.174432459522,34.0740101723419
2015-11-29 09:00:00,30,167.474895106575,456.53163536492,84.6394167583648,43.0577604398921
2015-11-29 10:00:00,30,180.738864775471,486.738831549327,94.460457793825,36.4379097507917
2015-11-29 11:00:00,30,166.459513874524,427.512724804786,102.471367835641,39.5905142271657
2015-11-29 12:00:00,30,175.040507928589,367.467677361142,110.944322276097,37.124843301429
2015-11-29 13:00:00,30,141.769913860917,491.536624898956,103.564172152571,40.2445994312497
2015-11-29 14:00:00,30,160.418099869331,476.671290393642,78.7522563771272,31.0195597591281
2015-11-29 15:00:00,30,172.377254027233,463.332235173166,123.825416041174,33.5232063352404
2015-11-29 16:00:00,30,161.876075968359,410.56357739919,93.6391669569553,46.9055777119998
2015-11-29 17:00:00,30,166.477839754477,407.58280039034,93.4944493941201,29.6853690567286
2015-11-29 18:00:00,30,174.046074331794,473.745288866379,92.7531285459942,44.6770385268962
2015-11-29 19:00:00,30,175.084446693932,478.067055479463,92.961088882212,41.1551892980869
2015-11-29 20:00:00,30,170.976173584324,483.537952932103,108.63157186677,45.7376018946881
2015-11-29 21:00:00,30,172.976892784494,493.39295394332,94.9206573299006,38.6931676069928
2015-11-29 22:00:00,30,173.749786771919,465.378421593498,99.9764693504043,46.100360975388
2015-11-29 23:00:00,30,162.877816018641,414.922155432502,98.2298010153633,42.6597461466171
2015-11-30 00:00:00,30,158.004303793089,408.540512863891,88.8439574123299,46.5336367080422
2015-11-30 01:00:00,30,182.875490683392,408.789697447666,91.2212506156715,41.4346507500556
2015-11-30 02:00:00,30,155.517064282303,349.062299602237,95.74561539622,41.7785298007899
2015-11-30 03:00:00,30,150.538165419498,354.643583175857,94.9635884736614,39.3748287235277
2015-11-30 04:00:00,30,173.461983802183,477.049714276438,98.3872825048014,34.4307843639369
2015-11-30 05:00:00,30,198.619562210053,514.15531602991,91.1783032371132,41.7038355085074
2015-11-30 06:00:00,30,148.727329995719,450.504186230955,94.1776981283069,50.3648460860605
2015-11-30 07:00:00,30,181.095882745838,454.87566480372,104.053973971111,28.4760049130702
2015-11-30 08:00:00,30,160.22995766265,328.846313666058,96.5136175260886,40.0480375583516
2015-11-30 09:00:00,30,194.963520523704,426.343836121045,102.918232897716,37.0246619645843
2015-11-30 10:00:00,30,157.872917814152,481.005005701429,107.389887972199,42.759977094914
2015-11-30 11:00:00,30,167.683438583673,437.344994582005,98.4592800437053,32.1865470230504
2015-11-30 12:00:00,30,159.867374488606,424.333024543891,95.9640391153188,34.887790461627
2015-11-30 13:00:00,30,137.103604436784,523.513051455442,102.93397898985,41.7475250480128
2015-11-30 14:00:00,30,157.224960253251,546.182290481964,87.6900426803746,50.4384174198811
2015-11-30 15:00:00,30,190.186898489835,419.388640184396,107.734517922003,30.7285226336984
2015-11-30 16:00:00,30,164.61335132878,552.348802040755,101.235057326737,42.1746368630741
2015-11-30 17:00:00,30,154.188376506511,502.871427125861,105.551271429066,48.7387537890305
2015-11-30 18:00:00,30,157.124641163053,430.102122834072,93.8104741808064,44.34747475262
2015-11-30 19:00:00,30,159.973762782178,505.03321046852,97.4687224200245,37.1172574469772
2015-11-30 20:00:00,30,162.457006554907,389.898506066332,94.2679103198105,39.8345268877516
2015-11-30 21:00:00,30,191.757022302385,405.208354023026,99.1681956288022,43.0251116749941
2015-11-30 22:00:00,30,138.170098164407,460.827632605895,96.7652042468869,32.2968249002973
2015-11-30 23:00:00,30,160.731617326481,436.342646623749,95.8721302456148,38.0308699214798
2015-12-01 00:00:00,30,182.346287310334,407.544709508142,90.1050721449133,38.8538871710152
2015-12-01 01:00:00,30,169.765422587186,487.025002701612,120.23350421542,41.479011120349
2015-12-01 02:00:00,30,178.574332849365,389.599344507994,103.305896214076,36.5568923243451
2015-12-01 03:00:00,30,183.490518434366,465.17840187938,103.808513906388,38.3919161381623
2015-12-01 04:00:00,30,174.996527044082,391.194190818481,77.3668919210668,52.9064866165325
2015-12-01 05:00:00,30,173.072913608593,453.788482006267,86.8521852161962,50.1491070870086
2015-12-01 06:00:00,30,174.208531068732,418.919025198523,99.0007090466067,47.7045372447819
2015-12-01 07:00:00,30,189.696501568594,391.191570365359,100.227875157701,45.1549027532468
2015-12-01 08:00:00,30,155.341792991546,443.881758070185,109.663438930345,41.7454043622154
2015-12-01 09:00:00,30,189.020703359312,442.880439375397,104.59426120413,32.4852065362745
2015-12-01 10:00:00,30,150.404964683676,455.869483665109,91.1976038241513,49.3286920797215
2015-12-01 11:00:00,30,176.82159633479,473.619678829501,97.2392284190345,34.0595638960152
2015-12-01 12:00:00,30,147.910328183247,403.298239972489,98.9935488988007,42.0955144811472
2015-12-01 13:00:00,30,176.833092618919,382.695366838757,101.763473290596,50.5641525173229
2015-12-01 14:00:00,30,171.769977020789,492.005144697068,106.334449039592,32.4717845864438
2015-12-01 15:00:00,30,154.331098963546,440.329651499343,101.18645969504,39.040565469934
2015-12-01 16:00:00,30,183.22528104482,449.020730867192,103.198606769922,43.592865284262
2015-12-01 17:00:00,30,159.732956234233,462.445296911238,84.3764400033117,43.2179594333137
2015-12-01 18:00:00,30,164.375000590248,419.142504612105,85.5314373660319,32.6273930430143
2015-12-01 19:00:00,30,197.099037945768,460.7562692811,85.4663587500777,45.6746791322741
2015-12-01 20:00:00,30,174.601191344118,408.733248282801,103.416913265332,48.3017505774542
2015-12-01 21:00:00,30,185.037854699528,505.343880531744,95.8771864073145,32.0405786103928
2015-12-01 22:00:00,30,176.137959310197,417.934924953075,97.5338639172457,37.4251278714263
2015-12-01 23:00:00,30,157.861658836276,387.01152070697,112.9742188608,37.4491930273594
2015-12-02 00:00:00,30,172.511743081546,483.5499570783,102.740830642467,42.7230672833521
2015-12-02 01:00:00,30,200.267078341712,415.205863058516,95.20547237397,37.4194922262047
2015-12-02 02:00:00,30,159.869802580643,496.964454245512,104.349602293503,36.6611980049714
2015-12-02 03:00:00,30,203.375001770266,503.993002650331,92.2438684086461,39.2116114795551
2015-12-02 04:00:00,30,177.894539837616,472.710189939552,83.0118750531723,40.9888811707402
2015-12-02 05:00:00,30,153.375814823574,469.180583138745,119.325983427074,37.8873342946862
2015-12-02 06:00:00,30,152.715591730183,377.76578128622,97.8505339051749,41.5343860434966
2015-12-02 07:00:00,30,151.73112518314,490.623415153652,94.5770462124825,31.817556337651
2015-12-02 08:00:00,30,206.984773806582,553.244037546099,99.5702863098999,44.3947026360731
2015-12-02 09:00:00,30,170.650846029118,557.31222934689,97.0888729726286,34.3453910293111
2015-12-02 10:00:00,30,144.115710942569,388.59178971834,89.792347872523,33.1978068623
2015-12-02 11:00:00,30,161.198448873951,487.673628786088,95.7546135109854,41.1228473103934
2015-12-02 12:00:00,30,177.427205909723,417.066041270654,117.173670405728,43.1758239477009
2015-12-02 13:00:00,30,159.82217680509,529.497574575586,93.548723855859,44.7560762702936
2015-12-02 14:00:00,30,156.590865838964,416.80807303192,87.2393368675327,40.2461326953284
2015-12-02 15:00:00,30,152.645088421831,436.765003689633,99.9020756174341,31.9348118719745
2015-12-02 16:00:00,30,183.939962468496,473.131896110616,97.5647377766331,40.9916896009969
2015-12-02 17:00:00,30,163.446898791939,441.671835423175,107.425623216062,47.0421610160405
2015-12-02 18:00:00,30,166.958143461316,514.978436794056,73.571161452049,47.5298591809445
2015-12-02 19:00:00,30,177.976242113223,426.195216822253,99.2957786583344,33.9921763404373
2015-12-02 20:00:00,30,179.147155634756,461.031455864231,90.5734382306708,35.7353261281468
2015-12-02 21:00:00,30,175.491735060224,434.762422922902,94.0696975374178,31.1297855369574
2015-12-02 22:00:00,30,171.150417959226,421.07153076102,100.918878232104,45.5910351483638
2015-12-02 23:00:00,30,168.923978148052,428.986611292689,100.419644567957,42.1383517604891
2015-12-03 00:00:00,30,154.618043161467,373.477950771886,98.5158926606111,39.3548005838541
2015-12-03 01:00:00,30,175.79142834125,333.596981931784,100.099646447114,37.8557000475589
2015-12-03 02:00:00,30,172.389138634329,485.117356577824,104.420770383085,44.7693339770454
2015-12-03 03:00:00,30,184.097815166019,399.488779559579,112.948204030297,40.8958710765184
2015-12-03 04:00:00,30,169.976110320825,422.077789877179,98.239614987522,31.8220431989718
2015-12-03 05:00:00,30,173.697547593144,497.576092562968,84.3525506314123,37.8657409805419
2015-12-03 06:00:00,30,170.828006040744,534.880343014148,102.362541486037,48.6201322238149
2015-12-03 07:00:00,30,168.5468683841,440.972263875148,103.65956954392,44.6159063587179
2015-12-03 08:00:00,30,179.512470498818,603.230977272682,97.4649175286611,54.5851493307325
2015-12-03 09:00:00,30,161.7393435621,468.07492491285,79.6888522688478,40.8382153312343
2015-12-03 10:00:00,30,174.246631105826,468.963709896551,107.296507351723,51.283638966384
2015-12-03 11:00:00,30,196.882085113668,426.261828194525,116.772408877737,56.795133593837
2015-12-03 12:00:00,30,171.860036432719,501.127841013719,109.225001303458,47.2815119496029
2015-12-03 13:00:00,30,159.523360288851,434.751368967858,109.195716379074,45.6829621094445
2015-12-03 14:00:00,30,169.017783209843,506.023115979548,100.819938921983,46.9299047644272
2015-12-03 15:00:00,30,193.530079770551,477.601998583012,105.097668291269,45.4045056752688
2015-12-03 16:00:00,30,177.310183424757,440.150853209224,100.04383024829,52.3829304980887
2015-12-03 17:00:00,30,150.248500057138,454.301811919556,81.0381678258901,49.2664017226687
2015-12-03 18:00:00,30,151.086252854652,478.263850729845,95.6926094278551,47.4864810283811
2015-12-03 19:00:00,30,167.897862918679,442.349595523518,104.950324705547,49.5027231828712
2015-12-03 20:00:00,30,174.800553209396,484.194189397499,103.294985334841,55.1384393370461
2015-12-03 21:00:00,30,135.575487737001,451.220580925834,95.934588759157,49.6569916809847
2015-12-03 22:00:00,30,167.809586432796,524.672151653788,109.987455963806,45.2704817728792
2015-12-03 23:00:00,30,183.329410162139,412.907241895014,98.5944905393794,48.7073442068745
2015-12-04 00:00:00,30,138.930178326267,388.356101016364,105.494213624541,48.0050642728899
2015-12-04 01:00:00,30,195.909185133419,419.397565956879,87.4690915641936,54.8645480741667
2015-12-04 02:00:00,30,169.613701321981,295.472953080576,94.6503205363309,47.9620240148328
2015-12-04 03:00:00,30,141.525309262153,411.463840605875,102.942702383649,56.9124015032493
2015-12-04 04:00:00,30,154.973481665619,480.004533120026,117.732225235502,52.6111621343017
2015-12-04 05:00:00,30,167.301895806107,510.386502717204,92.1244158461443,47.3380956303361
2015-12-04 06:00:00,30,200.970719991988,405.495136336211,73.1022168030194,58.2475196048203
2015-12-04 07:00:00,30,169.846689586362,569.649956588664,92.4851515900398,65.0187367647001
2015-12-04 08:00:00,30,180.287749178108,437.887394795093,110.459259599118,47.7825904819421
2015-12-04 09:00:00,30,165.293231636587,511.091637424416,91.8472213036053,48.7727705460798
2015-12-04 10:00:00,30,166.985903577798,397.179591004334,104.233193377604,49.6557936524924
2015-12-04 11:00:00,30,178.827582206524,522.640457201719,100.976124762223,50.9749064169914
2015-12-04 12:00:00,30,193.228075663758,413.023714717015,103.501571380025,49.4240818186514
2015-12-04 13:00:00,30,174.677971848004,436.492539691147,99.4387476464666,48.9008713340484
2015-12-04 14:00:00,30,174.040884313265,444.540601301353,94.0342268683311,53.6408098208908
2015-12-04 15:00:00,30,200.698586384102,514.870795137916,103.534726053158,59.5893762324332
2015-12-04 16:00:00,30,184.473938051334,407.433654046109,86.8236227931488,51.4939656279506
2015-12-04 17:00:00,30,176.700794334813,381.693290823255,98.0161439631305,51.1974442620624
2015-12-04 18:00:00,30,159.138495830186,512.996159063401,101.247507758374,56.5506683006989
2015-12-04 19:00:00,30,167.450881895911,426.756957267216,101.646659474817,48.7219307655209
2015-12-04 20:00:00,30,168.792948776591,450.048551366995,97.8209661161286,59.9774353240814
2015-12-04 21:00:00,30,160.112544640137,410.597337136984,89.0920779286363,52.1157665548002
2015-12-04 22:00:00,30,188.031021718191,398.239686142567,102.795099925556,41.6817471162412
2015-12-04 23:00:00,30,165.088963127117,376.77648075817,83.3736787453456,52.6681435074367
2015-12-05 00:00:00,30,164.93891522393,487.828437727474,105.750475653214,48.3926615467478
2015-12-05 01:00:00,30,161.356997110287,476.282879933538,118.256196528663,50.5495248921846
2015-12-05 02:00:00,30,180.366005250286,431.799643754831,122.085047372309,40.2435837377775
2015-12-05 03:00:00,30,174.652464201177,381.90346528847,103.643072246849,51.9474723090357
2015-12-05 04:00:00,30,153.174912349283,372.799719371176,86.7322615517208,47.8292338167341
2015-12-05 05:00:00,30,146.189518475839,389.026249821785,101.275829130444,44.3924470874783
2015-12-05 06:00:00,30,164.389603644595,475.265437189454,88.2792561189949,47.5052485346699
2015-12-05 06:00:00,30,164.389603644595,475.265437189454,88.2792561189949,47.5052485346699
2015-12-05 07:00:00,30,144.431218502836,541.846674615832,98.463841332362,47.8355372826779
2015-12-05 08:00:00,30,169.431581510421,494.381152217449,100.93875369789,47.8147647533079
2015-12-05 09:00:00,30,160.947361337404,399.698636261991,92.2283224546082,43.2129159196151
2015-12-05 10:00:00,30,159.933768056623,488.822557702776,112.472111315412,38.613038667954
2015-12-05 11:00:00,30,156.838412923506,421.665753176785,111.88739718605,35.723115181321
2015-12-05 12:00:00,30,181.35060328592,459.720020435468,113.920673263432,44.256572968353
2015-12-05 13:00:00,30,148.851580652145,379.912258620664,103.695724003878,37.3437744928944
2015-12-05 14:00:00,30,193.162951434166,553.657654322644,111.05212672573,45.3554623434953
2015-12-05 15:00:00,30,162.792568960165,435.94932819427,105.281521796018,42.127474515156
2015-12-05 16:00:00,30,176.065693119476,532.563469734983,102.389133444896,49.1575836598577
2015-12-05 17:00:00,30,169.523075693162,465.712036511681,97.8696014095501,33.1240872401984
2015-12-05 18:00:00,30,164.440758829508,420.724659200471,101.431024877203,39.2375429598429
2015-12-05 19:00:00,30,168.584425166226,522.499338174735,103.110731000245,33.0190304334959
2015-12-05 20:00:00,30,205.471773537588,421.049684332823,85.5648006279361,43.5543609624481
2015-12-05 21:00:00,30,161.926533452423,485.235375432764,102.223602429185,37.9272676160879
2015-12-05 22:00:00,30,141.861601788371,495.18379386624,94.0388533350041,38.2544209593254
2015-12-05 23:00:00,30,160.330300734671,480.805202723438,101.076027120216,33.931766194654
2015-12-06 00:00:00,30,191.716491428862,456.339400461253,82.7837425665567,41.4549913442086
2015-12-06 01:00:00,30,167.502023948697,527.384544422285,102.768399077944,39.8401900737051
2015-12-06 02:00:00,30,175.746649441485,380.898160150034,108.459852944399,33.6207219412358
2015-12-06 03:00:00,30,162.122619466003,442.356663036947,106.632818466913,40.8305260645574
2015-12-06 04:00:00,30,169.979531549171,415.062250659812,96.2872101664384,38.4792465294358
2015-12-06 05:00:00,30,182.02798658213,493.478425642514,107.290294657544,45.6565105153479
2015-12-06 06:00:00,30,190.01562761413,515.015836239452,82.9509416466547,37.9800690792247
2015-12-06 07:00:00,30,143.07487270335,423.525363833499,102.289212413636,36.4559067858258
2015-12-06 08:00:00,30,181.237515895252,519.672958794177,103.425098888881,41.8538800729846
2015-12-06 09:00:00,30,206.222643431842,604.657693625648,100.099162348907,35.3516500425446
2015-12-06 10:00:00,30,171.363189437446,428.838351344879,112.914012184806,34.3894239797517
2015-12-06 11:00:00,30,155.678109396311,481.848385515815,78.5689172613591,37.622358724674
2015-12-06 12:00:00,30,168.732597234712,423.914941008794,97.5956050672877,40.9778433707227
2015-12-06 13:00:00,30,156.041563425773,415.963733048071,109.754402001345,42.6927798669803
2015-12-06 14:00:00,30,202.504768626865,493.402865799382,96.6632543100024,44.4331674283462
2015-12-06 15:00:00,30,146.08018689024,484.907270734234,111.322979131068,41.6072740120499
2015-12-06 16:00:00,30,172.468694696656,581.167970979483,93.8609980000956,38.8856974306476
2015-12-06 17:00:00,30,202.762737828541,363.305752050805,97.96461914777,52.9989137572354
2015-12-06 18:00:00,30,148.867486618504,431.769823914461,122.79605703994,38.4692343481255
2015-12-06 19:00:00,30,187.223440843548,416.273366307131,103.287902831152,40.0941212777332
2015-12-06 20:00:00,30,170.909126280643,533.967591047453,98.2152791861724,46.2690219275584
2015-12-06 21:00:00,30,194.26999181531,500.6642283002,102.41291898492,34.8621279559598
2015-12-06 22:00:00,30,178.928695766113,437.003147863044,94.6200448925844,33.268519108379
2015-12-06 23:00:00,30,178.77121569729,414.682006460751,112.121527665854,45.4646086309589
2015-12-07 00:00:00,30,184.468849444123,434.533927218835,112.981127751703,35.0691733060359
2015-12-07 01:00:00,30,174.791489599912,496.654227193258,89.2065401661212,41.437250487956
2015-12-07 02:00:00,30,151.982641919377,395.644254188834,107.710878074971,39.179404935358
2015-12-07 03:00:00,30,143.161537580251,515.65122177011,120.667708594218,41.0635083197887
2015-12-07 04:00:00,30,174.166489659917,411.897721749258,105.502533300831,36.6796871924282
2015-12-07 05:00:00,30,165.484452076187,434.119001365657,90.7797100380254,47.0632170364223
2015-12-07 06:00:00,30,160.550093870772,394.114217905416,119.149700577627,38.9283629628648
2015-12-07 07:00:00,30,167.376203529305,422.631498629333,109.913196840791,39.6164088922793
2015-12-07 08:00:00,30,163.600583714871,436.553036644958,91.7820921712513,35.8623344908891
2015-12-07 09:00:00,30,153.872070514026,436.19113023539,86.1052686959229,38.6287955912078
2015-12-07 10:00:00,30,186.172352467618,537.072354174641,113.038380465429,48.751050548097
2015-12-07 11:00:00,30,179.360536364176,418.093680354256,107.997337077111,34.0116751501262
2015-12-07 12:00:00,30,176.224289140856,377.910527139972,91.9895629106416,42.9835611604962
2015-12-07 13:00:00,30,182.993759831528,441.916994459253,110.195337029415,38.9441441486488
2015-12-07 14:00:00,30,210.389817993705,443.585971557177,92.6406945928433,42.7332896423817
2015-12-07 15:00:00,30,197.585359486728,415.421395082984,93.5253871666511,35.5725372920694
2015-12-07 16:00:00,30,155.457377612071,517.785830960539,109.822429609025,28.2882213937048
2015-12-07 17:00:00,30,140.083556517249,471.973764393701,99.5548515514574,38.9723360325801
2015-12-07 18:00:00,30,166.316740179117,491.42137661686,100.450470418741,41.0314810686546
2015-12-07 19:00:00,30,181.56053690639,403.804255061514,82.7455772731909,37.1486318443009
2015-12-07 20:00:00,30,170.375340647714,533.528226297316,100.940900609124,32.8642552517949
2015-12-07 21:00:00,30,175.124198337516,395.069238448617,112.51865617442,34.0667840022389
2015-12-07 22:00:00,30,179.206122511167,464.689085305612,82.6543318055059,40.7883110131879
2015-12-07 23:00:00,30,160.87995140884,406.62217177981,99.9414757462507,37.2109270352991
2015-12-08 00:00:00,30,191.553911770189,415.571795230039,90.8549589846808,31.6875755574474
2015-12-08 01:00:00,30,169.133385090481,477.75493210521,100.464729897494,38.8822804473595
2015-12-08 02:00:00,30,188.268354577277,370.892720155533,113.685473637514,47.4504275761679
2015-12-08 03:00:00,30,183.400620645096,427.883459039805,114.501954280266,38.4206548961191
2015-12-08 04:00:00,30,169.980437808382,470.855357961679,92.6841245229488,31.9750971475254
2015-12-08 05:00:00,30,179.159003007714,414.774758996733,104.38491315162,32.9970366425952
2015-12-08 06:00:00,30,171.595871929918,442.555326791831,99.2629340772589,39.8631969703376
2015-12-08 07:00:00,30,161.146943493896,456.782078286887,90.1217222115334,40.12500252879
2015-12-08 08:00:00,30,181.645483689019,488.231680690972,94.5364921544372,42.3884651084582
2015-12-08 09:00:00,30,168.035407421737,485.534443970858,89.6295696760174,40.0219914140413
2015-12-08 10:00:00,30,155.814706249183,422.610480003963,96.5267487131211,42.1658748051942
2015-12-08 11:00:00,30,169.211518814614,439.107447821575,107.045095418137,42.6038016592162
2015-12-08 12:00:00,30,147.763508145985,368.496776867324,99.4755562572818,36.9196465583228
2015-12-08 13:00:00,30,154.116815022543,438.455582815549,104.891655964749,37.1201923220557
2015-12-08 14:00:00,30,133.740835370897,418.814996428439,88.2883652672052,35.634523965082
2015-12-08 15:00:00,30,171.43386192673,518.250155429705,111.478800609476,43.7416646518659
2015-12-08 16:00:00,30,170.603172753941,457.203038350797,84.5314261435855,40.5804635310767
2015-12-08 17:00:00,30,168.689351139907,546.609690280789,88.9752078519653,37.9739185862923
2015-12-08 18:00:00,30,174.730499949698,451.570494533233,97.0703253090318,35.4277994897046
2015-12-08 19:00:00,30,151.071628845004,469.97622806572,108.514025807104,44.6129160412992
2015-12-08 20:00:00,30,156.6942232223,529.390519985988,93.5169262901374,39.8643796281258
2015-12-08 21:00:00,30,169.321365567877,424.740417456556,102.420167406357,30.9623132424201
2015-12-08 22:00:00,30,164.952952974456,556.097091073993,114.092020902729,42.9537687520067
2015-12-08 23:00:00,30,165.908457812965,449.677187512695,97.8671820088258,44.6112143714396
2015-12-09 00:00:00,30,161.371202852115,419.313024283006,114.066474548801,34.6374107216208
2015-12-09 01:00:00,30,159.978817944108,505.721202467775,100.310253117154,44.0731068423647
2015-12-09 02:00:00,30,172.57928103927,462.785870397766,96.0466870110535,48.4343479320713
2015-12-09 03:00:00,30,154.301777963646,516.655705822292,102.813273466598,38.4549598090977
2015-12-09 04:00:00,30,152.679185305821,430.433590244295,97.5639648150248,35.1328830766632
2015-12-09 05:00:00,30,176.039505611137,454.516802009646,105.063869934943,44.3304281222961
2015-12-09 06:00:00,30,149.597111872921,513.07774574635,85.8647127907963,45.1938529796757
2015-12-09 07:00:00,30,172.635182936613,410.014274598713,97.7813514585279,31.6315078931019
2015-12-09 08:00:00,30,171.47122999912,447.452651133315,105.380231409936,28.2484937011213
2015-12-09 09:00:00,30,167.773020429176,450.591301068372,119.252072056007,44.4404569212236
2015-12-09 10:00:00,30,185.204223265923,513.994565366928,110.278870865797,31.9315553393258
2015-12-09 11:00:00,30,185.131903503115,537.131297639493,90.8413509214504,50.584892480441
2015-12-09 12:00:00,30,156.099735208374,539.176022262401,95.3024735771079,49.0217314748458
2015-12-09 13:00:00,30,166.696390603205,562.073080608424,87.1140939872743,38.1139876920281
2015-12-09 14:00:00,30,165.717922627601,370.731868323008,93.2885872151495,41.3571472611911
2015-12-09 15:00:00,30,171.481230474213,466.053821232014,69.3899294717269,47.8860518785211
2015-12-09 16:00:00,30,178.918212440987,415.176867671452,92.1075297508585,43.5964157932394
2015-12-09 17:00:00,30,155.573635153081,535.795173041557,88.0704396597089,35.7664619547051
2015-12-09 18:00:00,30,124.692864609055,378.241571922122,100.421239893009,42.4410377913756
2015-12-09 19:00:00,30,161.243168498325,487.788811587155,93.6330502789877,35.2730231874063
2015-12-09 20:00:00,30,154.078242321825,379.18455220005,100.950153395481,37.0248837766917
2015-12-09 21:00:00,30,173.133222328245,465.548685935551,86.8571875519083,31.2543533031723
2015-12-09 22:00:00,30,180.536424355242,408.379615611091,98.9361844817237,27.3194263441836
2015-12-09 23:00:00,30,168.225899053099,488.774423461652,86.7733712637776,37.0737883009453
2015-12-10 00:00:00,30,160.965789275144,472.359991289762,89.688617152934,46.7601854407607
2015-12-10 01:00:00,30,167.846239411922,461.079555812185,94.8092967996241,39.6967759662106
2015-12-10 02:00:00,30,164.17087710979,440.198784850259,100.179410414277,36.239954035492
2015-12-10 03:00:00,30,158.10088652719,505.897804941978,94.8436114238041,39.2097898350045
2015-12-10 04:00:00,30,178.103964095156,453.836353699725,90.674249271779,41.1914235596341
2015-12-10 05:00:00,30,179.83479773541,461.193971641506,87.4252594851749,37.300295015451
2015-12-10 06:00:00,30,186.944992719026,362.79605531395,98.3749854917528,44.2831117329622
2015-12-10 07:00:00,30,182.268847612246,468.911450490459,95.3207225715299,39.4341733153722
2015-12-10 08:00:00,30,178.916261750682,527.240384705939,84.8473382399201,45.9738810184637
2015-12-10 09:00:00,30,185.0768766532,441.137281344385,97.871779735655,36.2807690897465
2015-12-10 10:00:00,30,175.700503340714,405.249980683049,103.670456370358,42.5273214724829
2015-12-10 11:00:00,30,176.986606843084,446.93909256013,108.1798307916,37.6629805299612
2015-12-10 12:00:00,30,167.804044423883,405.0913560521,82.0657751136638,33.6928971441356
2015-12-10 13:00:00,30,157.846911696055,444.926357544496,113.340709950652,32.7117644485567
2015-12-10 14:00:00,30,183.014160782834,387.283384098755,107.155889051918,40.5221004805244
2015-12-10 15:00:00,30,188.162176540272,401.958990032825,104.113400027185,47.0316701819029
2015-12-10 16:00:00,30,157.258279825651,476.732421429391,108.380068792827,36.6139693436799
2015-12-10 17:00:00,30,162.997254468479,431.871713929172,102.586333386956,43.6736674013559
2015-12-10 18:00:00,30,178.69701927125,450.827931399077,104.290981551711,35.8017844602743
2015-12-10 19:00:00,30,170.083160892901,473.916726105021,93.5435930531793,38.9536465344536
2015-12-10 20:00:00,30,176.750536281572,553.702290316069,98.9714466722858,38.4627655121732
2015-12-10 21:00:00,30,138.115621200455,436.953108326158,99.2100579999391,45.7383461796675
2015-12-10 22:00:00,30,145.239047778314,416.517137584625,113.719003853906,35.4933371870351
2015-12-10 23:00:00,30,165.402889344388,520.161542167935,98.4180911613244,36.3022135388858
2015-12-11 00:00:00,30,163.869085298225,397.735755827647,107.035931613478,39.0009845785156
2015-12-11 01:00:00,30,166.723856552362,380.653926803071,115.158916807821,42.5980746838401
2015-12-11 02:00:00,30,183.445816176397,516.275174057744,106.355287468812,42.5907979503715
2015-12-11 03:00:00,30,177.613238065195,491.464911205813,128.28712151634,34.0858365811355
2015-12-11 04:00:00,30,181.652972252221,512.808380554942,98.4917594930985,42.8783091806913
2015-12-11 05:00:00,30,182.592220162506,451.232657552509,106.833137921774,37.0837850723545
2015-12-11 06:00:00,30,138.165920994724,374.52250832293,103.978096563654,40.2574446230144
2015-12-11 07:00:00,30,178.072902076476,441.499789146538,84.2571943035472,49.0245593056919
2015-12-11 08:00:00,30,173.065100094929,449.084268319606,98.9530106617682,43.2784494106828
2015-12-11 09:00:00,30,165.208585980221,393.393551340636,108.557027991391,35.3406878708501
2015-12-11 10:00:00,30,178.220519128642,481.939966822803,114.1222663269,47.6737661973164
2015-12-11 11:00:00,30,160.574759495794,454.180427421804,89.5181321102615,39.809082887187
2015-12-11 12:00:00,30,158.916030200932,456.236275620173,79.6542043349764,32.1118119800872
2015-12-11 13:00:00,30,180.499465615193,433.953232799813,104.137450017554,44.493473792539
2015-12-11 14:00:00,30,168.638877560007,472.110612865553,101.813824742805,47.7769378019872
2015-12-11 15:00:00,30,173.370846178718,505.359894306307,89.6250204824575,36.5795945281319
2015-12-11 16:00:00,30,176.849314746684,432.48894840254,127.478407199333,42.1939006702127
2015-12-11 17:00:00,30,142.52094281763,453.053522677972,89.9688700900187,38.1246678998298
2015-12-11 18:00:00,30,188.330760161768,433.758436664147,107.474352242077,43.3194742030138
2015-12-11 19:00:00,30,174.248571734482,498.980360494381,116.1112855324,32.6050536196122
2015-12-11 20:00:00,30,169.164201438413,370.860577984656,108.465925290298,36.2464416512655
2015-12-11 21:00:00,30,185.283646061891,479.471765609105,120.708380706843,33.3766778917083
2015-12-11 22:00:00,30,171.255456334049,464.028110464016,109.761387715366,41.0428747307265
2015-12-11 23:00:00,30,175.337065500131,544.382154917642,102.21922367574,42.525013548777
2015-12-12 00:00:00,30,153.3757199185,443.187855326303,125.35742738713,43.66407366903
2015-12-12 01:00:00,30,213.93529564577,532.709475210865,108.412930385456,46.5726538352122
2015-12-12 02:00:00,30,148.116948707064,437.22978012142,83.7959354513722,39.5843970886645
2015-12-12 03:00:00,30,139.65055476427,437.898003331331,77.4163215963348,43.4340054723583
2015-12-12 04:00:00,30,176.546116747906,409.524749415076,100.941822152792,43.8652730364115
2015-12-12 05:00:00,30,157.327245895613,421.79545777796,93.4847336814351,36.3968907855412
2015-12-12 06:00:00,30,151.044406281708,425.56773046541,111.148668652711,40.1806587497338
2015-12-12 07:00:00,30,185.207814823745,496.184212639872,104.808063352181,46.5990060328598
2015-12-12 08:00:00,30,162.53507836028,414.363585812058,101.420124637632,44.276003305803
2015-12-12 09:00:00,30,160.350010406448,392.084336499619,106.006432678518,38.0731754251023
2015-12-12 10:00:00,30,154.410616211446,438.998222781691,86.1247315179617,47.5524968192602
2015-12-12 11:00:00,30,170.6933761457,466.772365848269,98.2703654148872,34.4199543629216
2015-12-12 12:00:00,30,145.072833126226,401.155351552777,107.288452523492,39.6189849914192
2015-12-12 13:00:00,30,166.210028455233,392.12878343686,86.8499166035731,36.4660685018391
2015-12-12 14:00:00,30,155.905434196387,547.040218684514,93.4587545703222,37.3048801672309
2015-12-12 15:00:00,30,177.487926773691,333.159759644228,112.563693412176,42.351903579795
2015-12-12 16:00:00,30,161.647489903945,400.589610043255,117.521595521466,42.779799433508
2015-12-12 17:00:00,30,148.971382488759,554.340365947598,95.4184838159535,39.6282639419472
2015-12-12 18:00:00,30,175.577990789599,418.490215845077,107.185398723099,43.287671791225
2015-12-12 19:00:00,30,173.503144793591,540.589622512319,109.734396404959,36.2079839739072
2015-12-12 20:00:00,30,163.914570531698,459.402486821335,88.8497966179964,26.3111431638839
2015-12-12 21:00:00,30,164.173320476408,334.614227553245,114.128674818262,41.82681412411
2015-12-12 22:00:00,30,175.512240740672,412.111707223313,116.777923431871,39.3312345159816
2015-12-12 23:00:00,30,173.433492006672,514.049038590341,88.5444085481631,48.0821907582074
2015-12-13 00:00:00,30,158.44365499042,445.314402669504,104.807316745004,36.1232518014818
2015-12-13 01:00:00,30,146.868393166468,532.971826514076,107.462249327667,42.5678657629116
2015-12-13 02:00:00,30,156.192839979047,435.264486028387,92.2928887883599,37.58453253391
2015-12-13 03:00:00,30,172.782339753687,354.397955692662,98.3653556573833,40.500942882439
2015-12-13 04:00:00,30,169.879767451903,406.973216695843,105.543688734346,42.6606964500921
2015-12-13 05:00:00,30,171.114421458182,451.308821389397,86.0543715382787,43.1553965098687
2015-12-13 06:00:00,30,143.348381308972,463.717584309416,89.9710625047908,43.1948355334474
2015-12-13 07:00:00,30,171.52105261305,443.83106301509,103.010068172114,37.8990974220794
2015-12-13 08:00:00,30,160.926666187385,430.77544188733,85.2294050902077,45.2524620945967
2015-12-13 09:00:00,30,156.598781740973,503.766602609296,100.423471157228,48.5462208011371
2015-12-13 10:00:00,30,173.097130633266,507.636956832484,87.2600141441846,44.3800985800723
2015-12-13 11:00:00,30,183.818071376937,415.144123774457,93.8196891224821,32.1817866737581
2015-12-13 12:00:00,30,183.053157939244,355.19971672786,88.5413007980754,43.9898555356634
2015-12-13 13:00:00,30,198.34303718585,445.763854299558,110.618082369896,43.215414267254
2015-12-13 14:00:00,30,195.576463687244,441.1010537828,124.847019255944,38.8166361790282
2015-12-13 15:00:00,30,164.350533462526,351.021827441244,101.254507554552,35.5587965752573
2015-12-13 16:00:00,30,175.32271322817,409.034984630191,123.582006997234,41.3237326362578
2015-12-13 17:00:00,30,142.991204605661,356.868246825061,83.8872194559111,40.0298734618026
2015-12-13 18:00:00,30,202.700772028096,528.605064787616,88.6876443528235,42.2626676304889
2015-12-13 19:00:00,30,162.205308235589,340.387238490601,109.573054180318,38.8599429106648
2015-12-13 20:00:00,30,162.755313509662,396.284743094769,104.883478763947,38.584786975453
2015-12-13 21:00:00,30,166.989147974856,433.286001905801,104.257200104349,40.1901177572744
2015-12-13 22:00:00,30,152.837079560691,441.586912975327,97.2374810265925,41.9620878990558
2015-12-13 23:00:00,30,152.438230891549,470.340243056044,83.6720515128584,31.3160361313829
2015-12-14 00:00:00,30,180.480725871699,432.593053053425,101.969505516379,45.0564813101611
2015-12-14 01:00:00,30,140.105308740633,409.240985238742,98.2387101590319,45.7471221063756
2015-12-14 02:00:00,30,154.77302296615,365.746777015478,93.2274462212925,36.5191357711683
2015-12-14 03:00:00,30,152.952311140646,425.263410539329,97.3545324672387,45.914538197919
2015-12-14 04:00:00,30,220.444255490208,511.180571297469,89.8010199302187,37.3744475532188
2015-12-14 05:00:00,30,191.732008362895,481.929242104522,91.8659982537739,43.9097664172808
2015-12-14 06:00:00,30,188.919613111052,460.308553801401,117.087936074321,39.1895459198556
2015-12-14 07:00:00,30,194.267922546806,423.878286285085,132.741593235664,37.4149278684659
2015-12-14 08:00:00,30,160.016282085401,338.102382750765,95.2557664183994,41.9567934634695
2015-12-14 09:00:00,30,178.153528136231,405.178596806185,118.088222178725,38.6470902111819
2015-12-14 10:00:00,30,176.960130531551,380.569377597049,122.400668035258,38.2545816210747
2015-12-14 11:00:00,30,186.645339367971,361.206350337856,108.444317071899,39.994170121554
2015-12-14 12:00:00,30,155.999309390185,433.399760327047,99.3103396144974,31.7736718755998
2015-12-14 13:00:00,30,186.483578017703,528.07105238614,106.190833989779,45.5991085099999
2015-12-14 14:00:00,30,179.202393118761,451.499711491299,99.8620089466773,34.9804827637583
2015-12-14 15:00:00,30,143.36963418449,486.587163613942,91.4714393694361,38.6182502372802
2015-12-14 16:00:00,30,167.53314426415,399.201005906814,80.1255034258205,47.1646519135724
2015-12-14 17:00:00,30,161.482468096915,480.17901340429,100.505187333924,39.7437630783234
2015-12-14 18:00:00,30,156.337773214115,486.530449652933,94.6757703325562,38.8536754761207
2015-12-14 19:00:00,30,148.497253684876,433.116837139493,108.243618201783,33.3122443609639
2015-12-14 20:00:00,30,169.127069213285,429.125122045855,98.4407367680034,36.4620908839714
2015-12-14 21:00:00,30,187.289747536952,425.432043099684,87.5931331268383,49.5059933433657
2015-12-14 22:00:00,30,185.274460905186,378.650898897515,84.9500745264342,36.1891330112145
2015-12-14 23:00:00,30,158.119409465649,400.230204876368,94.9834720678541,46.5191541408372
2015-12-15 00:00:00,30,185.854234408898,509.192050715227,94.7802823113939,36.3585801068967
2015-12-15 01:00:00,30,156.311641650706,445.463537395558,88.9811778456608,37.0169466182367
2015-12-15 02:00:00,30,162.253816684925,342.108375159242,94.9625686505359,42.0520050186849
2015-12-15 03:00:00,30,146.381650821936,452.337928427996,92.1351687761038,43.2277229155254
2015-12-15 04:00:00,30,141.383099845274,477.344024492366,109.797005801383,37.046327237717
2015-12-15 05:00:00,30,149.502780906822,442.129566672779,114.136397537337,40.1958190281442
2015-12-15 06:00:00,30,173.042641742617,454.012445312026,90.5746290933369,39.2681742323171
2015-12-15 07:00:00,30,188.56245436523,494.165163120632,86.6927819604519,39.276754575882
2015-12-15 08:00:00,30,152.454884762256,418.796859564153,118.771033359036,43.800709009851
2015-12-15 09:00:00,30,165.504033325896,452.187710577479,98.7878132146388,32.751053120461
2015-12-15 10:00:00,30,189.522984812961,471.50704499796,79.6187083050125,37.6468944426823
2015-12-15 11:00:00,30,167.456344665661,471.288853218395,99.7187927272516,38.4876566122389
2015-12-15 12:00:00,30,153.797595852134,421.235887855439,108.297114695328,36.8519101403322
2015-12-15 13:00:00,30,202.765131392925,384.399724897607,123.8638906072,49.4541008540462
2015-12-15 14:00:00,30,172.606014701239,442.796915480828,88.3696728624166,45.6760761762318
2015-12-15 15:00:00,30,182.159637117137,539.482132172864,111.209292102712,45.1547994546435
2015-12-15 16:00:00,30,157.791078466459,447.019378897128,89.1663334435526,40.1621832786383
2015-12-15 17:00:00,30,185.612292153454,471.028729307094,116.377069400833,31.9994180837508
2015-12-15 18:00:00,30,176.704692692303,532.711363750387,97.8033923846729,33.5295527328965
2015-12-15 19:00:00,30,171.544898764771,481.99177897908,86.211051109349,43.0523298611756
2015-12-15 20:00:00,30,187.637851490779,393.17097186173,115.397713974899,46.1973945523077
2015-12-15 21:00:00,30,186.903908901718,533.240249946976,108.885432892967,40.2386037663598
2015-12-15 22:00:00,30,146.123641186167,511.934069415105,94.1696263656104,40.1039987071138
2015-12-15 23:00:00,30,155.457161642813,490.782863150417,113.814189450428,49.2840016340166
2015-12-16 00:00:00,30,205.926060783938,523.33290421054,96.5530966084178,34.2971736524002
2015-12-16 01:00:00,30,173.963311342054,350.624304784285,113.124648804784,44.7715096722547
2015-12-16 02:00:00,30,191.442960084361,294.269048512212,97.7345712004892,34.3604335016735
2015-12-16 03:00:00,30,177.870226745907,497.676651724324,96.5296165539146,43.0988621029831
2015-12-16 04:00:00,30,163.028643017221,506.310046058669,115.412611805412,38.5611999109887
2015-12-16 05:00:00,30,150.721272467761,433.521161940111,104.193220327827,41.6675302678538
2015-12-16 06:00:00,30,173.420679204599,426.482284394844,94.9491760454244,39.9495920880759
2015-12-16 07:00:00,30,168.568885906422,448.854008089952,118.251010155323,43.1822445750355
2015-12-16 08:00:00,30,165.691519930012,415.241507019889,109.47165616224,29.569041598297
2015-12-16 09:00:00,30,160.193278199417,465.042003810442,88.3233170416528,40.1281672351079
2015-12-16 10:00:00,30,176.845711109967,441.499879836892,102.46427385583,35.2604010531017
2015-12-16 11:00:00,30,192.004408749833,486.991437684105,93.9688661695218,42.8210184318246
2015-12-16 12:00:00,30,135.894635660014,385.434512420481,85.5906821229445,38.2922843705043
2015-12-16 13:00:00,30,169.455352426819,480.138441036631,101.4738039181,35.8858436520654
2015-12-16 14:00:00,30,173.656161785059,397.322537050674,95.0105109431502,36.152062947123
2015-12-16 15:00:00,30,180.445819974313,446.413561078255,107.555710243115,39.8928527183599
2015-12-16 16:00:00,30,162.039414119064,406.611942232175,107.930365099634,46.5362228846098
2015-12-16 17:00:00,30,183.976264113682,412.369803589997,99.1334444022398,40.8878824597339
2015-12-16 18:00:00,30,162.05854521863,526.878392377681,84.8123452448052,45.0755966822538
2015-12-16 19:00:00,30,174.321826697913,439.130937002336,112.541587875724,44.1900895595249
2015-12-16 20:00:00,30,152.849650091879,501.353379692611,117.116321763959,45.829293725722
2015-12-16 21:00:00,30,174.520032365697,443.440549261429,103.589837505016,35.8970568583777
2015-12-16 22:00:00,30,149.05646810796,520.938081052339,99.3903664900765,46.674946761978
2015-12-16 23:00:00,30,187.959326311471,508.075399280014,109.605261705118,49.8844349549186
2015-12-17 00:00:00,30,185.25855468384,415.982885796253,91.9347394152823,38.8517953929887
2015-12-17 01:00:00,30,170.996446543501,502.34791924682,105.270866315233,36.3499549350286
2015-12-17 02:00:00,30,152.543875180855,398.399958349619,104.577994668622,46.5467953822911
2015-12-17 03:00:00,30,170.005034817417,537.52372977399,106.581111393488,46.9509561554872
2015-12-17 04:00:00,30,181.445817749425,425.998991606764,105.210004235929,34.6769435617072
2015-12-17 05:00:00,30,170.793456516645,465.557621684141,93.4460423434497,38.9547344589713
2015-12-17 06:00:00,30,167.642347842716,435.767944793582,89.3953923609108,36.539144049852
2015-12-17 07:00:00,30,148.479888301264,482.086339209636,94.242849543039,50.2055703466003
2015-12-17 08:00:00,30,195.024432715667,425.931449089375,101.042985868022,48.8880266642343
2015-12-17 09:00:00,30,131.345597786295,445.47409308905,106.109786399231,36.465093205524
2015-12-17 10:00:00,30,191.358673824146,385.319845688335,82.8056488039472,45.0399433111768
2015-12-17 11:00:00,30,185.901168561946,406.90900404339,91.3736681543104,38.9516426733368
2015-12-17 12:00:00,30,167.635124362316,501.328356620843,86.6858990759401,40.7534717581719
2015-12-17 13:00:00,30,167.780019536979,365.713207181282,120.252743791538,41.0166628338947
2015-12-17 14:00:00,30,194.695269325007,404.36065783707,108.58301015408,42.8368446524732
2015-12-17 15:00:00,30,152.986686488938,399.213299538826,99.0378796259208,45.7197720530688
2015-12-17 16:00:00,30,170.003360247939,322.775303281159,89.8070170727296,38.400149539518
2015-12-17 17:00:00,30,169.231381690542,432.2906510843,98.2484056296473,40.5325219981609
2015-12-17 18:00:00,30,183.038198549425,393.511145277775,119.57936085911,38.6799927156846
2015-12-17 19:00:00,30,180.405473267839,405.996793357665,118.989792833304,39.4179646929822
2015-12-17 20:00:00,30,184.83931043303,492.452741948504,77.3634987767822,38.0835860933442
2015-12-17 21:00:00,30,163.158540340102,440.471876031244,90.4767106565106,38.9998788194526
2015-12-17 22:00:00,30,173.609613190059,356.230304146946,91.0689139002382,38.0935926819673
2015-12-17 23:00:00,30,195.107184620063,400.317068027408,113.023267730694,45.246872271469
2015-12-18 00:00:00,30,160.566885857044,487.900579378367,107.415250099189,49.5728144751523
2015-12-18 01:00:00,30,169.638451323788,465.444649088189,84.1995654009166,37.5069433482862
2015-12-18 02:00:00,30,178.024641027818,458.469082763095,94.4469407849896,44.1982452298516
2015-12-18 03:00:00,30,164.546107654899,375.727006075092,94.9317488980507,42.6305140499228
2015-12-18 04:00:00,30,153.018212466919,404.180302929072,88.2577535374037,41.2369959091959
2015-12-18 05:00:00,30,170.104749538474,425.324498095981,107.19596836134,47.601679736247
2015-12-18 06:00:00,30,179.339014680105,517.626111661408,99.6984939822593,33.700220598007
2015-12-18 07:00:00,30,193.204675023785,498.209147204237,93.508708791516,34.479454713381
2015-12-18 08:00:00,30,139.830177059272,392.287728871595,108.783916492936,38.9442428844575
2015-12-18 09:00:00,30,178.191324777697,498.89217940449,102.97321124614,40.5293429537076
2015-12-18 10:00:00,30,172.569790815285,440.385599363243,93.4429604925252,45.8854914621005
2015-12-18 11:00:00,30,167.196963801482,477.959492305805,107.649737192401,43.0532162139136
2015-12-18 12:00:00,30,183.932657340351,529.685913617431,109.08581437209,40.9579444231701
2015-12-18 13:00:00,30,174.692673834982,404.071280947622,108.877089413908,43.5553337513915
2015-12-18 14:00:00,30,172.319223547495,495.779286863358,89.4738359716907,37.3039970657181
2015-12-18 15:00:00,30,166.289811533197,398.195577230443,86.1291062475999,44.4589763542753
2015-12-18 16:00:00,30,148.428526629736,433.779783465051,77.5370295532549,35.2155409999448
2015-12-18 17:00:00,30,183.295556248812,575.971743339246,98.4023659924407,29.476673317684
2015-12-18 18:00:00,30,188.326927287526,433.456601117867,91.4188605112986,35.6028061485205
2015-12-18 19:00:00,30,163.574484307444,457.405295017474,110.253920620944,35.9970768458619
2015-12-18 20:00:00,30,201.369391781857,350.693239199216,105.042177098631,40.2545137053262
2015-12-18 21:00:00,30,166.92611009411,487.071220153703,85.1295806963026,45.4659449715808
2015-12-18 22:00:00,30,177.99299167222,521.564810162374,102.627917219416,35.2419159706883
2015-12-18 23:00:00,30,165.639296400135,391.928601521918,112.03951984583,42.0914367785593
2015-12-19 00:00:00,30,157.504169243052,468.995682658662,113.280742636352,33.7912335239199
2015-12-19 01:00:00,30,164.559769491206,548.536319484464,123.443276095223,29.8341715504864
2015-12-19 02:00:00,30,194.124372558956,433.189426948586,92.8451714332525,30.8431911267122
2015-12-19 03:00:00,30,167.191336428543,489.820237709507,91.529708523013,44.3328543835592
2015-12-19 04:00:00,30,199.713826419118,481.241252489978,94.8077287619073,37.1555518978059
2015-12-19 05:00:00,30,166.734659084067,382.118935427183,111.114714310311,36.5853275544791
2015-12-19 06:00:00,30,168.611533007051,438.263455578243,112.808091730869,41.6186430887941
2015-12-19 07:00:00,30,150.712883335623,485.654068680811,111.969452901253,36.6126793475389
2015-12-19 08:00:00,30,160.174438556271,415.878716203843,109.948594316174,37.6746726948128
2015-12-19 09:00:00,30,181.353706198739,447.217872214825,90.5936477069427,26.8862454743705
2015-12-19 10:00:00,30,172.238322116714,416.008605325711,81.8072310928013,33.4238001916096
2015-12-19 11:00:00,30,167.063068707634,410.647077745494,102.258613321684,41.3753196104654
2015-12-19 12:00:00,30,164.317599591029,426.666638894803,107.211814829599,38.3287388286715
2015-12-19 13:00:00,30,155.434066021335,517.190897254963,102.108128842073,38.5073877911027
2015-12-19 14:00:00,30,162.042689427283,425.997446163254,102.514153734645,40.52408140965
2015-12-19 15:00:00,30,162.135830653314,458.646929844668,90.2107259546105,46.9053687151298
2015-12-19 16:00:00,30,210.697470690396,436.236852950069,104.771242144684,39.8430673992621
2015-12-19 17:00:00,30,150.9722009051,434.50671964038,131.836033465692,46.2516711634884
2015-12-19 18:00:00,30,188.717961308222,480.33246159916,120.829379912238,44.9539948082497
2015-12-19 19:00:00,30,155.295399899436,435.06226405345,89.8952631165852,46.323051815991
2015-12-19 20:00:00,30,175.05667928958,419.49802217826,114.121317993379,40.5832929410045
2015-12-19 21:00:00,30,166.415091430025,485.828020188409,99.961754260784,43.061143865635
2015-12-19 22:00:00,30,182.629602965649,458.610161724455,91.5196824072887,31.8683038144003
2015-12-19 23:00:00,30,162.535488886909,438.533491098524,116.817758325125,34.2792942236965
2015-12-20 00:00:00,30,145.43004424614,441.093223644192,120.499034986927,36.6176341695169
2015-12-20 01:00:00,30,212.327726769535,415.778159645787,94.7924343724029,42.192180060947
2015-12-20 02:00:00,30,179.956371466698,562.990138326067,96.2961412191342,39.9179174490338
2015-12-20 03:00:00,30,161.571169176522,416.530900418753,114.099607181877,45.4374702373925
2015-12-20 04:00:00,30,143.244712093205,474.878050214238,115.803507937329,34.7577083399168
2015-12-20 05:00:00,30,144.045894647997,480.24201323827,95.9436029544798,36.1094365167583
2015-12-20 06:00:00,30,163.380144706022,336.113907126842,111.223701761291,41.5350579033735
2015-12-20 06:00:00,30,163.380144706022,336.113907126842,111.223701761291,41.5350579033735
2015-12-20 07:00:00,30,184.393756921346,506.689716362647,111.903064794918,45.3360938042649
2015-12-20 08:00:00,30,168.730414735395,393.755050774972,112.177102745318,46.2797975222144
2015-12-20 09:00:00,30,160.679921277476,447.885639310012,107.941959288467,55.2716821922195
2015-12-20 10:00:00,30,177.431583449057,459.444054861796,81.9291231689109,33.8243318663988
2015-12-20 11:00:00,30,171.735118021068,437.386382109971,86.57523820183,47.9182516289227
2015-12-20 12:00:00,30,165.356842260632,265.028413829421,87.0189306066585,39.9747484489811
2015-12-20 13:00:00,30,156.837702275418,505.671711774276,89.2534262263922,44.1467895905498
2015-12-20 14:00:00,30,160.854999530198,411.08332981164,103.569470491263,45.3527346017428
2015-12-20 15:00:00,30,141.772988821545,414.599019405134,106.125678958763,37.7412762125735
2015-12-20 16:00:00,30,190.46627437484,436.792705471707,89.661982325665,32.30632436481
2015-12-20 17:00:00,30,160.654440273328,517.43487358604,103.524932062254,38.4785679010067
2015-12-20 18:00:00,30,137.044464359175,384.050941277951,107.971445467944,46.0891397607026
2015-12-20 19:00:00,30,151.870743235602,443.406839610852,86.5802398943677,38.6524363008138
2015-12-20 20:00:00,30,164.808209968652,395.583523142483,108.961969347468,37.4942119621962
2015-12-20 21:00:00,30,170.693089852063,490.656447396157,103.995207448697,32.1690839332432
2015-12-20 22:00:00,30,164.439271702334,547.865753306172,116.3226177104,40.7353564795537
2015-12-20 23:00:00,30,192.662494712158,506.153606653441,90.8191723097434,38.0692636515879
2015-12-21 00:00:00,30,171.865006009788,429.059973968998,109.469075457974,32.551995455432
2015-12-21 01:00:00,30,174.925630436334,446.801435661106,86.4699566263394,41.5718392835718
2015-12-21 02:00:00,30,167.556798272844,546.350629990663,109.318075475933,40.9739141738363
2015-12-21 03:00:00,30,136.930301034666,547.261001626886,81.1447971265434,26.787742336294
2015-12-21 04:00:00,30,164.968699157939,471.653415797501,87.6751272616182,38.2478201998602
2015-12-21 05:00:00,30,165.910032528955,392.297177419892,105.931821778454,42.4032754813275
2015-12-21 06:00:00,30,180.629793523176,511.237186198359,100.433202813978,49.3373926581658
2015-12-21 07:00:00,30,171.260214554876,463.060582971736,93.4294892300868,39.2713078659981
2015-12-21 08:00:00,30,171.860632212868,428.286936803697,101.763763038889,36.5005508734672
2015-12-21 09:00:00,30,183.44492674586,431.647424878385,111.543704811873,40.4113454628878
2015-12-21 10:00:00,30,179.49571067168,423.55477829215,102.885342635151,44.5188525069854
2015-12-21 11:00:00,30,191.369260371537,401.870535948214,96.013730091701,40.1139194420802
2015-12-21 12:00:00,30,181.652357425887,405.272453615372,108.588123902801,43.1241464471658
2015-12-21 13:00:00,30,161.51777102761,560.959110115363,107.507439675015,39.2462786615925
2015-12-21 14:00:00,30,152.512021622346,396.618860503329,119.091414600465,44.6213440174273
2015-12-21 15:00:00,30,159.001957152443,497.904566406368,103.728523545731,40.0731797276438
2015-12-21 16:00:00,30,168.981866463009,404.454977104885,81.2119338958507,37.5783729216371
2015-12-21 17:00:00,30,192.64097967133,447.407160539744,122.46608364939,36.2148358213132
2015-12-21 18:00:00,30,207.665213853543,482.23719639347,109.880643549851,56.8034846763936
2015-12-21 19:00:00,30,177.271472579531,501.533422605151,102.950718531382,42.2224085995335
2015-12-21 20:00:00,30,183.499521424979,428.996626041157,103.709300708787,38.0877313077609
2015-12-21 21:00:00,30,171.492576848456,442.988314210091,104.736030053813,43.8167478486999
2015-12-21 22:00:00,30,156.681579910326,542.13440976331,103.188128932402,36.5026860841512
2015-12-21 23:00:00,30,194.566761162802,408.986316222087,87.2233292192926,38.0422109009432
2015-12-22 00:00:00,30,157.678574696029,475.609266362171,99.6085778495315,46.5376194803985
2015-12-22 01:00:00,30,159.39992527792,410.456903304449,95.8337860015931,40.5101435059517
2015-12-22 02:00:00,30,176.865236582905,400.347553821147,92.5591859129528,44.0893434985919
2015-12-22 03:00:00,30,174.963931490648,431.817026785389,109.07565029987,41.5913680386251
2015-12-22 04:00:00,30,154.96905020592,448.047384915823,103.926917658185,38.368811657246
2015-12-22 05:00:00,30,185.76656191384,364.930595881197,112.248069995029,45.0323594753061
2015-12-22 06:00:00,30,157.36997207365,487.5500181016,95.6155476564955,39.9908544067733
2015-12-22 07:00:00,30,179.330073904362,458.192711479943,106.668948587166,46.8927243790211
2015-12-22 08:00:00,30,171.717112386592,453.7522668134,107.929109651549,46.8775493432602
2015-12-22 09:00:00,30,176.620672932106,378.165213692403,126.573027364341,38.9472798679293
2015-12-22 10:00:00,30,151.808027511675,474.86535675664,119.966770529473,34.4630073372394
2015-12-22 11:00:00,30,181.172438808855,467.995177874345,133.637300805969,36.0779266458858
2015-12-22 12:00:00,30,156.517879819184,436.900545541699,116.803085874783,34.5958662155298
2015-12-22 13:00:00,30,201.148470016195,416.01320768501,125.287513459991,39.377283080059
2015-12-22 14:00:00,30,166.237275112588,502.61207846375,117.807816556153,37.9316820053665
2015-12-22 15:00:00,30,157.819233704445,446.574388508135,125.630640765854,40.0192418172758
2015-12-22 16:00:00,30,180.215225171583,509.813031056731,103.613598063259,33.6520000550872
2015-12-22 17:00:00,30,153.772086428618,473.194259953075,128.317722411022,43.5047499885416
2015-12-22 18:00:00,30,160.728769147784,502.723091276991,129.115822357011,46.6743457296623
2015-12-22 19:00:00,30,157.016626036479,444.927909959374,117.300862671444,41.7870623885766
2015-12-22 20:00:00,30,155.346766283481,437.99395838138,130.975504202118,47.9495443640974
2015-12-22 21:00:00,30,148.150339788052,465.860826582305,128.174193301073,42.9617108755836
2015-12-22 22:00:00,30,201.048839771102,428.201303146927,141.419752261978,42.4097057383362
2015-12-22 23:00:00,30,175.055145309956,376.130120649278,129.359016681129,42.6835420624842
2015-12-23 00:00:00,30,132.167915227836,491.722408661531,135.827190147259,38.1174851807762
2015-12-23 01:00:00,30,198.523453389757,484.518665026601,127.797567936128,39.9177352053742
2015-12-23 02:00:00,30,163.56427568303,447.527653533805,127.555769325186,41.5041224926483
2015-12-23 03:00:00,30,168.563439569813,391.507763037613,129.105985327061,33.0056014360348
2015-12-23 04:00:00,30,145.380059043946,436.51993563644,125.409192393898,42.4918470880881
2015-12-23 05:00:00,30,181.250760719004,492.628039487013,130.631417276817,40.7937822446927
2015-12-23 06:00:00,30,185.487835112531,432.955222360127,118.201537384726,43.8289242793074
2015-12-23 07:00:00,30,175.962385532396,437.635710143183,122.019312143666,36.3418367708485
2015-12-23 08:00:00,30,181.009001339251,400.564797659959,116.606130713637,42.3889269752752
2015-12-23 09:00:00,30,171.021010984624,472.406047641505,123.244067101933,40.4559749491886
2015-12-23 10:00:00,30,170.6192136039,531.580238180476,111.434884117376,46.1470224241465
2015-12-23 11:00:00,30,151.203133848151,374.851204750934,119.925681353321,32.7945429366668
2015-12-23 12:00:00,30,164.564086565148,367.032295867155,132.86895724369,33.6094644665078
2015-12-23 13:00:00,30,169.127884753836,427.638707952086,132.850002186666,37.5358454473953
2015-12-23 14:00:00,30,178.758898887096,462.560494579932,117.114031999632,42.3703975417622
2015-12-23 15:00:00,30,159.485287837451,556.327591270634,143.382026650103,54.8335632142251
2015-12-23 16:00:00,30,165.407499600568,477.931698179481,121.433885102494,46.8926022660858
2015-12-23 17:00:00,30,178.588949240805,406.115225250002,150.650107448246,38.2913584347621
2015-12-23 18:00:00,30,166.608550246831,397.156088357497,122.780011292047,34.3922700641914
2015-12-23 19:00:00,30,155.935791971167,349.009593431309,120.343748576351,37.5257471004243
2015-12-23 20:00:00,30,148.146227130796,473.023831601083,106.120373840819,38.0690482208117
2015-12-23 21:00:00,30,165.092514450155,403.517741999295,116.381849328539,36.2122887912532
2015-12-23 22:00:00,30,185.518584060006,382.459303726099,114.18213122144,38.1314754223435
2015-12-23 23:00:00,30,185.959597701087,435.156255808981,128.3558224646,45.5499467337009
2015-12-24 00:00:00,30,172.763769608751,455.771161266402,139.645890696898,44.7252887104325
2015-12-24 01:00:00,30,145.451930196492,363.70081765316,121.913863467152,41.3864697176589
2015-12-24 02:00:00,30,173.336968414443,461.143541128211,105.982288857567,35.4757217617477
2015-12-24 03:00:00,30,163.288899242508,480.101370778103,117.712185322383,31.1774354864268
2015-12-24 04:00:00,30,158.617636911691,374.093136703047,139.05875021834,46.4964244900307
2015-12-24 05:00:00,30,143.323616718615,475.659128867075,130.414259103479,46.4601132790545
2015-12-24 06:00:00,30,163.15061930191,518.543164968731,141.912600014381,46.0877971721632
2015-12-24 07:00:00,30,164.791639574569,466.762218155474,128.55335504953,34.3687510890624
2015-12-24 08:00:00,30,157.456243800915,494.238219904567,132.829123009615,42.8422754309659
2015-12-24 09:00:00,30,166.307337370993,536.445061719953,124.600861684681,42.9907060316036
2015-12-24 10:00:00,30,178.077422144951,325.233044123341,100.602001767616,52.9261898638437
2015-12-24 11:00:00,30,154.252518213081,469.336702572514,103.055754984507,40.5728249977524
2015-12-24 12:00:00,30,204.499004241803,527.918704811949,109.551786353993,37.9372268067795
2015-12-24 13:00:00,30,170.785719675076,498.264855659511,83.0127954704292,42.3757150456706
2015-12-24 14:00:00,30,169.541593045694,431.301061383923,92.9149444947371,41.9224404736366
2015-12-24 15:00:00,30,138.655667498151,410.848090501563,89.4676994886857,37.1870537443965
2015-12-24 16:00:00,30,167.577798171506,470.157267157803,97.2153437514918,43.4120804290265
2015-12-24 17:00:00,30,171.238614778366,540.695403725191,110.112731277801,36.009003266814
2015-12-24 18:00:00,30,172.854993854079,426.280044097892,103.829934098424,48.28094076478
2015-12-24 19:00:00,30,174.576513556152,503.64958889271,77.0042266953817,40.6344676754705
2015-12-24 20:00:00,30,154.372691935192,507.603929496649,92.5827999612748,34.5365396304838
2015-12-24 21:00:00,30,167.112460278865,516.861784169686,115.364540893742,43.2321387659686
2015-12-24 22:00:00,30,166.615646435048,459.212976088621,103.257719740024,40.7291968883388
2015-12-24 23:00:00,30,178.152810923263,439.526054211997,101.586955995956,45.1258757429249
2015-12-25 00:00:00,30,186.523419233736,435.014317336657,86.5669327869045,43.1830238498983
2015-12-25 01:00:00,30,159.431575201513,392.999833291439,101.281391092544,43.6592033986878
2015-12-25 02:00:00,30,179.618299212523,496.242983941636,91.4831011338651,40.0470226889325
2015-12-25 03:00:00,30,155.984140241635,567.591398569253,109.862648000357,34.4108694715738
2015-12-25 04:00:00,30,173.2752555885,356.811521387593,90.1442231155533,35.9511518257153
2015-12-25 05:00:00,30,165.29454033265,474.578972814545,114.054520714946,36.4808696298656
2015-12-25 06:00:00,30,189.675722175934,379.161091023339,95.8496215266511,52.8638494736249
2015-12-25 07:00:00,30,149.868031557539,485.552097788686,115.466106989291,34.9956990481456
2015-12-25 08:00:00,30,174.420308984913,460.604160748914,98.2037959274868,33.0500892709327
2015-12-25 09:00:00,30,162.293697441973,471.549392306436,87.820682679628,39.4323044683598
2015-12-25 10:00:00,30,144.140634386895,444.160237692484,102.298546814368,35.4403165201524
2015-12-25 11:00:00,30,144.738598717758,522.787103474543,86.7439504839993,36.797256931765
2015-12-25 12:00:00,30,199.577230723571,439.417403477929,113.371752562802,41.5897827166437
2015-12-25 13:00:00,30,171.515099378829,459.423826257451,77.6265077860402,38.7380850541847
2015-12-25 14:00:00,30,139.574807417299,460.596777372798,99.2962834911818,48.7915391678506
2015-12-25 15:00:00,30,167.912336848647,436.936719019473,110.049316067899,46.6968938031653
2015-12-25 16:00:00,30,185.414674662566,444.788254311256,98.2494992908157,37.6013507014864
2015-12-25 17:00:00,30,193.543120832911,422.081506558852,108.148666502049,39.9872141562937
2015-12-25 18:00:00,30,171.152141452866,437.781970436187,104.978310833174,41.7249919433945
2015-12-25 19:00:00,30,173.810891326439,494.682793207768,101.336302891438,33.5962712621065
2015-12-25 20:00:00,30,182.135737284855,451.133400379485,92.3614686120031,41.0945781401626
2015-12-25 21:00:00,30,171.288053825549,455.328303339978,116.779607248065,43.5547128731735
2015-12-25 22:00:00,30,161.577080143789,530.066096165543,82.7683396242859,27.5732769994336
2015-12-25 23:00:00,30,155.503419028547,380.962924470042,90.7222252502912,34.6673552745787
2015-12-26 00:00:00,30,189.817988173152,492.468267934547,105.232783275523,44.724947623593
2015-12-26 01:00:00,30,125.490528161497,494.45364482326,95.8723533730255,46.9378817108016
2015-12-26 02:00:00,30,184.37693972712,454.904802207342,104.610499472989,38.7636330229142
2015-12-26 03:00:00,30,186.833137997619,457.945306288066,85.8215941144401,45.1039721259411
2015-12-26 04:00:00,30,198.375991052946,460.017401904045,110.145217238964,40.7329166970819
2015-12-26 05:00:00,30,193.005673316112,427.184565233835,89.6279113675247,39.4590095500506
2015-12-26 06:00:00,30,177.319409536783,487.140187804219,98.2169782812497,39.1349979973927
2015-12-26 07:00:00,30,149.154892939693,427.117800707071,104.49698194385,31.5371554975157
2015-12-26 08:00:00,30,169.20069044761,425.560501521782,104.193785371795,45.0648332714841
2015-12-26 09:00:00,30,187.667023201285,415.172825494775,86.851900777029,43.5081861259561
2015-12-26 10:00:00,30,173.866665938376,383.222519015614,104.268478222379,39.0441383688442
2015-12-26 11:00:00,30,154.894602855384,506.260934808779,119.519868196938,45.437236173392
2015-12-26 12:00:00,30,161.440884920494,374.634570951364,103.65137570401,35.4004510123262
2015-12-26 13:00:00,30,161.934503129244,435.456423013644,103.429358472213,38.4959749445805
2015-12-26 14:00:00,30,194.125514479092,460.675774838093,94.3733981539441,44.2124820445624
2015-12-26 15:00:00,30,169.525752986844,423.838303004685,108.654605151756,39.9385942024786
2015-12-26 16:00:00,30,165.126527881071,460.143243236355,107.493620596856,39.56095761806
2015-12-26 17:00:00,30,165.943727844212,407.328622829857,89.2008393920998,41.8609313904367
2015-12-26 18:00:00,30,176.570027794949,497.415964971104,97.8492436745153,37.9369750162386
2015-12-26 19:00:00,30,170.20489099324,457.892559024203,96.0348950231862,42.7257504951046
2015-12-26 20:00:00,30,156.114304323563,460.84791131478,98.1720618167755,41.5904786060925
2015-12-26 21:00:00,30,204.126756200635,437.334681907923,95.7513474472958,33.8977089146807
2015-12-26 22:00:00,30,140.954667107671,475.175055561056,90.4990863556079,37.8233564857148
2015-12-26 23:00:00,30,167.266858348535,437.146088175618,106.426996380561,28.0965388444011
2015-12-27 00:00:00,30,151.821868059766,358.879288419509,111.014986379513,37.9000136457283
2015-12-27 01:00:00,30,192.422054975149,495.985260918304,84.6358034055369,29.3210806028556
2015-12-27 02:00:00,30,180.572166602367,550.105635816416,86.4111152793459,37.8887709007297
2015-12-27 03:00:00,30,169.081777465984,431.637839286864,93.6815465976619,38.141664636369
2015-12-27 04:00:00,30,159.451911524959,472.794862458525,104.717347760336,40.2911440178078
2015-12-27 05:00:00,30,154.681755792112,459.76661239582,96.9644527928354,37.3440391149822
2015-12-27 06:00:00,30,180.856950270914,519.492982741414,94.0168030358642,43.7135688759098
2015-12-27 07:00:00,30,167.038802468126,479.050984521527,119.1890694424,42.1029007799032
2015-12-27 08:00:00,30,152.626460491645,537.537615193477,103.827716287014,41.0731347876841
2015-12-27 09:00:00,30,168.054808997356,431.050224483486,100.742296900431,48.9427571337983
2015-12-27 10:00:00,30,171.073617921687,436.179242667863,121.876071174654,36.5950230813839
2015-12-27 11:00:00,30,169.46516079268,434.653626015974,112.787592336674,45.7530933544017
2015-12-27 12:00:00,30,166.084277462181,452.982379558655,99.2600109310769,38.4810176129801
2015-12-27 13:00:00,30,169.000582426378,482.058955306718,87.5723697632783,37.7051185454052
2015-12-27 14:00:00,30,177.625011478086,379.974529718955,107.277784552059,41.1954746943055
2015-12-27 15:00:00,30,166.504637052096,415.002591376917,98.4295408030583,42.3013165497688
2015-12-27 16:00:00,30,195.779475954404,468.884661827386,111.052161371719,45.9378086351367
2015-12-27 17:00:00,30,206.218336892832,506.758444928694,85.5815175474465,38.8767957357916
2015-12-27 18:00:00,30,199.997958272612,403.398504237954,93.284342171595,39.3764040096638
2015-12-27 19:00:00,30,152.73749942129,457.429094970649,85.2379804463513,46.6829885288344
2015-12-27 20:00:00,30,185.982786929246,446.940898859232,114.492214154816,34.1405890664272
2015-12-27 21:00:00,30,168.957240929646,470.355091916735,87.8677354571865,40.3006798668782
2015-12-27 22:00:00,30,188.139617862705,449.298667877453,95.4382779690979,42.1089831423839
2015-12-27 23:00:00,30,165.188517403376,425.306865473637,76.1960981206989,33.6218102187392
2015-12-28 00:00:00,30,143.195169953354,457.51982754996,98.7500420703446,35.5975249470009
2015-12-28 01:00:00,30,185.377177012352,466.269034013983,117.586309040225,46.903868136651
2015-12-28 02:00:00,30,172.154253940245,557.505854438713,100.597793018729,38.3278874136818
2015-12-28 03:00:00,30,151.643982038678,473.414099373002,116.966066288354,37.2898587836466
2015-12-28 04:00:00,30,142.759606619875,434.701052928743,104.920621540714,44.3253338180937
2015-12-28 05:00:00,30,176.322220831528,408.833234776649,89.2386285940659,42.4654120436622
2015-12-28 06:00:00,30,185.206865916127,436.767347411113,108.067472813475,36.8160941401957
2015-12-28 07:00:00,30,178.418008689825,478.777100810001,86.0117397265809,36.6490220113913
2015-12-28 08:00:00,30,154.195725834893,489.948349979312,121.200222885001,29.4167179661349
2015-12-28 09:00:00,30,170.637412535488,370.79518438652,101.112567724549,46.8972261363624
2015-12-28 10:00:00,30,173.661026168416,474.056028814699,107.334842991679,34.0185433625325
2015-12-28 11:00:00,30,187.693067446703,332.476789239079,107.07370033248,37.8500947038486
2015-12-28 12:00:00,30,154.612962781337,492.458829891913,107.213350984842,40.4145360730786
2015-12-28 13:00:00,30,206.124440615186,424.945977600954,92.7186836258751,33.5505951652931
2015-12-28 14:00:00,30,158.370239804435,407.057892544316,94.8731708597936,37.9289284425474
2015-12-28 15:00:00,30,179.483196895508,402.907532380751,109.377272079882,29.614913377328
2015-12-28 16:00:00,30,186.378987932558,498.236449127388,96.7010306111038,34.8133928860544
2015-12-28 17:00:00,30,187.529601637217,387.597878119515,98.6562930708217,38.0876814600704
2015-12-28 18:00:00,30,182.583763734416,534.775975283485,99.6488603730852,51.7886573089946
2015-12-28 19:00:00,30,183.249240109019,418.17930566302,91.1265801787263,36.9718948453794
2015-12-28 20:00:00,30,161.400070446832,377.834776250937,95.5053937966596,37.6577263517499
2015-12-28 21:00:00,30,160.215675759299,406.457007445767,77.1994058247818,40.8124364556663
2015-12-28 22:00:00,30,169.002651868806,448.740178934509,89.221680905828,50.5988125455518
2015-12-28 23:00:00,30,145.177892355731,462.524388395713,70.6904341454177,39.5402993693533
2015-12-29 00:00:00,30,182.09616907395,427.56078129301,102.47772307159,38.8546287385757
2015-12-29 01:00:00,30,173.56234203622,460.298681951413,86.2862371944611,37.9076948065478
2015-12-29 02:00:00,30,200.382498268059,377.454338362436,105.139773545897,32.9803838606018
2015-12-29 03:00:00,30,161.149141307342,450.722403175408,107.164758070176,39.9402260371857
2015-12-29 04:00:00,30,172.70099952342,352.570436827299,112.125247388442,34.5976704567583
2015-12-29 05:00:00,30,196.584486267017,405.978731319229,90.2992129025282,39.4703724105544
2015-12-29 06:00:00,30,178.463596649363,440.67362796282,97.0586426381512,39.3484335006681
2015-12-29 07:00:00,30,176.006253442882,491.50261072162,103.133531524389,37.3350177884138
2015-12-29 08:00:00,30,155.869688103101,500.559060118538,105.002822849304,40.2758800431225
2015-12-29 09:00:00,30,187.626033897596,529.6082901752,104.922644610748,34.7378104947708
2015-12-29 10:00:00,30,173.536272954346,445.828169973619,93.4970420935731,36.8952148542857
2015-12-29 11:00:00,30,160.344337299178,361.659454967021,94.6506039565983,44.5868053359949
2015-12-29 12:00:00,30,154.272070603511,511.698934991303,92.4142723716263,39.2508234712173
2015-12-29 13:00:00,30,168.867705410855,386.720328516598,108.467404447832,47.0024371189963
2015-12-29 14:00:00,30,170.455455823185,401.124611535716,104.939556410133,39.9340810755382
2015-12-29 15:00:00,30,167.771738935149,444.647206428596,97.9494312097799,45.5228736630207
2015-12-29 16:00:00,30,178.049509244676,419.025010428945,85.0212166216663,39.161361215757
2015-12-29 17:00:00,30,169.710051987405,456.267773947712,97.8063109365891,38.2939919806818
2015-12-29 18:00:00,30,183.619571477427,557.290639305479,100.717590445296,43.793097247959
2015-12-29 19:00:00,30,151.739920050501,440.731105393077,102.293326038088,37.4601022981758
2015-12-29 20:00:00,30,171.562258708396,352.988272264252,121.792735738669,27.1951417952536
2015-12-29 21:00:00,30,181.715608634743,506.035758807944,120.882370077724,38.814251307694
2015-12-29 22:00:00,30,188.006807570015,388.167640056904,101.134971283108,47.3538084371647
2015-12-29 23:00:00,30,196.363284294298,459.670079571143,113.601962027463,46.3535666571904
2015-12-30 00:00:00,30,179.468171394768,535.470921609717,96.653951188745,40.2869875195305
2015-12-30 01:00:00,30,173.59593341064,453.770333794587,102.487649022066,52.0523180507273
2015-12-30 02:00:00,30,145.480765860609,452.415016236648,98.7667740382964,32.8250603070664
2015-12-30 03:00:00,30,177.243150030123,476.206647032319,97.7964051022411,46.7309564924233
2015-12-30 04:00:00,30,149.77217410246,528.760854598623,98.4880962522106,41.1301269901092
2015-12-30 05:00:00,30,198.796105848654,519.030517930017,104.389203581115,38.0763840544672
2015-12-30 06:00:00,30,150.260468824009,507.474309518213,115.182244400509,41.6039619217098
2015-12-30 07:00:00,30,184.498618080571,440.852036800947,92.8565954787345,38.1019395501051
2015-12-30 08:00:00,30,161.629758678342,420.944258717268,99.4608228443883,44.5961965011257
2015-12-30 09:00:00,30,166.53851077547,420.772840243262,121.415084104276,40.8033857240771
2015-12-30 10:00:00,30,176.225449253621,422.951646488848,85.1919551191799,40.9327669214027
2015-12-30 11:00:00,30,174.805967267192,397.762046333285,94.0180843640544,38.4079956478391
2015-12-30 12:00:00,30,175.491131902152,460.725243272084,110.976779349983,36.7476186511403
2015-12-30 13:00:00,30,166.493263416918,529.379478664254,113.837396578664,42.4724889505859
2015-12-30 14:00:00,30,160.915165440009,441.931393506078,99.5441808117045,34.0472945349411
2015-12-30 15:00:00,30,157.004569976763,455.20690624727,112.054081196599,40.1465737882662
2015-12-30 16:00:00,30,189.346888890879,479.859862584436,85.6794986059617,39.8839583236083
2015-12-30 17:00:00,30,174.447975193948,493.478573084697,99.7149743236989,39.9290275390321
2015-12-30 18:00:00,30,146.250292093764,497.308574607566,93.7567972566143,44.551272765082
2015-12-30 19:00:00,30,151.071459627612,437.200304287492,92.6802138962097,44.5725980083396
2015-12-30 20:00:00,30,166.140504546271,514.463374026952,94.7734828664423,41.3160933913024
2015-12-30 21:00:00,30,162.913009132603,375.628611649631,100.930549943067,48.7315234365391
2015-12-30 22:00:00,30,169.528839387783,447.668481024784,82.7566263133568,38.619820882727
2015-12-30 23:00:00,30,182.772501912799,435.178378042666,116.565254859838,43.0518968104203
2015-12-31 00:00:00,30,189.332390381803,451.885211217267,110.128189392723,40.3133451529127
2015-12-31 01:00:00,30,188.304080697994,496.287853755391,97.6886142014889,45.3974846735826
2015-12-31 02:00:00,30,190.074285001454,466.935946140095,82.4745951278047,26.3196913562719
2015-12-31 03:00:00,30,180.74523448082,516.356621117196,100.73408444816,40.1472197520292
2015-12-31 04:00:00,30,189.259488652702,490.712897327669,101.711792912017,45.5823583651216
2015-12-31 05:00:00,30,170.864383990019,433.660957848463,91.9740341209692,31.2282097527563
2015-12-31 06:00:00,30,170.421933885794,312.768382960177,99.7480189684934,41.2500751649114
2015-12-31 07:00:00,30,172.122927672482,382.879572437582,95.6313820417751,39.6762361749548
2015-12-31 08:00:00,30,200.104037588755,426.39299009006,69.9017252764528,43.555799497032
2015-12-31 09:00:00,30,142.613778336,445.220453189354,106.612436400397,40.0774091147847
2015-12-31 10:00:00,30,158.17069681184,406.252129501157,95.2948414398427,41.0302190179545
2015-12-31 11:00:00,30,150.156271887435,438.117037016171,91.2260367809122,40.0186528856799
2015-12-31 12:00:00,30,174.074638658727,413.661916698136,94.0602644507688,47.480736113574
2015-12-31 13:00:00,30,177.401762344614,487.599953335568,112.387883772858,38.0252892721775
2015-12-31 14:00:00,30,156.596538393958,418.424911198613,115.403338487759,33.3782383646621
2015-12-31 15:00:00,30,204.276904758391,562.379562423179,103.857180662203,33.0919586815756
2015-12-31 16:00:00,30,160.100995352058,511.458702997001,124.040509786762,40.0557471176496
2015-12-31 17:00:00,30,192.754477709029,412.48688954658,91.6420327100198,43.6055136277233
2015-12-31 18:00:00,30,183.344005378721,470.647959110449,94.7964924550757,33.0289698324943
2015-12-31 19:00:00,30,147.35484234495,327.017577468966,92.738070285553,51.6720723706099
2015-12-31 20:00:00,30,185.436256543378,458.874206142083,87.8988137767007,24.8875438890282
2015-12-31 21:00:00,30,179.515270718601,392.194013836189,90.5593320771282,40.1038858143213
2015-12-31 22:00:00,30,153.149694101482,357.415287163033,96.5248233829603,48.9687316276255
2015-12-31 23:00:00,30,182.984262494561,475.975104597568,84.6479273653575,34.2193000567008
2016-01-01 00:00:00,30,165.357188104272,538.288212490834,89.1667657826123,40.8180082255243
2016-01-01 01:00:00,30,154.589709503879,508.469334487971,92.4680702739975,44.9098465725176
2016-01-01 02:00:00,30,154.568342580148,465.668491134863,109.583029184192,35.2931200864268
2016-01-01 03:00:00,30,144.786302005026,504.292806703437,116.832216281658,41.5660588736563
2016-01-01 04:00:00,30,190.663538873313,422.391213768588,103.538346489168,51.3886038649146
2016-01-01 05:00:00,30,174.32464322932,401.300888701242,89.0819283484647,40.4213267832839
2016-01-01 06:00:00,30,183.137755753882,429.051977039449,111.774258700577,41.1185911361882
